id,date,catalogDate,year,x,mission,vehicle,variant,booster,boosterFlight,turnaroundDays,previousDate,pad,launchCode,source
2017-017,2017-03-30T22:27:00Z,2017 Mar 30 2227,2017,2017.243658675799,SES-10,Falcon 9,FT3,B1021,2,356.0719,2016-04-08T20:43:31Z,KSC / LC39A,OS,https://planet4589.org/space/gcat/data/launch/Falcon9.html
2017-038,2017-06-23T19:10:00Z,2017 Jun 23 1910,2017,2017.4761605783865,BulgariaSat-1,Falcon 9,FT3,B1029,2,160.0523,2017-01-14T17:54:39Z,KSC / LC39A,OS,https://planet4589.org/space/gcat/data/launch/Falcon9.html
2017-063,2017-10-11T22:53:00Z,2017 Oct 11 2253,2017,2017.777954718417,SES-11/Echostar-105,Falcon 9,FT3/4,B1031,2,234.3431,2017-02-19T14:39:00Z,KSC / LC39A,OS,https://planet4589.org/space/gcat/data/launch/Falcon9.html
2017-080,2017-12-15T15:36:09Z,2017 Dec 15 1536:09,2017,2017.9552057648402,Dragon C108.2,Falcon 9,FT3/4,B1035,2,194.7698,2017-06-03T21:07:38Z,CC / LC40,OS,https://planet4589.org/space/gcat/data/launch/Falcon9.html
2017-083,2017-12-23T01:27:34Z,2017 Dec 23 0127:34,2017,2017.9755090690005,Iridium Next SV31-40,Falcon 9,FT3/4,B1036,2,180.21,2017-06-25T20:25:14Z,VS / SLC4E,OS,https://planet4589.org/space/gcat/data/launch/Falcon9.html
2018-013,2018-01-31T21:25:00Z,2018 Jan 31 2125,2018,2018.0846366057838,GovSat-1,Falcon 9,FT3/4,B1032,2,275.4236,2017-05-01T11:15:00Z,CC / LC40,OS,https://planet4589.org/space/gcat/data/launch/Falcon9.html
2018-020,2018-02-22T14:17:00Z,2018 Feb 22 1417,2018,2018.1440962709285,Tintin Prototypes,Falcon 9,FT3/4,B1038,2,181.8097,2017-08-24T18:51:00Z,VS / SLC4E,OS,https://planet4589.org/space/gcat/data/launch/Falcon9.html
2018-030,2018-03-30T14:13:51Z,2018 Mar 30 1413:51,2018,2018.242720414764,Iridium Next SV41-50,Falcon 9,FT4,B1041,2,172.0672,2017-10-09T12:37:01Z,VS / SLC4E,OS,https://planet4589.org/space/gcat/data/launch/Falcon9.html
2018-032,2018-04-02T20:30:38Z,2018 Apr  2 2030:38,2018,2018.2516564561136,Dragon C110.2,Falcon 9,FT4,B1039,2,231.166,2017-08-14T16:31:37Z,CC / LC40,OS,https://planet4589.org/space/gcat/data/launch/Falcon9.html
2018-047,2018-05-22T19:47:58Z,2018 May 22 1947:58,2018,2018.388561580416,Iridium-6/GRACE-FO,Falcon 9,FT4,B1043,2,134.7833,2018-01-08T01:00:00Z,VS / SLC4E,OS,https://planet4589.org/space/gcat/data/launch/Falcon9.html
2018-049,2018-06-04T04:45:00Z,2018 Jun  4 0445,2018,2018.422460045662,SES-12,Falcon 9,FT4/5,B1040,2,269.6146,2017-09-07T14:00:00Z,CC / LC40,OS,https://planet4589.org/space/gcat/data/launch/Falcon9.html
2018-055,2018-06-29T09:42:42Z,2018 Jun 29 0942:42,2018,2018.4915195966514,Dragon C111.2,Falcon 9,FT4/5,B1045,2,71.4522,2018-04-18T22:51:30Z,CC / LC40,OS,https://planet4589.org/space/gcat/data/launch/Falcon9.html
2018-064,2018-08-07T05:18:00Z,2018 Aug  7 0518,2018,2018.5978652968035,Telkom 4,Falcon 9,FT5,B1046,2,87.3778,2018-05-11T20:14:00Z,CC / LC40,OS,https://planet4589.org/space/gcat/data/launch/Falcon9.html
2018-076,2018-10-08T02:21:28Z,2018 Oct  8 0221:28,2018,2018.7673924403855,SAOCOM-1A,Falcon 9,FT5,B1048,2,74.6125,2018-07-25T11:39:26Z,VS / SLC4E,OS,https://planet4589.org/space/gcat/data/launch/Falcon9.html
2018-090,2018-11-15T20:46:00Z,2018 Nov 15 2046,2018,2018.873603500761,Es'hail 2,Falcon 9,FT5,B1047,2,116.6222,2018-07-22T05:50:00Z,KSC / LC39A,OS,https://planet4589.org/space/gcat/data/launch/Falcon9.html
2018-099,2018-12-03T18:34:05Z,2018 Dec  3 1834:05,2018,2018.9226675862506,SSO-A,Falcon 9,FT5,B1046,3,118.5528,2018-08-07T05:18:00Z,VS / SLC4E,OS,https://planet4589.org/space/gcat/data/launch/Falcon9.html
2019-002,2019-01-11T15:31:33Z,2019 Jan 11 1531:33,2019,2019.0291696156773,Iridium-8,Falcon 9,FT5,B1049,2,123.449,2018-09-10T04:45:00Z,VS / SLC4E,OS,https://planet4589.org/space/gcat/data/launch/Falcon9.html
2019-009,2019-02-22T01:45:00Z,2019 Feb 22 0145,2019,2019.1426655251141,PSN 6/Beresheet,Falcon 9,FT5,B1048,3,136.9747,2018-10-08T02:21:28Z,CC / LC40,DS,https://planet4589.org/space/gcat/data/launch/Falcon9.html
2019-029,2019-05-24T02:30:00Z,2019 May 24 0230,2019,2019.3920662100456,Starlink V0.9,Falcon 9,FT5,B1049,3,132.4573,2019-01-11T15:31:33Z,CC / LC40,OS,https://planet4589.org/space/gcat/data/launch/Falcon9.html
2019-033,2019-06-12T14:17:00Z,2019 Jun 12 1417,2019,2019.445466133942,Radarsat Const. Mission,Falcon 9,FT5,B1051,2,102.2694,2019-03-02T07:49:00Z,VS / SLC4E,OS,https://planet4589.org/space/gcat/data/launch/Falcon9.html
2019-044,2019-07-25T22:01:56Z,2019 Jul 25 2201:56,2019,2019.5641589294773,Dragon C108.3,Falcon 9,FT5,B1056,2,82.634,2019-05-04T06:48:58Z,CC / LC40,OS,https://planet4589.org/space/gcat/data/launch/Falcon9.html
2019-050,2019-08-06T23:23:00Z,2019 Aug  6 2323:00,2019,2019.5971898782343,AMOS 17,Falcon 9,FT5,B1047,3,264.109,2018-11-15T20:46:00Z,CC / LC40,OS,https://planet4589.org/space/gcat/data/launch/Falcon9.html
2019-074,2019-11-11T14:56:00Z,2019 Nov 11 1456,2019,2019.8619786910199,Starlink V1.0-L1,Falcon 9,FT5,B1048,4,262.5493,2019-02-22T01:45:00Z,CC / LC40,OS,https://planet4589.org/space/gcat/data/launch/Falcon9.html
2019-091,2019-12-17T00:10:00Z,2019 Dec 17 0010,2019,2019.9589231354641,JCSAT-18-Kacific-1,Falcon 9,FT5,B1056,3,144.0889,2019-07-25T22:01:56Z,CC / LC40,OS,https://planet4589.org/space/gcat/data/launch/Falcon9.html
2020-001,2020-01-07T02:19:21Z,2020 Jan  7 0219:21,2020,2020.016657843807,Starlink V1.0-L2,Falcon 9,FT5,B1049,4,227.9926,2019-05-24T02:30:00Z,CC / LC40,OS,https://planet4589.org/space/gcat/data/launch/Falcon9.html
2020-A04,2020-01-19T15:30:00Z,2020 Jan 19 1530:00,2020,2020.0509448998178,Dragon C205,Falcon 9,FT5,B1046,4,411.8722,2018-12-03T18:34:05Z,KSC / LC39A,AS,https://planet4589.org/space/gcat/data/launch/Falcon9.html
2020-006,2020-01-29T14:06:00Z,2020 Jan 29 1406,2020,2020.0781079234973,Starlink V1.0-L3,Falcon 9,FT5,B1051,3,230.9924,2019-06-12T14:17:00Z,CC / LC40,OS,https://planet4589.org/space/gcat/data/launch/Falcon9.html
2020-012,2020-02-17T15:05:55Z,2020 Feb 17 1505:55,2020,2020.130134177039,Starlink V1.0-L4,Falcon 9,FT5,B1056,4,62.6222,2019-12-17T00:10:00Z,CC / LC40,OS,https://planet4589.org/space/gcat/data/launch/Falcon9.html
2020-016,2020-03-07T04:50:31Z,2020 Mar  7 0450:31,2020,2020.180879092036,Dragon C112.3,Falcon 9,FT5,B1059,2,92.473,2019-12-05T17:29:24Z,CC / LC40,OS,https://planet4589.org/space/gcat/data/launch/Falcon9.html
2020-019,2020-03-18T12:16:39Z,2020 Mar 18 1216:39,2020,2020.21178022541,Starlink V1.0-L5,Falcon 9,FT5,B1048,5,127.8893,2019-11-11T14:56:00Z,KSC / LC39A,OS,https://planet4589.org/space/gcat/data/launch/Falcon9.html
2020-025,2020-04-22T19:30:00Z,2020 Apr 22 1930,2020,2020.308230874317,Starlink V1.0-L6,Falcon 9,FT5,B1051,4,84.225,2020-01-29T14:06:00Z,KSC / LC39A,OS,https://planet4589.org/space/gcat/data/launch/Falcon9.html
2020-035,2020-06-04T01:25:33Z,2020 Jun  4 0125:33,2020,2020.423659589405,Starlink V1.0-L7,Falcon 9,FT5,B1049,5,148.9626,2020-01-07T02:19:21Z,CC / LC40,OS,https://planet4589.org/space/gcat/data/launch/Falcon9.html
2020-038,2020-06-13T09:21:18Z,2020 Jun 13 0921:18,2020,2020.4491524362477,Starlink V1.0-L8/SkySat,Falcon 9,FT5,B1059,3,98.188,2020-03-07T04:50:31Z,CC / LC40,OS,https://planet4589.org/space/gcat/data/launch/Falcon9.html
2020-048,2020-07-20T21:30:00Z,2020 Jul 20 2130,2020,2020.5516279599271,ANASIS-2,Falcon 9,FT5,B1058,2,51.0884,2020-05-30T19:22:45Z,CC / LC40,OS,https://planet4589.org/space/gcat/data/launch/Falcon9.html
2020-055,2020-08-07T05:12:05Z,2020 Aug  7 0512:05,2020,2020.5989527992815,Starlink V1.0-L9/BSky,Falcon 9,FT5,B1051,5,106.4042,2020-04-22T19:30:00Z,KSC / LC39A,OS,https://planet4589.org/space/gcat/data/launch/Falcon9.html
2020-057,2020-08-18T14:31:00Z,2020 Aug 18 1431:00,2020,2020.630067926533,Starlink V1.0-L10/SkySat,Falcon 9,FT5,B1049,6,75.5455,2020-06-04T01:25:33Z,CC / LC40,OS,https://planet4589.org/space/gcat/data/launch/Falcon9.html
2020-059,2020-08-30T23:18:00Z,2020 Aug 30 2318:00,2020,2020.6638547358834,SAOCOM-1B,Falcon 9,FT5,B1059,4,78.581,2020-06-13T09:21:18Z,CC / LC40,OS,https://planet4589.org/space/gcat/data/launch/Falcon9.html
2020-062,2020-09-03T12:46:14Z,2020 Sep  3 1246:14,2020,2020.6735849903866,Starlink V1.0-L11,Falcon 9,FT5,B1060,2,64.6913,2020-06-30T20:10:46Z,KSC / LC39A,OS,https://planet4589.org/space/gcat/data/launch/Falcon9.html
2020-070,2020-10-06T11:29:34Z,2020 Oct  6 1129:34,2020,2020.7636034583081,Starlink V1.0-L12,Falcon 9,FT5,B1058,3,77.583,2020-07-20T21:30:00Z,KSC / LC39A,OS,https://planet4589.org/space/gcat/data/launch/Falcon9.html
2020-073,2020-10-18T12:25:57Z,2020 Oct 18 1225:57,2020,2020.7964973246812,Starlink V1.0-L13,Falcon 9,FT5,B1051,6,72.3013,2020-08-07T05:12:05Z,KSC / LC39A,OS,https://planet4589.org/space/gcat/data/launch/Falcon9.html
2020-074,2020-10-24T15:31:34Z,2020 Oct 24 1531:34,2020,2020.8132429543614,Starlink V1.0-L14,Falcon 9,FT5,B1060,3,51.1148,2020-09-03T12:46:14Z,CC / LC40,OS,https://planet4589.org/space/gcat/data/launch/Falcon9.html
2020-088,2020-11-25T02:13:12Z,2020 Nov 25 0213:12,2020,2020.8991598360656,Starlink V1.0-L15,Falcon 9,FT5,B1049,7,98.4876,2020-08-18T14:31:00Z,CC / LC40,OS,https://planet4589.org/space/gcat/data/launch/Falcon9.html
2020-093,2020-12-06T16:17:08Z,2020 Dec  6 1617:08,2020,2020.9308157508601,Dragon C208,Falcon 9,FT5,B1058,4,61.1997,2020-10-06T11:29:34Z,KSC / LC39A,OS,https://planet4589.org/space/gcat/data/launch/Falcon9.html
2020-096,2020-12-13T17:30:00Z,2020 Dec 13 1730,2020,2020.950079690346,SXM-7,Falcon 9,FT5,B1051,7,56.2111,2020-10-18T12:25:57Z,CC / LC40,OS,https://planet4589.org/space/gcat/data/launch/Falcon9.html
2020-101,2020-12-19T14:00:00Z,2020 Dec 19 1400,2020,2020.9660746812385,NROL-108,Falcon 9,FT5,B1059,5,110.6125,2020-08-30T23:18:00Z,KSC / LC39A,OS,https://planet4589.org/space/gcat/data/launch/Falcon9.html
2021-001,2021-01-08T02:15:00Z,2021 Jan  8 0215,2021,2021.0194349315068,Turksat 5A,Falcon 9,FT5,B1060,4,75.4468,2020-10-24T15:31:34Z,CC / LC40,OS,https://planet4589.org/space/gcat/data/launch/Falcon9.html
2021-005,2021-01-20T13:02:00Z,2021 Jan 20 1302,2021,2021.0535426179604,Starlink V1.0-L16,Falcon 9,FT5,B1051,8,37.8139,2020-12-13T17:30:00Z,KSC / LC39A,OS,https://planet4589.org/space/gcat/data/launch/Falcon9.html
2021-006,2021-01-24T15:00:00Z,2021 Jan 24 1500,2021,2021.0647260273972,Transporter-1,Falcon 9,FT5,B1058,5,48.9464,2020-12-06T16:17:08Z,CC / LC40,OS,https://planet4589.org/space/gcat/data/launch/Falcon9.html
2021-009,2021-02-04T06:19:00Z,2021 Feb  4 0619,2021,2021.0938717656013,Starlink V1.0-L18,Falcon 9,FT5,B1060,5,27.1694,2021-01-08T02:15:00Z,CC / LC40,OS,https://planet4589.org/space/gcat/data/launch/Falcon9.html
2021-012,2021-02-16T03:59:37Z,2021 Feb 16 0359:37,2021,2021.1264832889397,Starlink V1.0-L19,Falcon 9,FT5,B1059,6,58.5831,2020-12-19T14:00:00Z,CC / LC40,OS,https://planet4589.org/space/gcat/data/launch/Falcon9.html
2021-017,2021-03-04T08:24:54Z,2021 Mar  4 0824:54,2021,2021.170823630137,Starlink V1.0-L17,Falcon 9,FT5,B1049,8,99.2581,2020-11-25T02:13:12Z,KSC / LC39A,OS,https://planet4589.org/space/gcat/data/launch/Falcon9.html
2021-018,2021-03-11T08:13:29Z,2021 Mar 11 0813:29,2021,2021.1899799911212,Starlink V1.0-L20,Falcon 9,FT5,B1058,6,45.7177,2021-01-24T15:00:00Z,CC / LC40,OS,https://planet4589.org/space/gcat/data/launch/Falcon9.html
2021-021,2021-03-14T10:01:26Z,2021 Mar 14 1001:26,2021,2021.1984045535262,Starlink V1.0-L21,Falcon 9,FT5,B1051,9,52.8746,2021-01-20T13:02:00Z,KSC / LC39A,OS,https://planet4589.org/space/gcat/data/launch/Falcon9.html
2021-024,2021-03-24T08:28:00Z,2021 Mar 24 0828,2021,2021.2256240487063,Starlink V1.0-L22,Falcon 9,FT5,B1060,6,48.0896,2021-02-04T06:19:00Z,CC / LC40,OS,https://planet4589.org/space/gcat/data/launch/Falcon9.html
2021-027,2021-04-07T16:34:00Z,2021 Apr  7 1634,2021,2021.2649048706242,Starlink V1.0-L23,Falcon 9,FT5,B1058,7,27.3476,2021-03-11T08:13:29Z,CC / LC40,OS,https://planet4589.org/space/gcat/data/launch/Falcon9.html
2021-030,2021-04-23T09:49:02Z,2021 Apr 23 0949:02,2021,2021.3079700025369,Dragon C206.2,Falcon 9,FT5,B1061,2,158.3901,2020-11-16T00:27:17Z,KSC / LC39A,OS,https://planet4589.org/space/gcat/data/launch/Falcon9.html
2021-036,2021-04-29T03:44:30Z,2021 Apr 29 0344:30,2021,2021.323714802131,Starlink V1.0-L24,Falcon 9,FT5,B1060,7,35.8031,2021-03-24T08:28:00Z,CC / LC40,OS,https://planet4589.org/space/gcat/data/launch/Falcon9.html
2021-038,2021-05-04T19:01:00Z,2021 May  4 1901,2021,2021.339157153729,Starlink V1.0-L25,Falcon 9,FT5,B1049,9,61.4417,2021-03-04T08:24:54Z,KSC / LC39A,OS,https://planet4589.org/space/gcat/data/launch/Falcon9.html
2021-040,2021-05-09T06:42:00Z,2021 May  9 0642,2021,2021.3514497716894,Starlink V1.0-L27,Falcon 9,FT5,B1051,10,55.8615,2021-03-14T10:01:26Z,CC / LC40,OS,https://planet4589.org/space/gcat/data/launch/Falcon9.html
2021-041,2021-05-15T22:56:00Z,2021 May 15 2256,2021,2021.3697412480974,Starlink V1.0-L26,Falcon 9,FT5,B1058,8,38.2653,2021-04-07T16:34:00Z,KSC / LC39A,OS,https://planet4589.org/space/gcat/data/launch/Falcon9.html
2021-044,2021-05-26T18:59:00Z,2021 May 26 1859,2021,2021.3994273211567,Starlink V1.0-L28,Falcon 9,FT5,B1063,2,186.0707,2020-11-21T17:17:08Z,CC / LC40,OS,https://planet4589.org/space/gcat/data/launch/Falcon9.html
2021-049,2021-06-06T04:26:00Z,2021 Jun  6 0426,2021,2021.427903348554,SXM-8,Falcon 9,FT5,B1061,3,43.7757,2021-04-23T09:49:02Z,CC / LC40,OS,https://planet4589.org/space/gcat/data/launch/Falcon9.html
2021-054,2021-06-17T16:09:35Z,2021 Jun 17 1609:35,2021,2021.459378963724,GPS III SV05,Falcon 9,FT5,B1062,2,223.6981,2020-11-05T23:24:23Z,CC / LC40,OS,https://planet4589.org/space/gcat/data/launch/Falcon9.html
2021-059,2021-06-30T19:31:00Z,2021 Jun 30 1931,2021,2021.4953786149163,Transporter-2,Falcon 9,FT5,B1060,8,62.6573,2021-04-29T03:44:30Z,CC / LC40,OS,https://planet4589.org/space/gcat/data/launch/Falcon9.html
2021-078,2021-08-29T07:14:48Z,2021 Aug 29 0714:48,2021,2021.6583614916285,Dragon C208.2,Falcon 9,FT5,B1061,4,84.1172,2021-06-06T04:26:00Z,KSC / LC39A,OS,https://planet4589.org/space/gcat/data/launch/Falcon9.html
2021-082,2021-09-14T03:55:50Z,2021 Sep 14 0355:50,2021,2021.7018185565703,Starlink Group 2-1,Falcon 9,FT5,B1049,10,132.3714,2021-05-04T19:01:00Z,VSFBS / SLC4E,OS,https://planet4589.org/space/gcat/data/launch/Falcon9.html
2021-084,2021-09-16T00:02:56Z,2021 Sep 16 0002:56,2021,2021.706854895992,Dragon C207.2,Falcon 9,FT5,B1062,3,90.3287,2021-06-17T16:09:35Z,KSC / LC39A,OS,https://planet4589.org/space/gcat/data/launch/Falcon9.html
2021-103,2021-11-11T02:03:31Z,2021 Nov 11 0203:31,2021,2021.8605089738712,Dragon C210,Falcon 9,FT5,B1067,2,160.3571,2021-06-03T17:29:15Z,KSC / LC39A,OS,https://planet4589.org/space/gcat/data/launch/Falcon9.html
2021-104,2021-11-13T12:18:56Z,2021 Nov 13 1218:56,2021,2021.867159309995,Starlink Group 4-1,Falcon 9,FT5,B1058,9,181.5576,2021-05-15T22:56:00Z,CC / LC40,OS,https://planet4589.org/space/gcat/data/launch/Falcon9.html
2021-110,2021-11-24T06:21:02Z,2021 Nov 24 0621:02,2021,2021.8966153602232,DART,Falcon 9,FT5,B1063,3,181.4736,2021-05-26T18:59:00Z,VSFBS / SLC4E,DS,https://planet4589.org/space/gcat/data/launch/Falcon9.html
2021-115,2021-12-02T23:12:00Z,2021 Dec  2 2312,2021,2021.9204566210046,Starlink Group 4-3,Falcon 9,FT5,B1060,9,155.1535,2021-06-30T19:31:00Z,CC / LC40,OS,https://planet4589.org/space/gcat/data/launch/Falcon9.html
2021-121,2021-12-09T06:00:00Z,2021 Dec  9 0600,2021,2021.9376712328767,IXPE,Falcon 9,FT5,B1061,5,101.9481,2021-08-29T07:14:48Z,KSC / LC39A,OS,https://planet4589.org/space/gcat/data/launch/Falcon9.html
2021-125,2021-12-18T12:41:40Z,2021 Dec 18 1241:40,2021,2021.9630929731102,Starlink Group 4-4,Falcon 9,FT5,B1051,11,223.2498,2021-05-09T06:42:00Z,VSFBS / SLC4E,OS,https://planet4589.org/space/gcat/data/launch/Falcon9.html
2021-126,2021-12-19T03:58:39Z,2021 Dec 19 0358:39,2021,2021.9648376141552,Turksat 5B,Falcon 9,FT5,B1067,3,38.08,2021-11-11T02:03:31Z,CC / LC40,OS,https://planet4589.org/space/gcat/data/launch/Falcon9.html
2022-001,2022-01-06T21:49:00Z,2022 Jan  6 2149,2022,2022.0161891171995,Starlink Group 4-5,Falcon 9,FT5,B1062,4,112.907,2021-09-16T00:02:56Z,KSC / LC39A,OS,https://planet4589.org/space/gcat/data/launch/Falcon9.html
2022-002,2022-01-13T15:25:00Z,2022 Jan 13 1525,2022,2022.0346366057838,Transporter-3,Falcon 9,FT5,B1058,10,61.1292,2021-11-13T12:18:56Z,CC / LC40,OS,https://planet4589.org/space/gcat/data/launch/Falcon9.html
2022-005,2022-01-19T02:02:40Z,2022 Jan 19 0202:40,2022,2022.0495484525622,Starlink Group 4-6,Falcon 9,FT5,B1060,10,47.1185,2021-12-02T23:12:00Z,KSC / LC39A,OS,https://planet4589.org/space/gcat/data/launch/Falcon9.html
2022-010,2022-02-03T18:13:20Z,2022 Feb  3 1813:20,2022,2022.0924911212583,Starlink Group 4-7,Falcon 9,FT5,B1061,6,56.5093,2021-12-09T06:00:00Z,KSC / LC39A,OS,https://planet4589.org/space/gcat/data/launch/Falcon9.html
2022-016,2022-02-21T14:44:20Z,2022 Feb 21 1444:20,2022,2022.1414085489598,Starlink Group 4-8,Falcon 9,FT5,B1058,11,38.9718,2022-01-13T15:25:00Z,CC / LC40,OS,https://planet4589.org/space/gcat/data/launch/Falcon9.html
2022-017,2022-02-25T17:12:10Z,2022 Feb 25 1712:10,2022,2022.1526487189244,Starlink Group 4-11,Falcon 9,FT5,B1063,4,93.4522,2021-11-24T06:21:02Z,VSFBS / SLC4E,OS,https://planet4589.org/space/gcat/data/launch/Falcon9.html
2022-022,2022-03-03T14:25:00Z,2022 Mar  3 1425:00,2022,2022.1687690258752,Starlink Group 4-9,Falcon 9,FT5,B1060,11,43.5155,2022-01-19T02:02:40Z,KSC / LC39A,OS,https://planet4589.org/space/gcat/data/launch/Falcon9.html
2022-025,2022-03-09T13:45:00Z,2022 Mar  9 1345:00,2022,2022.1851312785388,Starlink Group 4-10,Falcon 9,FT5,B1052,4,36.6069,2022-01-31T23:11:00Z,CC / LC40,OS,https://planet4589.org/space/gcat/data/launch/Falcon9.html
2022-029,2022-03-19T04:42:30Z,2022 Mar 19 0442:30,2022,2022.2114963850838,Starlink Group 4-12,Falcon 9,FT5,B1051,12,90.6672,2021-12-18T12:41:40Z,CC / LC40,OS,https://planet4589.org/space/gcat/data/launch/Falcon9.html
2022-033,2022-04-01T16:24:16Z,2022 Apr  1 1624:16,2022,2022.2484479959412,Transporter-4,Falcon 9,FT5,B1061,7,56.9243,2022-02-03T18:13:20Z,CC / LC40,OS,https://planet4589.org/space/gcat/data/launch/Falcon9.html
2022-037,2022-04-08T15:17:11Z,2022 Apr  8 1517:11,2022,2022.26749844622,Dragon C206.3,Falcon 9,FT5,B1062,5,91.7279,2022-01-06T21:49:00Z,KSC / LC39A,OS,https://planet4589.org/space/gcat/data/launch/Falcon9.html
2022-040,2022-04-17T13:13:00Z,2022 Apr 17 1313,2022,2022.2919197108067,INTRUDER,Falcon 9,FT5,B1071,2,73.6983,2022-02-02T20:27:26Z,VSFBS / SLC4E,OS,https://planet4589.org/space/gcat/data/launch/Falcon9.html
2022-041,2022-04-21T17:51:40Z,2022 Apr 21 1751:40,2022,2022.3034088026382,Starlink Group 4-14,Falcon 9,FT5,B1060,12,49.1435,2022-03-03T14:25:00Z,CC / LC40,OS,https://planet4589.org/space/gcat/data/launch/Falcon9.html
2022-042,2022-04-27T07:52:55Z,2022 Apr 27 0752:55,2022,2022.3187079845256,Dragon C212,Falcon 9,FT5,B1067,4,129.1627,2021-12-19T03:58:39Z,KSC / LC39A,OS,https://planet4589.org/space/gcat/data/launch/Falcon9.html
2022-045,2022-04-29T21:27:10Z,2022 Apr 29 2127:10,2022,2022.3257366184678,Starlink Group 4-16,Falcon 9,FT5,B1062,6,21.2569,2022-04-08T15:17:11Z,CC / LC40,OS,https://planet4589.org/space/gcat/data/launch/Falcon9.html
2022-049,2022-05-06T09:42:00Z,2022 May  6 0942:00,2022,2022.3435730593608,Starlink Group 4-17,Falcon 9,FT5,B1058,12,73.79,2022-02-21T14:44:20Z,KSC / LC39A,OS,https://planet4589.org/space/gcat/data/launch/Falcon9.html
2022-051,2022-05-13T22:07:50Z,2022 May 13 2207:50,2022,2022.3641701547438,Starlink Group 4-13,Falcon 9,FT5,B1063,5,77.2053,2022-02-25T17:12:10Z,VSFBS / SLC4E,OS,https://planet4589.org/space/gcat/data/launch/Falcon9.html
2022-053,2022-05-18T10:59:40Z,2022 May 18 1059:40,2022,2022.37659753932,Starlink Group 4-18,Falcon 9,FT5,B1052,5,69.8852,2022-03-09T13:45:00Z,KSC / LC39A,OS,https://planet4589.org/space/gcat/data/launch/Falcon9.html
2022-057,2022-05-25T18:35:00Z,2022 May 25 1835:00,2022,2022.3966419330288,Transporter-5,Falcon 9,FT5,B1061,8,54.0908,2022-04-01T16:24:16Z,CC / LC40,OS,https://planet4589.org/space/gcat/data/launch/Falcon9.html
2022-061,2022-06-08T21:04:00Z,2022 Jun  8 2104,2022,2022.4352815829527,Nilesat 301,Falcon 9,FT5,B1062,7,39.9839,2022-04-29T21:27:10Z,CC / LC40,OS,https://planet4589.org/space/gcat/data/launch/Falcon9.html
2022-062,2022-06-17T16:08:50Z,2022 Jun 17 1608:50,2022,2022.4593775367834,Starlink Group 4-19,Falcon 9,FT5,B1060,13,56.9286,2022-04-21T17:51:40Z,KSC / LC39A,OS,https://planet4589.org/space/gcat/data/launch/Falcon9.html
2022-063,2022-06-18T14:19:52Z,2022 Jun 18 1419:52,2022,2022.4619099441907,SARah-1,Falcon 9,FT5,B1071,3,62.0464,2022-04-17T13:13:00Z,VSFBS / SLC4E,OS,https://planet4589.org/space/gcat/data/launch/Falcon9.html
2022-064,2022-06-19T04:27:36Z,2022 Jun 19 0427:36,2022,2022.4635228310503,Globalstar FM15,Falcon 9,FT5,B1061,9,24.4115,2022-05-25T18:35:00Z,CC / LC40,OS,https://planet4589.org/space/gcat/data/launch/Falcon9.html
2022-071,2022-06-29T21:04:00Z,2022 Jun 29 2104,2022,2022.4928158295281,SES-22,Falcon 9,FT5,B1073,2,46.0161,2022-05-14T20:40:50Z,CC / LC40,OS,https://planet4589.org/space/gcat/data/launch/Falcon9.html
2022-076,2022-07-07T13:11:00Z,2022 Jul  7 1311:00,2022,2022.5138337138508,Starlink Group 4-21,Falcon 9,FT5,B1058,13,62.1451,2022-05-06T09:42:00Z,CC / LC40,OS,https://planet4589.org/space/gcat/data/launch/Falcon9.html
2022-077,2022-07-11T01:39:40Z,2022 Jul 11 0139:40,2022,2022.523477295789,Starlink Group 3-1,Falcon 9,FT5,B1063,6,58.1471,2022-05-13T22:07:50Z,VSFBS / SLC4E,OS,https://planet4589.org/space/gcat/data/launch/Falcon9.html
2022-081,2022-07-15T00:44:22Z,2022 Jul 15 0044:22,2022,2022.5343309868088,Dragon C208.3,Falcon 9,FT5,B1067,5,78.7024,2022-04-27T07:52:55Z,KSC / LC39A,OS,https://planet4589.org/space/gcat/data/launch/Falcon9.html
2022-083,2022-07-17T14:20:00Z,2022 Jul 17 1420:00,2022,2022.5413622526637,Starlink Group 4-22,Falcon 9,FT5,B1051,13,120.401,2022-03-19T04:42:30Z,CC / LC40,OS,https://planet4589.org/space/gcat/data/launch/Falcon9.html
2022-084,2022-07-22T17:39:40Z,2022 Jul 22 1739:40,2022,2022.5554407661086,Starlink Group 3-2,Falcon 9,FT5,B1071,4,34.1388,2022-06-18T14:19:52Z,VSFBS / SLC4E,OS,https://planet4589.org/space/gcat/data/launch/Falcon9.html
2022-086,2022-07-24T13:38:20Z,2022 Jul 24 1338:20,2022,2022.5604610603755,Starlink Group 4-25,Falcon 9,FT5,B1062,8,45.6905,2022-06-08T21:04:00Z,KSC / LC39A,OS,https://planet4589.org/space/gcat/data/launch/Falcon9.html
2022-094,2022-08-04T23:08:48Z,2022 Aug  4 2308:48,2022,2022.5916834094369,KPLO,Falcon 9,FT5,B1052,6,78.5063,2022-05-18T10:59:40Z,CC / LC40,DS,https://planet4589.org/space/gcat/data/launch/Falcon9.html
2022-097,2022-08-10T02:14:40Z,2022 Aug 10 0214:40,2022,2022.605735667174,Starlink Group 4-26,Falcon 9,FT5,B1073,3,41.2157,2022-06-29T21:04:00Z,KSC / LC39A,OS,https://planet4589.org/space/gcat/data/launch/Falcon9.html
2022-099,2022-08-12T21:40:20Z,2022 Aug 12 2140:20,2022,2022.6134329020801,Starlink Group 3-3,Falcon 9,FT5,B1061,10,54.7172,2022-06-19T04:27:36Z,VSFBS / SLC4E,OS,https://planet4589.org/space/gcat/data/launch/Falcon9.html
2022-101,2022-08-19T19:21:20Z,2022 Aug 19 1921:20,2022,2022.6323465246069,Starlink Group 4-27,Falcon 9,FT5,B1062,9,26.2382,2022-07-24T13:38:20Z,CC / LC40,OS,https://planet4589.org/space/gcat/data/launch/Falcon9.html
2022-104,2022-08-28T03:41:20Z,2022 Aug 28 0341:20,2022,2022.6552156265855,Starlink Group 4-23,Falcon 9,FT5,B1069,2,249.7321,2021-12-21T10:07:08Z,CC / LC40,OS,https://planet4589.org/space/gcat/data/launch/Falcon9.html
2022-105,2022-08-31T05:40:10Z,2022 Aug 31 0540:10,2022,2022.6636608954846,Starlink Group 3-4,Falcon 9,FT5,B1063,7,51.167,2022-07-11T01:39:40Z,VSFBS / SLC4E,OS,https://planet4589.org/space/gcat/data/launch/Falcon9.html
2022-107,2022-09-05T02:09:40Z,2022 Sep  5 0209:40,2022,2022.6769590309489,Starlink Group 4-20/SLTC,Falcon 9,FT5,B1052,7,31.1256,2022-08-04T23:08:48Z,CC / LC40,OS,https://planet4589.org/space/gcat/data/launch/Falcon9.html
2022-111,2022-09-11T01:20:00Z,2022 Sep 11 0120:00,2022,2022.693302891933,Starlink Group 4-2/BW3,Falcon 9,FT5,B1058,14,65.5062,2022-07-07T13:11:00Z,KSC / LC39A,OS,https://planet4589.org/space/gcat/data/launch/Falcon9.html
2022-114,2022-09-19T00:18:40Z,2022 Sep 19 0018:40,2022,2022.7151040081178,Starlink Group 4-34,Falcon 9,FT5,B1067,6,65.9822,2022-07-15T00:44:22Z,CC / LC40,OS,https://planet4589.org/space/gcat/data/launch/Falcon9.html
2022-119,2022-09-24T23:32:10Z,2022 Sep 24 2332:10,2022,2022.7314538939625,Starlink Group 4-35,Falcon 9,FT5,B1073,4,45.8872,2022-08-10T02:14:40Z,CC / LC40,OS,https://planet4589.org/space/gcat/data/launch/Falcon9.html
2022-125,2022-10-05T23:10:30Z,2022 Oct  5 2310:30,2022,2022.7615496575343,Starlink Group 4-29,Falcon 9,FT5,B1071,5,75.2297,2022-07-22T17:39:40Z,VSFBS / SLC4E,OS,https://planet4589.org/space/gcat/data/launch/Falcon9.html
2022-128,2022-10-08T23:05:00Z,2022 Oct  8 2305,2022,2022.769758371385,Galaxy 33/34,Falcon 9,FT5,B1060,14,113.289,2022-06-17T16:08:50Z,CC / LC40,OS,https://planet4589.org/space/gcat/data/launch/Falcon9.html
2022-134,2022-10-15T05:22:00Z,2022 Oct 15 0522,2022,2022.786914003044,Hot Bird 13F,Falcon 9,FT5,B1069,3,48.0699,2022-08-28T03:41:20Z,CC / LC40,OS,https://planet4589.org/space/gcat/data/launch/Falcon9.html
2022-136,2022-10-20T14:50:40Z,2022 Oct 20 1450:40,2022,2022.8016945712836,Starlink Group 4-36,Falcon 9,FT5,B1062,10,61.812,2022-08-19T19:21:20Z,CC / LC40,OS,https://planet4589.org/space/gcat/data/launch/Falcon9.html
2022-141,2022-10-28T01:14:10Z,2022 Oct 28 0114:10,2022,2022.8220589167936,Starlink Group 4-31,Falcon 9,FT5,B1063,8,57.8153,2022-08-31T05:40:10Z,VSFBS / SLC4E,OS,https://planet4589.org/space/gcat/data/launch/Falcon9.html
2022-146,2022-11-03T05:22:00Z,2022 Nov  3 0522,2022,2022.8389687975646,Hot Bird 13G,Falcon 9,FT5,B1067,7,45.2106,2022-09-19T00:18:40Z,CC / LC40,OS,https://planet4589.org/space/gcat/data/launch/Falcon9.html
2022-153,2022-11-12T16:06:00Z,2022 Nov 12 1606,2022,2022.8648515981736,Galaxy 31/32,Falcon 9,FT5,B1051,14,118.0736,2022-07-17T14:20:00Z,CC / LC40,OS,https://planet4589.org/space/gcat/data/launch/Falcon9.html
2022-157,2022-11-23T02:57:00Z,2022 Nov 23 0257,2022,2022.8934874429224,Eutelsat 10B,Falcon 9,FT5,B1049,11,434.9591,2021-09-14T03:55:50Z,CC / LC40,OS,https://planet4589.org/space/gcat/data/launch/Falcon9.html
2022-166,2022-12-08T22:27:48Z,2022 Dec  8 2227:48,2022,2022.9368108828005,OneWeb L15,Falcon 9,FT5,B1069,4,54.7124,2022-10-15T05:22:00Z,KSC / LC39A,OS,https://planet4589.org/space/gcat/data/launch/Falcon9.html
2022-168,2022-12-11T07:38:13Z,2022 Dec 11 0738:13,2022,2022.9433375507356,Hakuto-R M1,Falcon 9,FT5,B1073,5,77.3375,2022-09-24T23:32:10Z,CC / LC40,DS,https://planet4589.org/space/gcat/data/launch/Falcon9.html
2022-173,2022-12-16T11:46:47Z,2022 Dec 16 1146:47,2022,2022.9575091007102,SWOT,Falcon 9,FT5,B1071,6,71.5252,2022-10-05T23:10:30Z,VSFBS / SLC4E,OS,https://planet4589.org/space/gcat/data/launch/Falcon9.html
2022-174,2022-12-16T22:48:00Z,2022 Dec 16 2248:00?,2022,2022.9587671232878,O3b mPOWER 1/2,Falcon 9,FT5,B1067,8,43.7264,2022-11-03T05:22:00Z,CC / LC40,OS,https://planet4589.org/space/gcat/data/launch/Falcon9.html
2022-175,2022-12-17T21:32:30Z,2022 Dec 17 2132:30,2022,2022.9613632039575,Starlink Group 4-37,Falcon 9,FT5,B1058,15,97.842,2022-09-11T01:20:00Z,KSC / LC39A,OS,https://planet4589.org/space/gcat/data/launch/Falcon9.html
2022-177,2022-12-28T09:34:00Z,2022 Dec 28 0934:00,2022,2022.9901331811263,Starlink Group 5-1,Falcon 9,FT5,B1062,11,68.7801,2022-10-20T14:50:40Z,CC / LC40,OS,https://planet4589.org/space/gcat/data/launch/Falcon9.html
2022-179,2022-12-30T07:38:00Z,2022 Dec 30 0738,2022,2022.995391933029,EROS C3,Falcon 9,FT5,B1061,11,139.415,2022-08-12T21:40:20Z,VSFBS / SLC4E,OS,https://planet4589.org/space/gcat/data/launch/Falcon9.html
2023-001,2023-01-03T14:55:56Z,2023 Jan  3 1455:56,2023,2023.0071840436326,Transporter-6,Falcon 9,FT5,B1060,15,86.6604,2022-10-08T23:05:00Z,CC / LC40,OS,https://planet4589.org/space/gcat/data/launch/Falcon9.html
2023-004,2023-01-10T04:50:17Z,2023 Jan 10 0450:17,2023,2023.0252098236936,OneWeb L16,Falcon 9,FT5,B1076,2,44.3955,2022-11-26T19:20:43Z,CC / LC40,OS,https://planet4589.org/space/gcat/data/launch/Falcon9.html
2023-009,2023-01-18T12:24:00Z,2023 Jan 18 1224,2023,2023.04799086758,GPS III SV06,Falcon 9,FT5,B1077,2,104.8493,2022-10-05T16:00:57Z,CC / LC40,OS,https://planet4589.org/space/gcat/data/launch/Falcon9.html
2023-013,2023-01-26T09:32:20Z,2023 Jan 26 0932:20,2023,2023.0695820649416,Starlink Group 5-2,Falcon 9,FT5,B1067,9,40.4475,2022-12-16T22:48:00Z,CC / LC40,OS,https://planet4589.org/space/gcat/data/launch/Falcon9.html
2023-014,2023-01-31T16:15:00Z,2023 Jan 31 1615:00,2023,2023.0840468036529,Starlink Group 2-6,Falcon 9,FT5,B1071,7,46.1863,2022-12-16T11:46:47Z,VSFBS / SLC4E,OS,https://planet4589.org/space/gcat/data/launch/Falcon9.html
2023-015,2023-02-02T07:58:20Z,2023 Feb  2 0758:20,2023,2023.0885813039067,Starlink Group 5-3,Falcon 9,FT5,B1069,5,55.3962,2022-12-08T22:27:48Z,KSC / LC39A,OS,https://planet4589.org/space/gcat/data/launch/Falcon9.html
2023-017,2023-02-07T01:32:00Z,2023 Feb  7 0132,2023,2023.1015449010654,Amazonas Nexus,Falcon 9,FT5,B1073,6,57.7457,2022-12-11T07:38:13Z,CC / LC40,OS,https://planet4589.org/space/gcat/data/launch/Falcon9.html
2023-020,2023-02-12T05:10:10Z,2023 Feb 12 0510:10,2023,2023.1156586123795,Starlink Group 5-4,Falcon 9,FT5,B1062,12,45.8168,2022-12-28T09:34:00Z,CC / LC40,OS,https://planet4589.org/space/gcat/data/launch/Falcon9.html
2023-021,2023-02-17T19:12:20Z,2023 Feb 17 1912:20,2023,2023.1309595383054,Starlink Group 2-5,Falcon 9,FT5,B1063,9,112.7487,2022-10-28T01:14:10Z,VSFBS / SLC4E,OS,https://planet4589.org/space/gcat/data/launch/Falcon9.html
2023-022,2023-02-18T03:59:00Z,2023 Feb 18 0359,2023,2023.131961567732,Inmarsat 6 F2,Falcon 9,FT5,B1077,3,30.6493,2023-01-18T12:24:00Z,CC / LC40,OS,https://planet4589.org/space/gcat/data/launch/Falcon9.html
2023-026,2023-02-27T23:13:50Z,2023 Feb 27 2313:50,2023,2023.1588162734652,Starlink Group 6-1,Falcon 9,FT5,B1076,3,48.7664,2023-01-10T04:50:17Z,CC / LC40,OS,https://planet4589.org/space/gcat/data/launch/Falcon9.html
2023-028,2023-03-03T18:38:50Z,2023 Mar  3 1838:50,2023,2023.169251966007,Starlink Group 2-7,Falcon 9,FT5,B1061,12,63.4589,2022-12-30T07:38:00Z,VSFBS / SLC4E,OS,https://planet4589.org/space/gcat/data/launch/Falcon9.html
2023-029,2023-03-09T19:13:28Z,2023 Mar  9 1913:28,2023,2023.1857562151192,OneWeb L17,Falcon 9,FT5,B1062,13,25.5856,2023-02-12T05:10:10Z,CC / LC40,OS,https://planet4589.org/space/gcat/data/launch/Falcon9.html
2023-033,2023-03-15T00:30:42Z,2023 Mar 15 0030:42,2023,2023.200058409437,Dragon C209.3,Falcon 9,FT5,B1073,7,35.9574,2023-02-07T01:32:00Z,KSC / LC39A,OS,https://planet4589.org/space/gcat/data/launch/Falcon9.html
2023-037,2023-03-17T19:26:40Z,2023 Mar 17 1926:40,2023,2023.2076991374936,Starlink Group 2-8,Falcon 9,FT5,B1071,8,45.1331,2023-01-31T16:15:00Z,VSFBS / SLC4E,OS,https://planet4589.org/space/gcat/data/launch/Falcon9.html
2023-038,2023-03-17T23:38:00Z,2023 Mar 17 2338:00?,2023,2023.2081773211569,SES-18/19,Falcon 9,FT5,B1069,6,43.6525,2023-02-02T07:58:20Z,CC / LC40,OS,https://planet4589.org/space/gcat/data/launch/Falcon9.html
2023-042,2023-03-24T15:43:10Z,2023 Mar 24 1543:10,2023,2023.226451991375,Starlink Group 5-5,Falcon 9,FT5,B1067,10,57.2575,2023-01-26T09:32:20Z,CC / LC40,OS,https://planet4589.org/space/gcat/data/launch/Falcon9.html
2023-046,2023-03-29T20:01:00Z,2023 Mar 29 2001:00,2023,2023.240641171994,Starlink Group 5-10,Falcon 9,FT5,B1077,4,39.6681,2023-02-18T03:59:00Z,CC / LC40,OS,https://planet4589.org/space/gcat/data/launch/Falcon9.html
2023-050,2023-04-02T14:29:00Z,2023 Apr  2 1429,2023,2023.2509684170473,SDA-0A,Falcon 9,FT5,B1075,2,72.9485,2023-01-19T15:43:10Z,VSFBS / SLC4E,OS,https://planet4589.org/space/gcat/data/launch/Falcon9.html
2023-052,2023-04-07T04:30:00Z,2023 Apr  7 0430:00,2023,2023.2635273972603,IS-40e,Falcon 9,FT5,B1076,4,38.2196,2023-02-27T23:13:50Z,CC / LC40,OS,https://planet4589.org/space/gcat/data/launch/Falcon9.html
2023-054,2023-04-15T06:47:39Z,2023 Apr 15 0647:39,2023,2023.2857070966515,Transporter-7,Falcon 9,FT5,B1063,10,56.4829,2023-02-17T19:12:20Z,VSFBS / SLC4E,OS,https://planet4589.org/space/gcat/data/launch/Falcon9.html
2023-056,2023-04-19T14:31:10Z,2023 Apr 19 1431:10,2023,2023.297547881786,Starlink Group 6-2,Falcon 9,FT5,B1073,8,35.5837,2023-03-15T00:30:42Z,CC / LC40,OS,https://planet4589.org/space/gcat/data/launch/Falcon9.html
2023-058,2023-04-27T13:40:50Z,2023 Apr 27 1340:50,2023,2023.3193699264332,Starlink Group 3-5,Falcon 9,FT5,B1061,13,54.7931,2023-03-03T18:38:50Z,VSFBS / SLC4E,OS,https://planet4589.org/space/gcat/data/launch/Falcon9.html
2023-059,2023-04-28T22:12:00Z,2023 Apr 28 2212,2023,2023.3230821917807,O3b mPOWER 3/4,Falcon 9,FT5,B1078,2,57.6929,2023-03-02T05:34:14Z,CC / LC40,OS,https://planet4589.org/space/gcat/data/launch/Falcon9.html
2023-061,2023-05-04T07:31:00Z,2023 May  4 0731:00,2023,2023.337844368341,Starlink Group 5-6,Falcon 9,FT5,B1069,7,47.3285,2023-03-17T23:38:00Z,CC / LC40,OS,https://planet4589.org/space/gcat/data/launch/Falcon9.html
2023-064,2023-05-10T20:09:00Z,2023 May 10 2009:00,2023,2023.3557248858447,Starlink Group 2-9,Falcon 9,FT5,B1075,3,38.2361,2023-04-02T14:29:00Z,VSFBS / SLC4E,OS,https://planet4589.org/space/gcat/data/launch/Falcon9.html
2023-065,2023-05-14T05:03:30Z,2023 May 14 0503:30,2023,2023.364960996956,Starlink Group 5-9,Falcon 9,FT5,B1067,11,50.5558,2023-03-24T15:43:10Z,CC / LC40,OS,https://planet4589.org/space/gcat/data/launch/Falcon9.html
2023-067,2023-05-19T06:19:30Z,2023 May 19 0619:30,2023,2023.3788042237443,Starlink Group 6-3,Falcon 9,FT5,B1076,5,42.076,2023-04-07T04:30:00Z,CC / LC40,OS,https://planet4589.org/space/gcat/data/launch/Falcon9.html
2023-068,2023-05-20T13:16:33Z,2023 May 20 1316:33,2023,2023.3823374238964,OneWeb L19/Iridium,Falcon 9,FT5,B1063,11,35.2701,2023-04-15T06:47:39Z,VSFBS / SLC4E,OS,https://planet4589.org/space/gcat/data/launch/Falcon9.html
2023-075,2023-05-27T04:30:00Z,2023 May 27 0430,2023,2023.4005136986302,Arabsat 7B,Falcon 9,FT5,B1062,14,78.3865,2023-03-09T19:13:28Z,CC / LC40,OS,https://planet4589.org/space/gcat/data/launch/Falcon9.html
2023-078,2023-05-31T06:02:30Z,2023 May 31 0602:30,2023,2023.4116485920852,Starlink Group 2-10,Falcon 9,FT5,B1061,14,33.6817,2023-04-27T13:40:50Z,VSFBS / SLC4E,OS,https://planet4589.org/space/gcat/data/launch/Falcon9.html
2023-079,2023-06-04T12:20:00Z,2023 Jun  4 1220:00,2023,2023.4233257229832,Starlink Group 6-4,Falcon 9,FT5,B1078,3,36.5889,2023-04-28T22:12:00Z,CC / LC40,OS,https://planet4589.org/space/gcat/data/launch/Falcon9.html
2023-080,2023-06-05T15:47:00Z,2023 Jun  5 1547:00,2023,2023.426459284627,Dragon C208.4,Falcon 9,FT5,B1077,5,67.8236,2023-03-29T20:01:00Z,KSC / LC39A,OS,https://planet4589.org/space/gcat/data/launch/Falcon9.html
2023-083,2023-06-12T07:10:50Z,2023 Jun 12 0710:50,2023,2023.444655314561,Starlink Group 5-11,Falcon 9,FT5,B1073,9,53.6942,2023-04-19T14:31:10Z,CC / LC40,OS,https://planet4589.org/space/gcat/data/launch/Falcon9.html
2023-084,2023-06-12T21:35:00Z,2023 Jun 12 2135:00,2023,2023.4462994672756,Transporter-8,Falcon 9,FT5,B1071,9,87.0891,2023-03-17T19:26:40Z,VSFBS / SLC4E,OS,https://planet4589.org/space/gcat/data/launch/Falcon9.html
2023-086,2023-06-18T22:21:00Z,2023 Jun 18 2221,2023,2023.4628253424657,Satria,Falcon 9,FT5,B1067,12,35.7205,2023-05-14T05:03:30Z,CC / LC40,OS,https://planet4589.org/space/gcat/data/launch/Falcon9.html
2023-088,2023-06-22T07:19:00Z,2023 Jun 22 0719:00,2023,2023.4720681126332,Starlink Group 5-7,Falcon 9,FT5,B1075,4,42.4653,2023-05-10T20:09:00Z,VSFBS / SLC4E,OS,https://planet4589.org/space/gcat/data/launch/Falcon9.html
2023-090,2023-06-23T15:35:10Z,2023 Jun 23 1535:10,2023,2023.475751839168,Starlink Group 5-12,Falcon 9,FT5,B1069,8,50.3362,2023-05-04T07:31:00Z,CC / LC40,OS,https://planet4589.org/space/gcat/data/launch/Falcon9.html
2023-092,2023-07-01T15:12:00Z,2023 Jul  1 1512,2023,2023.4976255707763,Euclid,Falcon 9,FT5,B1080,2,40.7325,2023-05-21T21:37:09Z,CC / LC40,DS,https://planet4589.org/space/gcat/data/launch/Falcon9.html
2023-094,2023-07-07T19:29:50Z,2023 Jul  7 1929:50,2023,2023.5145544774227,Starlink Group 5-13,Falcon 9,FT5,B1063,12,48.2592,2023-05-20T13:16:33Z,VSFBS / SLC4E,OS,https://planet4589.org/space/gcat/data/launch/Falcon9.html
2023-096,2023-07-10T03:58:50Z,2023 Jul 10 0358:50,2023,2023.5210023465247,Starlink Group 6-5,Falcon 9,FT5,B1058,16,204.2683,2022-12-17T21:32:30Z,CC / LC40,OS,https://planet4589.org/space/gcat/data/launch/Falcon9.html
2023-099,2023-07-16T03:50:00Z,2023 Jul 16 0350:00,2023,2023.5374238964991,Starlink Group 5-15,Falcon 9,FT5,B1060,16,193.5375,2023-01-03T14:55:56Z,CC / LC40,OS,https://planet4589.org/space/gcat/data/launch/Falcon9.html
2023-102,2023-07-20T04:09:30Z,2023 Jul 20 0409:30,2023,2023.5484199010655,Starlink Group 6-15,Falcon 9,FT5,B1071,10,37.274,2023-06-12T21:35:00Z,VSFBS / SLC4E,OS,https://planet4589.org/space/gcat/data/launch/Falcon9.html
2023-105,2023-07-24T00:50:30Z,2023 Jul 24 0050:30,2023,2023.5590001902588,Starlink Group 6-6,Falcon 9,FT5,B1076,6,65.7715,2023-05-19T06:19:30Z,CC / LC40,OS,https://planet4589.org/space/gcat/data/launch/Falcon9.html
2023-107,2023-07-28T04:01:10Z,2023 Jul 28 0401:10,2023,2023.5703218543886,Starlink Group 6-7,Falcon 9,FT5,B1062,15,61.98,2023-05-27T04:30:00Z,CC / LC40,OS,https://planet4589.org/space/gcat/data/launch/Falcon9.html
2023-112,2023-08-03T05:00:00Z,2023 Aug  3 0500,2023,2023.5868721461188,Galaxy 37,Falcon 9,FT5,B1077,6,58.5507,2023-06-05T15:47:00Z,CC / LC40,OS,https://planet4589.org/space/gcat/data/launch/Falcon9.html
2023-113,2023-08-07T02:41:10Z,2023 Aug  7 0241:10,2023,2023.597566907661,Starlink Group 6-8,Falcon 9,FT5,B1078,4,63.598,2023-06-04T12:20:00Z,CC / LC40,OS,https://planet4589.org/space/gcat/data/launch/Falcon9.html
2023-115,2023-08-08T03:57:00Z,2023 Aug  8 0357:00,2023,2023.600450913242,Starlink Group 6-20,Falcon 9,FT5,B1075,5,46.8597,2023-06-22T07:19:00Z,VSFBS / SLC4E,OS,https://planet4589.org/space/gcat/data/launch/Falcon9.html
2023-119,2023-08-11T05:17:40Z,2023 Aug 11 0517:40,2023,2023.6088235667173,Starlink Group 6-9,Falcon 9,FT5,B1069,9,48.5712,2023-06-23T15:35:10Z,CC / LC40,OS,https://planet4589.org/space/gcat/data/launch/Falcon9.html
2023-122,2023-08-17T03:36:50Z,2023 Aug 17 0336:50,2023,2023.6250700786402,Starlink Group 6-10,Falcon 9,FT5,B1067,13,59.2193,2023-06-18T22:21:00Z,CC / LC40,OS,https://planet4589.org/space/gcat/data/launch/Falcon9.html
2023-124,2023-08-22T09:37:30Z,2023 Aug 22 0937:30,2023,2023.6394549086758,Starlink Group 7-1,Falcon 9,FT5,B1061,15,83.1493,2023-05-31T06:02:30Z,VSFBS / SLC4E,OS,https://planet4589.org/space/gcat/data/launch/Falcon9.html
2023-129,2023-08-27T01:05:40Z,2023 Aug 27 0105:40,2023,2023.652179731101,Starlink Group 6-11,Falcon 9,FT5,B1080,3,56.4123,2023-07-01T15:12:00Z,CC / LC40,OS,https://planet4589.org/space/gcat/data/launch/Falcon9.html
2023-131,2023-09-01T02:21:50Z,2023 Sep  1 0221:50,2023,2023.6660232749873,Starlink Group 6-13,Falcon 9,FT5,B1077,7,28.8902,2023-08-03T05:00:00Z,CC / LC40,OS,https://planet4589.org/space/gcat/data/launch/Falcon9.html
2023-133,2023-09-02T14:25:00Z,2023 Sep  2 1425,2023,2023.670138888889,SDA-0B,Falcon 9,FT5,B1063,13,56.7883,2023-07-07T19:29:50Z,VSFBS / SLC4E,OS,https://planet4589.org/space/gcat/data/launch/Falcon9.html
2023-134,2023-09-04T02:47:20Z,2023 Sep  4 0247:20,2023,2023.6742909690513,Starlink Group 6-12,Falcon 9,FT5,B1073,10,83.817,2023-06-12T07:10:50Z,KSC / LC39A,OS,https://planet4589.org/space/gcat/data/launch/Falcon9.html
2023-138,2023-09-09T03:12:50Z,2023 Sep  9 0312:50,2023,2023.68803811517,Starlink Group 6-14,Falcon 9,FT5,B1076,7,47.0988,2023-07-24T00:50:30Z,CC / LC40,OS,https://planet4589.org/space/gcat/data/launch/Falcon9.html
2023-141,2023-09-12T06:57:50Z,2023 Sep 12 0657:50,2023,2023.6966853754438,Starlink Group 7-2,Falcon 9,FT5,B1071,11,54.1169,2023-07-20T04:09:30Z,VSFBS / SLC4E,OS,https://planet4589.org/space/gcat/data/launch/Falcon9.html
2023-144,2023-09-16T03:38:20Z,2023 Sep 16 0338:20,2023,2023.7072647133434,Starlink Group 6-16,Falcon 9,FT5,B1078,5,40.0397,2023-08-07T02:41:10Z,CC / LC40,OS,https://planet4589.org/space/gcat/data/launch/Falcon9.html
2023-146,2023-09-20T03:38:10Z,2023 Sep 20 0338:10,2023,2023.7182233003552,Starlink Group 6-17,Falcon 9,FT5,B1058,17,71.9856,2023-07-10T03:58:50Z,CC / LC40,OS,https://planet4589.org/space/gcat/data/launch/Falcon9.html
2023-147,2023-09-24T03:38:30Z,2023 Sep 24 0338:30,2023,2023.7291828386606,Starlink Group 6-18,Falcon 9,FT5,B1060,17,69.992,2023-07-16T03:50:00Z,CC / LC40,OS,https://planet4589.org/space/gcat/data/launch/Falcon9.html
2023-148,2023-09-25T08:48:20Z,2023 Sep 25 0848:20,2023,2023.732512049721,Starlink Group 7-3,Falcon 9,FT5,B1075,6,48.2023,2023-08-08T03:57:00Z,VSFBS / SLC4E,OS,https://planet4589.org/space/gcat/data/launch/Falcon9.html
2023-151,2023-09-30T02:00:00Z,2023 Sep 30 0200:00,2023,2023.7454337899544,Starlink Group 6-19,Falcon 9,FT5,B1069,10,49.8627,2023-08-11T05:17:40Z,CC / LC40,OS,https://planet4589.org/space/gcat/data/launch/Falcon9.html
2023-153,2023-10-05T05:36:30Z,2023 Oct  5 0536:30,2023,2023.7595443302891,Starlink Group 6-21,Falcon 9,FT5,B1076,8,26.0998,2023-09-09T03:12:50Z,CC / LC40,OS,https://planet4589.org/space/gcat/data/launch/Falcon9.html
2023-156,2023-10-09T07:43:00Z,2023 Oct  9 0743,2023,2023.77074391172,Starlink Group 7-4,Falcon 9,FT5,B1063,14,36.7208,2023-09-02T14:25:00Z,VSFBS / SLC4E,OS,https://planet4589.org/space/gcat/data/launch/Falcon9.html
2023-158,2023-10-13T23:01:10Z,2023 Oct 13 2301:10,2023,2023.78344970827,Starlink Group 6-22,Falcon 9,FT5,B1067,14,57.8086,2023-08-17T03:36:50Z,CC / LC40,OS,https://planet4589.org/space/gcat/data/launch/Falcon9.html
2023-160,2023-10-18T00:39:00Z,2023 Oct 18 0039,2023,2023.7945947488583,Starlink Group 6-23,Falcon 9,FT5,B1062,16,81.8596,2023-07-28T04:01:10Z,CC / LC40,OS,https://planet4589.org/space/gcat/data/launch/Falcon9.html
2023-161,2023-10-21T08:23:00Z,2023 Oct 21 0823:00,2023,2023.8036967275495,Starlink Group 7-5,Falcon 9,FT5,B1061,16,59.9483,2023-08-22T09:37:30Z,VSFBS / SLC4E,OS,https://planet4589.org/space/gcat/data/launch/Falcon9.html
2023-162,2023-10-22T02:17:00Z,2023 Oct 22 0217:00,2023,2023.8057401065448,Starlink Group 6-24,Falcon 9,FT5,B1080,4,56.0495,2023-08-27T01:05:40Z,CC / LC40,OS,https://planet4589.org/space/gcat/data/launch/Falcon9.html
2023-166,2023-10-29T09:00:00Z,2023 Oct 29 0900:00,2023,2023.8256849315069,Starlink Group 7-6,Falcon 9,FT5,B1075,7,34.0081,2023-09-25T08:48:20Z,VSFBS / SLC4E,OS,https://planet4589.org/space/gcat/data/launch/Falcon9.html
2023-167,2023-10-30T23:20:30Z,2023 Oct 30 2320:30,2023,2023.8300618340943,Starlink Group 6-25,Falcon 9,FT5,B1077,8,59.8741,2023-09-01T02:21:50Z,CC / LC40,OS,https://planet4589.org/space/gcat/data/launch/Falcon9.html
2023-170,2023-11-04T00:37:20Z,2023 Nov  4 0037:20,2023,2023.841166920345,Starlink Group 6-26,Falcon 9,FT5,B1058,18,44.8744,2023-09-20T03:38:10Z,CC / LC40,OS,https://planet4589.org/space/gcat/data/launch/Falcon9.html
2023-171,2023-11-08T05:05:30Z,2023 Nov  8 0505:30,2023,2023.8526360350077,Starlink Group 6-27,Falcon 9,FT5,B1073,11,65.0959,2023-09-04T02:47:20Z,CC / LC40,OS,https://planet4589.org/space/gcat/data/launch/Falcon9.html
2023-173,2023-11-10T01:28:14Z,2023 Nov 10 0128:14,2023,2023.857702118214,Dragon C211.2,Falcon 9,FT5,B1081,2,75.7505,2023-08-26T07:27:27Z,KSC / LC39A,OS,https://planet4589.org/space/gcat/data/launch/Falcon9.html
2023-174,2023-11-11T18:49:00Z,2023 Nov 11 1849:00,2023,2023.8624219939118,Transporter-9,Falcon 9,FT5,B1071,12,60.4939,2023-09-12T06:57:50Z,VSFBS / SLC4E,OS,https://planet4589.org/space/gcat/data/launch/Falcon9.html
2023-175,2023-11-12T21:08:00Z,2023 Nov 12 2108,2023,2023.8654261796044,O3b mPOWER 5/6,Falcon 9,FT5,B1076,9,38.6469,2023-10-05T05:36:30Z,CC / LC40,OS,https://planet4589.org/space/gcat/data/launch/Falcon9.html
2023-177,2023-11-18T05:05:50Z,2023 Nov 18 0505:50,2023,2023.8800339294773,Starlink Group 6-28,Falcon 9,FT5,B1069,11,49.1291,2023-09-30T02:00:00Z,CC / LC40,OS,https://planet4589.org/space/gcat/data/launch/Falcon9.html
2023-178,2023-11-20T10:30:40Z,2023 Nov 20 1030:40,2023,2023.886131405378,Starlink Group 7-7,Falcon 9,FT5,B1063,15,42.1164,2023-10-09T07:43:00Z,VSFBS / SLC4E,OS,https://planet4589.org/space/gcat/data/launch/Falcon9.html
2023-180,2023-11-22T07:47:40Z,2023 Nov 22 0747:40,2023,2023.891300735667,Starlink Group 6-29,Falcon 9,FT5,B1067,15,39.3656,2023-10-13T23:01:10Z,CC / LC40,OS,https://planet4589.org/space/gcat/data/launch/Falcon9.html
2023-183,2023-11-28T04:20:00Z,2023 Nov 28 0420:00,2023,2023.9073439878234,Starlink Group 6-30,Falcon 9,FT5,B1062,17,41.1535,2023-10-18T00:39:00Z,CC / LC40,OS,https://planet4589.org/space/gcat/data/launch/Falcon9.html
2023-185,2023-12-01T18:19:00Z,2023 Dec  1 1819,2023,2023.917159436834,Korea 425,Falcon 9,FT5,B1061,17,41.4139,2023-10-21T08:23:00Z,VSFBS / SLC4E,OS,https://planet4589.org/space/gcat/data/launch/Falcon9.html
2023-186,2023-12-03T04:00:50Z,2023 Dec  3 0400:50,2023,2023.9210061516997,Starlink Group 6-31,Falcon 9,FT5,B1078,6,78.0156,2023-09-16T03:38:20Z,CC / LC40,OS,https://planet4589.org/space/gcat/data/launch/Falcon9.html
2023-191,2023-12-07T05:07:30Z,2023 Dec  7 0507:30,2023,2023.9320918949772,Starlink Group 6-33,Falcon 9,FT5,B1077,9,37.241,2023-10-30T23:20:30Z,CC / LC40,OS,https://planet4589.org/space/gcat/data/launch/Falcon9.html
2023-192,2023-12-08T08:03:00Z,2023 Dec  8 0803,2023,2023.9351655251141,Starlink Group 7-8,Falcon 9,FT5,B1071,13,26.5514,2023-11-11T18:49:00Z,VSFBS / SLC4E,OS,https://planet4589.org/space/gcat/data/launch/Falcon9.html
2023-200,2023-12-19T04:01:00Z,2023 Dec 19 0401:00,2023,2023.964842085236,Starlink Group 6-34,Falcon 9,FT5,B1081,3,39.1061,2023-11-10T01:28:14Z,CC / LC40,OS,https://planet4589.org/space/gcat/data/launch/Falcon9.html
2023-203,2023-12-23T05:33:00Z,2023 Dec 23 0533:00,2023,2023.9759760273973,Starlink Group 6-32,Falcon 9,FT5,B1058,19,49.2053,2023-11-04T00:37:20Z,CC / LC40,OS,https://planet4589.org/space/gcat/data/launch/Falcon9.html
2023-204,2023-12-24T13:11:00Z,2023 Dec 24 1311:00,2023,2023.9795871385084,SARah-2/3,Falcon 9,FT5,B1075,8,56.1743,2023-10-29T09:00:00Z,VSFBS / SLC4E,OS,https://planet4589.org/space/gcat/data/launch/Falcon9.html
2023-211,2023-12-29T04:01:40Z,2023 Dec 29 0401:40,2023,2023.9922406139017,Starlink Group 6-36,Falcon 9,FT5,B1069,12,40.9554,2023-11-18T05:05:50Z,CC / LC40,OS,https://planet4589.org/space/gcat/data/launch/Falcon9.html
2024-003,2024-01-03T23:04:00Z,2024 Jan  3 2304,2024,2024.0080904675167,Ovzon-3,Falcon 9,FT5,B1076,10,52.0806,2023-11-12T21:08:00Z,CC / LC40,OS,https://planet4589.org/space/gcat/data/launch/Falcon9.html
2024-005,2024-01-07T22:35:40Z,2024 Jan  7 2235:40,2024,2024.018965669905,Starlink Group 6-35,Falcon 9,FT5,B1067,16,46.6167,2023-11-22T07:47:40Z,CC / LC40,OS,https://planet4589.org/space/gcat/data/launch/Falcon9.html
2024-011,2024-01-14T08:59:30Z,2024 Jan 14 0859:30,2024,2024.0365427671525,Starlink Group 7-10,Falcon 9,FT5,B1061,18,43.6115,2023-12-01T18:19:00Z,VSFBS / SLC4E,OS,https://planet4589.org/space/gcat/data/launch/Falcon9.html
2024-012,2024-01-15T01:52:00Z,2024 Jan 15 0152:00,2024,2024.0384638737098,Starlink Group 6-37,Falcon 9,FT5,B1073,12,67.8656,2023-11-08T05:05:30Z,CC / LC40,OS,https://planet4589.org/space/gcat/data/launch/Falcon9.html
2024-014,2024-01-18T21:49:11Z,2024 Jan 18 2149:11,2024,2024.0489321177392,Dragon C212.3,Falcon 9,FT5,B1080,5,88.814,2023-10-22T02:17:00Z,KSC / LC39A,OS,https://planet4589.org/space/gcat/data/launch/Falcon9.html
2024-017,2024-01-24T00:35:00Z,2024 Jan 24 0035:00,2024,2024.0629079386763,Starlink Group 7-11,Falcon 9,FT5,B1063,16,64.5863,2023-11-20T10:30:40Z,VSFBS / SLC4E,OS,https://planet4589.org/space/gcat/data/launch/Falcon9.html
2024-019,2024-01-29T01:10:00Z,2024 Jan 29 0110:00,2024,2024.0766355494839,Starlink Group 6-38,Falcon 9,FT5,B1062,18,61.8681,2023-11-28T04:20:00Z,KSC / LC39A,OS,https://planet4589.org/space/gcat/data/launch/Falcon9.html
2024-020,2024-01-29T05:57:20Z,2024 Jan 29 0557:20,2024,2024.0771807326453,Starlink Group 7-12,Falcon 9,FT5,B1075,9,35.6988,2023-12-24T13:11:00Z,VSFBS / SLC4E,OS,https://planet4589.org/space/gcat/data/launch/Falcon9.html
2024-021,2024-01-30T17:07:21Z,2024 Jan 30 1707:21,2024,2024.0811842554644,Cygnus NG-20,Falcon 9,FT5,B1077,10,54.4999,2023-12-07T05:07:30Z,CC / LC40,OS,https://planet4589.org/space/gcat/data/launch/Falcon9.html
2024-025,2024-02-08T06:33:32Z,2024 Feb  8 0633:32,2024,2024.1045718225055,PACE,Falcon 9,FT5,B1081,4,51.1059,2023-12-19T04:01:00Z,CC / LC40,OS,https://planet4589.org/space/gcat/data/launch/Falcon9.html
2024-027,2024-02-10T00:34:00Z,2024 Feb 10 0034:00,2024,2024.109354128719,Starlink Group 7-13,Falcon 9,FT5,B1071,14,63.6882,2023-12-08T08:03:00Z,VSFBS / SLC4E,OS,https://planet4589.org/space/gcat/data/launch/Falcon9.html
2024-028,2024-02-14T22:30:00Z,2024 Feb 14 2230:00,2024,2024.1227800546449,HBTSS/SDA-0C,Falcon 9,FT5,B1078,7,73.7703,2023-12-03T04:00:50Z,CC / LC40,OS,https://planet4589.org/space/gcat/data/launch/Falcon9.html
2024-030,2024-02-15T06:05:37Z,2024 Feb 15 0605:37,2024,2024.123644536784,IM-1,Falcon 9,FT5,B1060,18,144.1022,2023-09-24T03:38:30Z,KSC / LC39A,OS,https://planet4589.org/space/gcat/data/launch/Falcon9.html
2024-031,2024-02-15T21:34:30Z,2024 Feb 15 2134:30,2024,2024.1254069899817,Starlink Group 7-14,Falcon 9,FT5,B1082,2,43.7432,2024-01-03T03:44:20Z,VSFBS / SLC4E,OS,https://planet4589.org/space/gcat/data/launch/Falcon9.html
2024-035,2024-02-20T20:11:00Z,2024 Feb 20 2011,2024,2024.13890976017,HTS 113BT,Falcon 9,FT5,B1067,17,43.8995,2024-01-07T22:35:40Z,CC / LC40,OS,https://planet4589.org/space/gcat/data/launch/Falcon9.html
2024-036,2024-02-23T04:11:50Z,2024 Feb 23 0411:50,2024,2024.1452865690144,Starlink Group 7-15,Falcon 9,FT5,B1061,19,39.8002,2024-01-14T08:59:30Z,VSFBS / SLC4E,OS,https://planet4589.org/space/gcat/data/launch/Falcon9.html
2024-038,2024-02-25T22:06:00Z,2024 Feb 25 2206:00,2024,2024.1527891621129,Starlink Group 6-39,Falcon 9,FT5,B1069,13,58.753,2023-12-29T04:01:40Z,CC / LC40,OS,https://planet4589.org/space/gcat/data/launch/Falcon9.html
2024-041,2024-02-29T15:30:00Z,2024 Feb 29 1530:00,2024,2024.1629667577413,Starlink Group 6-40,Falcon 9,FT5,B1076,11,56.6847,2024-01-03T23:04:00Z,CC / LC40,OS,https://planet4589.org/space/gcat/data/launch/Falcon9.html
2024-043,2024-03-04T22:05:00Z,2024 Mar  4 2205:00,2024,2024.1746451882211,Transporter-10,Falcon 9,FT5,B1081,5,25.6469,2024-02-08T06:33:32Z,VSFBS / SLC4E,OS,https://planet4589.org/space/gcat/data/launch/Falcon9.html
2024-044,2024-03-04T23:56:00Z,2024 Mar  4 2356:00,2024,2024.1748557984213,Starlink Group 6-41,Falcon 9,FT5,B1073,13,49.9194,2024-01-15T01:52:00Z,CC / LC40,OS,https://planet4589.org/space/gcat/data/launch/Falcon9.html
2024-045,2024-03-10T23:05:00Z,2024 Mar 10 2305:00,2024,2024.1911524741954,Starlink Group 6-43,Falcon 9,FT5,B1077,11,40.2484,2024-01-30T17:07:21Z,CC / LC40,OS,https://planet4589.org/space/gcat/data/launch/Falcon9.html
2024-046,2024-03-11T04:09:00Z,2024 Mar 11 0409:00,2024,2024.1917292805101,Starlink Group 7-17,Falcon 9,FT5,B1063,17,47.1486,2024-01-24T00:35:00Z,VSFBS / SLC4E,OS,https://planet4589.org/space/gcat/data/launch/Falcon9.html
2024-049,2024-03-16T00:21:00Z,2024 Mar 16 0021:00,2024,2024.20495787796,Starlink Group 6-44,Falcon 9,FT5,B1062,19,46.966,2024-01-29T01:10:00Z,KSC / LC39A,OS,https://planet4589.org/space/gcat/data/launch/Falcon9.html
2024-050,2024-03-19T02:28:00Z,2024 Mar 19 0228:00,2024,2024.2133955676989,Starlink Group 7-16,Falcon 9,FT5,B1075,10,49.8546,2024-01-29T05:57:20Z,VSFBS / SLC4E,OS,https://planet4589.org/space/gcat/data/launch/Falcon9.html
2024-054,2024-03-21T20:55:09Z,2024 Mar 21 2055:09,2024,2024.2209607430177,Dragon C209.4,Falcon 9,FT5,B1080,6,62.9625,2024-01-18T21:49:11Z,CC / LC40,OS,https://planet4589.org/space/gcat/data/launch/Falcon9.html
2024-056,2024-03-24T03:09:00Z,2024 Mar 24 0309:00,2024,2024.2271345628415,Starlink Group 6-42,Falcon 9,FT5,B1060,19,37.8773,2024-02-15T06:05:37Z,KSC / LC39A,OS,https://planet4589.org/space/gcat/data/launch/Falcon9.html
2024-057,2024-03-25T23:42:00Z,2024 Mar 25 2342:00,2024,2024.232206284153,Starlink Group 6-46,Falcon 9,FT5,B1078,8,40.05,2024-02-14T22:30:00Z,CC / LC40,OS,https://planet4589.org/space/gcat/data/launch/Falcon9.html
2024-059,2024-03-30T21:52:00Z,2024 Mar 30 2152:00,2024,2024.2456587735276,EUTELSAT 36D,Falcon 9,FT5,B1076,12,30.2653,2024-02-29T15:30:00Z,KSC / LC39A,OS,https://planet4589.org/space/gcat/data/launch/Falcon9.html
2024-060,2024-03-31T01:30:00Z,2024 Mar 31 0130:00,2024,2024.2460724043715,Starlink Group 6-45,Falcon 9,FT5,B1067,18,39.2215,2024-02-20T20:11:00Z,CC / LC40,OS,https://planet4589.org/space/gcat/data/launch/Falcon9.html
2024-062,2024-04-02T02:30:00Z,2024 Apr  2 0230:00,2024,2024.2516507285975,Starlink Group 7-18,Falcon 9,FT5,B1071,15,52.0806,2024-02-10T00:34:00Z,VSFBS / SLC4E,OS,https://planet4589.org/space/gcat/data/launch/Falcon9.html
2024-064,2024-04-05T09:12:00Z,2024 Apr  5 0912:00,2024,2024.2606102003642,Starlink Group 6-47,Falcon 9,FT5,B1069,14,39.4625,2024-02-25T22:06:00Z,CC / LC40,OS,https://planet4589.org/space/gcat/data/launch/Falcon9.html
2024-065,2024-04-07T02:25:00Z,2024 Apr  7 0225:00,2024,2024.2653024438373,Starlink Group 8-1,Falcon 9,FT5,B1081,6,33.1806,2024-03-04T22:05:00Z,VSFBS / SLC4E,OS,https://planet4589.org/space/gcat/data/launch/Falcon9.html
2024-066,2024-04-07T23:16:00Z,2024 Apr  7 2316,2024,2024.2676760777172,Bandwagon-1,Falcon 9,FT5,B1073,14,33.9722,2024-03-04T23:56:00Z,KSC / LC39A,OS,https://planet4589.org/space/gcat/data/launch/Falcon9.html
2024-068,2024-04-10T05:40:00Z,2024 Apr 10 0540:00,2024,2024.2738691560412,Starlink Group 6-48,Falcon 9,FT5,B1083,2,37.0739,2024-03-04T03:53:38Z,CC / LC40,OS,https://planet4589.org/space/gcat/data/launch/Falcon9.html
2024-070,2024-04-11T14:25:00Z,2024 Apr 11 1425,2024,2024.2775975258046,USSF-62,Falcon 9,FT5,B1082,3,55.7017,2024-02-15T21:34:30Z,VSFBS / SLC4E,OS,https://planet4589.org/space/gcat/data/launch/Falcon9.html
2024-071,2024-04-13T01:40:00Z,2024 Apr 13 0140:00,2024,2024.2816105039465,Starlink Group 6-49,Falcon 9,FT5,B1062,20,28.0549,2024-03-16T00:21:00Z,CC / LC40,OS,https://planet4589.org/space/gcat/data/launch/Falcon9.html
2024-073,2024-04-17T21:26:00Z,2024 Apr 17 2126:00,2024,2024.2947897692775,Starlink Group 6-51,Falcon 9,FT5,B1077,12,37.9312,2024-03-10T23:05:00Z,KSC / LC39A,OS,https://planet4589.org/space/gcat/data/launch/Falcon9.html
2024-074,2024-04-18T22:40:00Z,2024 Apr 18 2240:00,2024,2024.2976624165149,Starlink Group 6-52,Falcon 9,FT5,B1080,7,28.0728,2024-03-21T20:55:09Z,CC / LC40,OS,https://planet4589.org/space/gcat/data/launch/Falcon9.html
2024-076,2024-04-23T22:17:00Z,2024 Apr 23 2217:00,2024,2024.3112799787493,Starlink Group 6-53,Falcon 9,FT5,B1078,9,28.941,2024-03-25T23:42:00Z,CC / LC40,OS,https://planet4589.org/space/gcat/data/launch/Falcon9.html
2024-079,2024-04-28T00:34:00Z,2024 Apr 28 0034,2024,2024.3224688828172,Galileo L12,Falcon 9,FT5,B1060,20,34.8924,2024-03-24T03:09:00Z,KSC / LC39A,OS,https://planet4589.org/space/gcat/data/launch/Falcon9.html
2024-080,2024-04-28T22:08:00Z,2024 Apr 28 2208:00,2024,2024.3249241044323,Starlink Group 6-54,Falcon 9,FT5,B1076,13,29.0111,2024-03-30T21:52:00Z,CC / LC40,OS,https://planet4589.org/space/gcat/data/launch/Falcon9.html
2024-081,2024-05-02T18:36:00Z,2024 May  2 1836,2024,2024.3354508196721,Maxar 1,Falcon 9,FT5,B1061,20,69.6001,2024-02-23T04:11:50Z,VSFBS / SLC4E,OS,https://planet4589.org/space/gcat/data/launch/Falcon9.html
2024-082,2024-05-03T02:37:00Z,2024 May  3 0237:00,2024,2024.3363634638738,Starlink Group 6-55,Falcon 9,FT5,B1067,19,33.0465,2024-03-31T01:30:00Z,CC / LC40,OS,https://planet4589.org/space/gcat/data/launch/Falcon9.html
2024-084,2024-05-06T18:14:00Z,2024 May  6 1814:00,2024,2024.3463380388584,Starlink Group 6-57,Falcon 9,FT5,B1069,15,31.3764,2024-04-05T09:12:00Z,CC / LC40,OS,https://planet4589.org/space/gcat/data/launch/Falcon9.html
2024-086,2024-05-08T18:42:00Z,2024 May  8 1842:00,2024,2024.3518556466302,Starlink Group 6-56,Falcon 9,FT5,B1083,3,28.5431,2024-04-10T05:40:00Z,KSC / LC39A,OS,https://planet4589.org/space/gcat/data/launch/Falcon9.html
2024-088,2024-05-10T04:30:00Z,2024 May 10 0430:00,2024,2024.3557035519125,Starlink Group 8-2,Falcon 9,FT5,B1082,4,28.5868,2024-04-11T14:25:00Z,VSFBS / SLC4E,OS,https://planet4589.org/space/gcat/data/launch/Falcon9.html
2024-090,2024-05-13T00:53:00Z,2024 May 13 0053:00,2024,2024.3634885397694,Starlink Group 6-58,Falcon 9,FT5,B1073,15,35.0674,2024-04-07T23:16:00Z,CC / LC40,OS,https://planet4589.org/space/gcat/data/launch/Falcon9.html
2024-091,2024-05-14T18:39:00Z,2024 May 14 1839:00,2024,2024.3682433970855,Starlink Group 8-7,Falcon 9,FT5,B1063,18,64.6042,2024-03-11T04:09:00Z,VSFBS / SLC4E,OS,https://planet4589.org/space/gcat/data/launch/Falcon9.html
2024-093,2024-05-18T00:32:00Z,2024 May 18 0032:00,2024,2024.377109896782,Starlink Group 6-59,Falcon 9,FT5,B1062,21,34.9528,2024-04-13T01:40:00Z,CC / LC40,OS,https://planet4589.org/space/gcat/data/launch/Falcon9.html
2024-096,2024-05-22T08:00:00Z,2024 May 22 0800,2024,2024.388888888889,NRO Starshield A1,Falcon 9,FT5,B1071,16,50.2292,2024-04-02T02:30:00Z,VSFBS / SLC4E,OS,https://planet4589.org/space/gcat/data/launch/Falcon9.html
2024-097,2024-05-23T02:35:00Z,2024 May 23 0235,2024,2024.3910044778386,Starlink Group 6-62,Falcon 9,FT5,B1080,8,34.1632,2024-04-18T22:40:00Z,CC / LC40,OS,https://planet4589.org/space/gcat/data/launch/Falcon9.html
2024-098,2024-05-24T02:45:00Z,2024 May 24 0245,2024,2024.3937556921676,Starlink Group 6-63,Falcon 9,FT5,B1077,13,36.2215,2024-04-17T21:26:00Z,KSC / LC39A,OS,https://planet4589.org/space/gcat/data/launch/Falcon9.html
2024-100,2024-05-28T14:24:00Z,2024 May 28 1424,2024,2024.4060109289617,Starlink Group 6-60,Falcon 9,FT5,B1078,10,34.6715,2024-04-23T22:17:00Z,CC / LC40,OS,https://planet4589.org/space/gcat/data/launch/Falcon9.html
2024-101,2024-05-28T22:20:00Z,2024 May 28 2220,2024,2024.4069140862173,EarthCARE,Falcon 9,FT5,B1081,7,51.8299,2024-04-07T02:25:00Z,VSFBS / SLC4E,OS,https://planet4589.org/space/gcat/data/launch/Falcon9.html
2024-106,2024-06-01T02:37:00Z,2024 Jun  1 0237:00,2024,2024.4155984365514,Starlink Group 6-64,Falcon 9,FT5,B1076,14,33.1868,2024-04-28T22:08:00Z,CC / LC40,OS,https://planet4589.org/space/gcat/data/launch/Falcon9.html
2024-107,2024-06-05T02:16:00Z,2024 Jun  5 0216:00,2024,2024.426487553127,Starlink Group 8-5,Falcon 9,FT5,B1067,20,32.9854,2024-05-03T02:37:00Z,CC / LC40,OS,https://planet4589.org/space/gcat/data/launch/Falcon9.html
2024-111,2024-06-08T01:56:00Z,2024 Jun  8 0156:00,2024,2024.4346463266545,Starlink Group 10-1,Falcon 9,FT5,B1069,16,32.3208,2024-05-06T18:14:00Z,CC / LC40,OS,https://planet4589.org/space/gcat/data/launch/Falcon9.html
2024-112,2024-06-08T12:58:00Z,2024 Jun  8 1258,2024,2024.4359023983,Starlink Group 8-8,Falcon 9,FT5,B1061,21,36.7653,2024-05-02T18:36:00Z,VSFBS / SLC4E,OS,https://planet4589.org/space/gcat/data/launch/Falcon9.html
2024-113,2024-06-19T03:40:00Z,2024 Jun 19 0340:00,2024,2024.4648982999393,Starlink Group 9-1,Falcon 9,FT5,B1082,5,39.9653,2024-05-10T04:30:00Z,VSFBS / SLC4E,OS,https://planet4589.org/space/gcat/data/launch/Falcon9.html
2024-115,2024-06-20T21:35:00Z,2024 Jun 20 2135,2024,2024.4696702337583,Astra 1P,Falcon 9,FT5,B1080,9,28.7917,2024-05-23T02:35:00Z,CC / LC40,OS,https://planet4589.org/space/gcat/data/launch/Falcon9.html
2024-117,2024-06-23T17:15:00Z,2024 Jun 23 1715:00,2024,2024.4773736338798,Starlink Group 10-2,Falcon 9,FT5,B1078,11,26.1187,2024-05-28T14:24:00Z,CC / LC40,OS,https://planet4589.org/space/gcat/data/launch/Falcon9.html
2024-118,2024-06-24T03:47:00Z,2024 Jun 24 0347:00,2024,2024.4785727838494,Starlink Group 9-2,Falcon 9,FT5,B1075,11,97.0549,2024-03-19T02:28:00Z,VSFBS / SLC4E,OS,https://planet4589.org/space/gcat/data/launch/Falcon9.html
2024-120,2024-06-27T11:14:00Z,2024 Jun 27 1114,2024,2024.48761763813,Starlink Group 10-3,Falcon 9,FT5,B1062,22,40.4458,2024-05-18T00:32:00Z,CC / LC40,OS,https://planet4589.org/space/gcat/data/launch/Falcon9.html
2024-121,2024-06-29T03:14:00Z,2024 Jun 29 0314,2024,2024.492171372192,NRO Starshield A2,Falcon 9,FT5,B1081,8,31.2042,2024-05-28T22:20:00Z,VSFBS / SLC4E,OS,https://planet4589.org/space/gcat/data/launch/Falcon9.html
2024-124,2024-07-03T08:55:00Z,2024 Jul  3 0855:00,2024,2024.503747343655,Starlink Group 8-9,Falcon 9,FT5,B1073,16,51.3347,2024-05-13T00:53:00Z,CC / LC40,OS,https://planet4589.org/space/gcat/data/launch/Falcon9.html
2024-127,2024-07-08T23:30:00Z,2024 Jul  8 2330,2024,2024.5190687613842,Turksat 6A,Falcon 9,FT5,B1076,15,37.8701,2024-06-01T02:37:00Z,CC / LC40,OS,https://planet4589.org/space/gcat/data/launch/Falcon9.html
2024-129,2024-07-12T02:35:00Z,2024 Jul 12 0235:00,2024,2024.5276164996965,Starlink Group 9-3,Falcon 9,FT5,B1063,19,58.3306,2024-05-14T18:39:00Z,VSFBS / SLC4E,OF40,https://planet4589.org/space/gcat/data/launch/Falcon9.html
2024-131,2024-07-27T05:45:00Z,2024 Jul 27 0545:00,2024,2024.5689606102003,Starlink Group 10-9,Falcon 9,FT5,B1069,17,49.159,2024-06-08T01:56:00Z,KSC / LC39A,OS,https://planet4589.org/space/gcat/data/launch/Falcon9.html
2024-132,2024-07-28T05:09:00Z,2024 Jul 28 0509:00,2024,2024.5716245446265,Starlink Group 10-4,Falcon 9,FT5,B1077,14,65.1,2024-05-24T02:45:00Z,CC / LC40,OS,https://planet4589.org/space/gcat/data/launch/Falcon9.html
2024-133,2024-07-28T09:22:10Z,2024 Jul 28 0922:10,2024,2024.572104900324,Starlink Group 9-4,Falcon 9,FT5,B1071,17,67.0571,2024-05-22T08:00:00Z,VSFBS / SLC4E,OS,https://planet4589.org/space/gcat/data/launch/Falcon9.html
2024-136,2024-08-02T05:01:00Z,2024 Aug  2 0501:00,2024,2024.585270567699,Starlink Group 10-6,Falcon 9,FT5,B1078,12,39.4903,2024-06-23T17:15:00Z,KSC / LC39A,OS,https://planet4589.org/space/gcat/data/launch/Falcon9.html
2024-138,2024-08-04T07:24:00Z,2024 Aug  4 0724:00,2024,2024.5910063752276,Starlink Group 11-1,Falcon 9,FT5,B1082,6,46.1556,2024-06-19T03:40:00Z,VSFBS / SLC4E,OS,https://planet4589.org/space/gcat/data/launch/Falcon9.html
2024-139,2024-08-04T15:02:53Z,2024 Aug  4 1502:53,2024,2024.591877055505,Cygnus NG-21,Falcon 9,FT5,B1080,10,44.7277,2024-06-20T21:35:00Z,CC / LC40,OS,https://planet4589.org/space/gcat/data/launch/Falcon9.html
2024-141,2024-08-10T12:50:00Z,2024 Aug 10 1250:00,2024,2024.6080183667275,Starlink Group 8-3,Falcon 9,FT5,B1067,21,66.4403,2024-06-05T02:16:00Z,CC / LC40,OS,https://planet4589.org/space/gcat/data/launch/Falcon9.html
2024-143,2024-08-12T02:02:00Z,2024 Aug 12 0202:00,2024,2024.612253339405,ASBM-1/2,Falcon 9,FT5,B1061,22,64.5444,2024-06-08T12:58:00Z,VSFBS / SLC4E,OS,https://planet4589.org/space/gcat/data/launch/Falcon9.html
2024-144,2024-08-12T10:37:00Z,2024 Aug 12 1037:00,2024,2024.6132304948392,Starlink Group 10-7,Falcon 9,FT5,B1073,17,40.0708,2024-07-03T08:55:00Z,KSC / LC39A,OS,https://planet4589.org/space/gcat/data/launch/Falcon9.html
2024-146,2024-08-15T13:00:00Z,2024 Aug 15 1300:00,2024,2024.621698542805,Maxar-2,Falcon 9,FT5,B1076,16,37.5625,2024-07-08T23:30:00Z,CC / LC40,OS,https://planet4589.org/space/gcat/data/launch/Falcon9.html
2024-149,2024-08-16T18:56:00Z,2024 Aug 16 1856:00,2024,2024.6251062537947,Transporter-11,Falcon 9,FT5,B1075,12,53.6313,2024-06-24T03:47:00Z,VSFBS / SLC4E,OS,https://planet4589.org/space/gcat/data/launch/Falcon9.html
2024-152,2024-08-28T07:48:00Z,2024 Aug 28 0748:00,2024,2024.6566256830602,Starlink Group 8-6,Falcon 9,FT5,B1062,23,61.8569,2024-06-27T11:14:00Z,CC / LC40,OS,https://planet4589.org/space/gcat/data/launch/Falcon9.html
2024-154,2024-08-31T07:43:00Z,2024 Aug 31 0743:00,2024,2024.6648129174257,Starlink Group 8-10,Falcon 9,FT5,B1069,18,35.0819,2024-07-27T05:45:00Z,CC / LC40,OS,https://planet4589.org/space/gcat/data/launch/Falcon9.html
2024-155,2024-08-31T08:48:00Z,2024 Aug 31 0848:00,2024,2024.664936247723,Starlink Group 9-5,Falcon 9,FT5,B1081,9,63.2319,2024-06-29T03:14:00Z,VSFBS / SLC4E,OS,https://planet4589.org/space/gcat/data/launch/Falcon9.html
2024-158,2024-09-05T15:33:00Z,2024 Sep  5 1533:00,2024,2024.679365892532,Starlink Group 8-11,Falcon 9,FT5,B1077,15,39.4333,2024-07-28T05:09:00Z,CC / LC40,OS,https://planet4589.org/space/gcat/data/launch/Falcon9.html
2024-160,2024-09-06T03:20:00Z,2024 Sep  6 0320,2024,2024.680707346691,NRO Starshield A3,Falcon 9,FT5,B1063,20,56.0312,2024-07-12T02:35:00Z,VSFBS / SLC4E,OS,https://planet4589.org/space/gcat/data/launch/Falcon9.html
2024-161,2024-09-10T09:23:49Z,2024 Sep 10 0923:49,2024,2024.692326610251,Dragon C207.3,Falcon 9,FT5,B1083,4,124.6124,2024-05-08T18:42:00Z,KSC / LC39A,OS,https://planet4589.org/space/gcat/data/launch/Falcon9.html
2024-163,2024-09-12T08:52:00Z,2024 Sep 12 0852,2024,2024.6977307225259,BlueBird 1-1,Falcon 9,FT5,B1078,13,41.1604,2024-08-02T05:01:00Z,CC / LC40,OS,https://planet4589.org/space/gcat/data/launch/Falcon9.html
2024-164,2024-09-13T01:45:00Z,2024 Sep 13 0145:00,2024,2024.6996527777778,Starlink Group 9-6,Falcon 9,FT5,B1071,18,46.6825,2024-07-28T09:22:10Z,VSFBS / SLC4E,OS,https://planet4589.org/space/gcat/data/launch/Falcon9.html
2024-167,2024-09-17T22:50:00Z,2024 Sep 17 2250,2024,2024.712981936855,Galileo L13,Falcon 9,FT5,B1067,22,38.4167,2024-08-10T12:50:00Z,CC / LC40,OS,https://planet4589.org/space/gcat/data/launch/Falcon9.html
2024-171,2024-09-20T13:50:00Z,2024 Sep 20 1350:00,2024,2024.7201540680023,Starlink Group 9-17,Falcon 9,FT5,B1075,13,34.7875,2024-08-16T18:56:00Z,VSFBS / SLC4E,OS,https://planet4589.org/space/gcat/data/launch/Falcon9.html
2024-175,2024-09-25T04:01:00Z,2024 Sep 25 0401:00,2024,2024.7326977079538,Starlink Group 9-8,Falcon 9,FT5,B1081,10,24.8007,2024-08-31T08:48:00Z,VSFBS / SLC4E,OS,https://planet4589.org/space/gcat/data/launch/Falcon9.html
2024-178,2024-09-28T17:17:20Z,2024 Sep 28 1717:20,2024,2024.7424053835257,Dragon C212.4,Falcon 9,FT5,B1085,2,39.1648,2024-08-20T13:20:00Z,CC / LC40,OS,https://planet4589.org/space/gcat/data/launch/Falcon9.html
2024-180,2024-10-07T14:52:00Z,2024 Oct  7 1452,2024,2024.766719793564,Hera,Falcon 9,FT5,B1061,23,56.5347,2024-08-12T02:02:00Z,CC / LC40,DS,https://planet4589.org/space/gcat/data/launch/Falcon9.html
2024-183,2024-10-15T06:10:00Z,2024 Oct 15 0610,2024,2024.787587279903,Starlink Group 10-10,Falcon 9,FT5,B1080,11,71.6299,2024-08-04T15:02:53Z,CC / LC40,OS,https://planet4589.org/space/gcat/data/launch/Falcon9.html
2024-184,2024-10-15T08:21:00Z,2024 Oct 15 0821,2024,2024.787835837887,Starlink Group 9-7,Falcon 9,FT5,B1071,19,32.275,2024-09-13T01:45:00Z,VSFBS / SLC4E,OS,https://planet4589.org/space/gcat/data/launch/Falcon9.html
2024-187,2024-10-18T23:31:00Z,2024 Oct 18 2331,2024,2024.7977591833637,Starlink Group 8-19,Falcon 9,FT5,B1076,17,64.4382,2024-08-15T13:00:00Z,CC / LC40,OS,https://planet4589.org/space/gcat/data/launch/Falcon9.html
2024-188,2024-10-20T05:13:00Z,2024 Oct 20 0513,2024,2024.8011403309047,OneWeb L20,Falcon 9,FT5,B1082,7,76.909,2024-08-04T07:24:00Z,VSFBS / SLC4E,OS,https://planet4589.org/space/gcat/data/launch/Falcon9.html
2024-191,2024-10-23T21:47:00Z,2024 Oct 23 2147:00,2024,2024.8112230570734,Starlink Group 6-61,Falcon 9,FT5,B1073,18,72.4653,2024-08-12T10:37:00Z,CC / LC40,OS,https://planet4589.org/space/gcat/data/launch/Falcon9.html
2024-192,2024-10-24T17:14:00Z,2024 Oct 24 1714,2024,2024.8134373102612,NRO Starshield A4,Falcon 9,FT5,B1063,21,48.5792,2024-09-06T03:20:00Z,VSFBS / SLC4E,OS,https://planet4589.org/space/gcat/data/launch/Falcon9.html
2024-193,2024-10-26T21:47:00Z,2024 Oct 26 2147:00,2024,2024.819419778385,Starlink Group 10-8,Falcon 9,FT5,B1069,19,56.5861,2024-08-31T07:43:00Z,CC / LC40,OS,https://planet4589.org/space/gcat/data/launch/Falcon9.html
2024-195,2024-10-30T12:07:00Z,2024 Oct 30 1207:00,2024,2024.829248254402,Starlink Group 9-9,Falcon 9,FT5,B1075,14,39.9285,2024-09-20T13:50:00Z,VSFBS / SLC4E,OS,https://planet4589.org/space/gcat/data/launch/Falcon9.html
2024-196,2024-10-30T21:10:00Z,2024 Oct 30 2110,2024,2024.8302785367334,Starlink Group 10-13,Falcon 9,FT5,B1078,14,48.5125,2024-09-12T08:52:00Z,CC / LC40,OS,https://planet4589.org/space/gcat/data/launch/Falcon9.html
2024-200,2024-11-05T02:29:30Z,2024 Nov  5 0229:30,2024,2024.8445459547663,Dragon C208.5,Falcon 9,FT5,B1083,5,55.7123,2024-09-10T09:23:49Z,KSC / LC39A,OS,https://planet4589.org/space/gcat/data/launch/Falcon9.html
2024-202,2024-11-07T20:19:00Z,2024 Nov  7 2019:00,2024,2024.8520396933818,Starlink Group 6-77,Falcon 9,FT5,B1085,3,40.1262,2024-09-28T17:17:20Z,CC / LC40,OS,https://planet4589.org/space/gcat/data/launch/Falcon9.html
2024-204,2024-11-09T06:14:00Z,2024 Nov  9 0614:00,2024,2024.8559008803886,Starlink Group 9-10,Falcon 9,FT5,B1081,11,45.0924,2024-09-25T04:01:00Z,VSFBS / SLC4E,OS,https://planet4589.org/space/gcat/data/launch/Falcon9.html
2024-206,2024-11-11T17:22:00Z,2024 Nov 11 1722,2024,2024.8626328172434,Koreasat-6A,Falcon 9,FT5,B1067,23,54.7722,2024-09-17T22:50:00Z,KSC / LC39A,OS,https://planet4589.org/space/gcat/data/launch/Falcon9.html
2024-207,2024-11-11T21:28:00Z,2024 Nov 11 2128:00,2024,2024.8630995749847,Starlink Group 6-69,Falcon 9,FT5,B1080,12,27.6375,2024-10-15T06:10:00Z,CC / LC40,OS,https://planet4589.org/space/gcat/data/launch/Falcon9.html
2024-209,2024-11-14T05:23:00Z,2024 Nov 14 0523:00,2024,2024.8694653157256,Starlink Group 9-11,Falcon 9,FT5,B1082,8,25.0069,2024-10-20T05:13:00Z,VSFBS / SLC4E,OS,https://planet4589.org/space/gcat/data/launch/Falcon9.html
2024-210,2024-11-14T13:21:00Z,2024 Nov 14 1321:00,2024,2024.8703722677596,Starlink Group 6-68,Falcon 9,FT5,B1076,18,26.5764,2024-10-18T23:31:00Z,CC / LC40,OS,https://planet4589.org/space/gcat/data/launch/Falcon9.html
2024-212,2024-11-17T22:28:00Z,2024 Nov 17 2228,2024,2024.8796068609593,Optus X,Falcon 9,FT5,B1077,16,73.2882,2024-09-05T15:33:00Z,KSC / LC39A,OS,https://planet4589.org/space/gcat/data/launch/Falcon9.html
2024-213,2024-11-18T05:53:00Z,2024 Nov 18 0553:00,2024,2024.88045119915,Starlink Group 9-12,Falcon 9,FT5,B1071,20,33.8972,2024-10-15T08:21:00Z,VSFBS / SLC4E,OS,https://planet4589.org/space/gcat/data/launch/Falcon9.html
2024-214,2024-11-18T18:31:00Z,2024 Nov 18 1831,2024,2024.881889420158,GSAT-20,Falcon 9,FT5,B1073,19,25.8639,2024-10-23T21:47:00Z,CC / LC40,OS,https://planet4589.org/space/gcat/data/launch/Falcon9.html
2024-216,2024-11-21T16:07:50Z,2024 Nov 21 1607:50,2024,2024.8898144985833,Starlink Group 6-66,Falcon 9,FT5,B1069,20,25.7645,2024-10-26T21:47:00Z,CC / LC40,OS,https://planet4589.org/space/gcat/data/launch/Falcon9.html
2024-217,2024-11-24T05:25:30Z,2024 Nov 24 0525:30,2024,2024.8967924635701,Starlink Group 9-13,Falcon 9,FT5,B1075,15,24.7212,2024-10-30T12:07:00Z,VSFBS / SLC4E,OS,https://planet4589.org/space/gcat/data/launch/Falcon9.html
2024-220,2024-11-25T10:02:20Z,2024 Nov 25 1002:20,2024,2024.900049964582,Starlink Group 12-1,Falcon 9,FT5,B1080,13,13.5238,2024-11-11T21:28:00Z,CC / LC40,OS,https://planet4589.org/space/gcat/data/launch/Falcon9.html
2024-222,2024-11-27T04:41:30Z,2024 Nov 27 0441:30,2024,2024.9049056997571,Starlink Group 6-76,Falcon 9,FT5,B1078,15,27.3135,2024-10-30T21:10:00Z,KSC / LC39A,OS,https://planet4589.org/space/gcat/data/launch/Falcon9.html
2024-224,2024-11-30T05:00:00Z,2024 Nov 30 0500:00,2024,2024.9131375227687,Starlink Group 6-65,Falcon 9,FT5,B1083,6,25.1045,2024-11-05T02:29:30Z,CC / LC40,OS,https://planet4589.org/space/gcat/data/launch/Falcon9.html
2024-229,2024-12-04T10:13:10Z,2024 Dec  4 1013:10,2024,2024.9246606835661,Starlink Group 6-70,Falcon 9,FT5,B1067,24,22.7022,2024-11-11T17:22:00Z,CC / LC40,OS,https://planet4589.org/space/gcat/data/launch/Falcon9.html
2024-231,2024-12-05T03:05:00Z,2024 Dec  5 0305:00,2024,2024.9265805251973,Starlink Group 9-14,Falcon 9,FT5,B1081,12,25.8687,2024-11-09T06:14:00Z,VSFBS / SLC4E,OS,https://planet4589.org/space/gcat/data/launch/Falcon9.html
2024-234,2024-12-05T16:10:00Z,2024 Dec  5 1610,2024,2024.9280699757135,SXM-9,Falcon 9,FT5,B1076,19,21.1174,2024-11-14T13:21:00Z,KSC / LC39A,OS,https://planet4589.org/space/gcat/data/launch/Falcon9.html
2024-239,2024-12-13T21:55:40Z,2024 Dec 13 2155:40,2024,2024.9505837634083,Starlink Group 11-2,Falcon 9,FT5,B1082,9,29.6894,2024-11-14T05:23:00Z,VSFBS / SLC4E,OS,https://planet4589.org/space/gcat/data/launch/Falcon9.html
2024-242,2024-12-17T00:52:00Z,2024 Dec 17 0052,2024,2024.9591150576807,RRT-1,Falcon 9,FT5,B1085,4,39.1896,2024-11-07T20:19:00Z,CC / LC40,OS,https://planet4589.org/space/gcat/data/launch/Falcon9.html
2024-243,2024-12-17T13:19:00Z,2024 Dec 17 1319,2024,2024.9605324074073,NRO Starshield A5,Falcon 9,FT5,B1063,22,53.8368,2024-10-24T17:14:00Z,VSFBS / SLC4E,OS,https://planet4589.org/space/gcat/data/launch/Falcon9.html
2024-247,2024-12-21T11:34:24Z,2024 Dec 21 1134:24,2024,2024.9712629022465,Bandwagon-2,Falcon 9,FT5,B1071,21,33.2371,2024-11-18T05:53:00Z,VSFBS / SLC4E,OS,https://planet4589.org/space/gcat/data/launch/Falcon9.html
2024-249,2024-12-23T05:35:30Z,2024 Dec 23 0535:30,2024,2024.9760464101396,Starlink Group 12-2,Falcon 9,FT5,B1080,14,27.8147,2024-11-25T10:02:20Z,KSC / LC39A,OS,https://planet4589.org/space/gcat/data/launch/Falcon9.html
2024-251,2024-12-29T01:58:30Z,2024 Dec 29 0158:30,2024,2024.9920281193079,Starlink Group 11-3,Falcon 9,FT5,B1075,16,34.8563,2024-11-24T05:25:30Z,VSFBS / SLC4E,OS,https://planet4589.org/space/gcat/data/launch/Falcon9.html
2024-252,2024-12-29T05:00:00Z,2024 Dec 29 0500:00,2024,2024.9923724954463,Astranis,Falcon 9,FT5,B1083,7,29.0,2024-11-30T05:00:00Z,CC / LC40,OS,https://planet4589.org/space/gcat/data/launch/Falcon9.html
2024-254,2024-12-31T05:39:10Z,2024 Dec 31 0539:10,2024,2024.9979112907306,Starlink Group 12-6,Falcon 9,FT5,B1078,16,34.04,2024-11-27T04:41:30Z,KSC / LC39A,OS,https://planet4589.org/space/gcat/data/launch/Falcon9.html
2025-001,2025-01-04T01:27:00Z,2025 Jan  4 0127,2025,2025.0083847031963,Thuraya 4-NGS,Falcon 9,FT5,B1073,20,46.2889,2024-11-18T18:31:00Z,CC / LC40,OS,https://planet4589.org/space/gcat/data/launch/Falcon9.html
2025-003,2025-01-06T20:43:59Z,2025 Jan  6 2043:59,2025,2025.0160654173008,Starlink Group 6-71,Falcon 9,FT5,B1077,17,49.9278,2024-11-17T22:28:00Z,CC / LC40,OS,https://planet4589.org/space/gcat/data/launch/Falcon9.html
2025-004,2025-01-08T15:27:00Z,2025 Jan  8 1527:00,2025,2025.0209417808219,Starlink Group 12-11,Falcon 9,FT5,B1086,3,31.4267,2024-12-08T05:12:30Z,KSC / LC39A,OS,https://planet4589.org/space/gcat/data/launch/Falcon9.html
2025-005,2025-01-10T03:53:00Z,2025 Jan 10 0353,2025,2025.0251008371386,NRO Starshield A6,Falcon 9,FT5,B1071,22,19.6796,2024-12-21T11:34:24Z,VSFBS / SLC4E,OS,https://planet4589.org/space/gcat/data/launch/Falcon9.html
2025-006,2025-01-10T19:11:20Z,2025 Jan 10 1911:20,2025,2025.0268480466768,Starlink Group 12-12,Falcon 9,FT5,B1067,25,37.3737,2024-12-04T10:13:10Z,CC / LC40,OS,https://planet4589.org/space/gcat/data/launch/Falcon9.html
2025-008,2025-01-13T16:47:09Z,2025 Jan 13 1647:09,2025,2025.0347929033485,Starlink Group 12-4,Falcon 9,FT5,B1080,15,21.4664,2024-12-23T05:35:30Z,CC / LC40,OS,https://planet4589.org/space/gcat/data/launch/Falcon9.html
2025-009,2025-01-14T19:09:00Z,2025 Jan 14 1909:00,2025,2025.0378025114155,Transporter-12,Falcon 9,FT5,B1088,2,45.4576,2024-11-30T08:10:00Z,VSFBS / SLC4E,OS,https://planet4589.org/space/gcat/data/launch/Falcon9.html
2025-010,2025-01-15T06:11:00Z,2025 Jan 15 0611,2025,2025.0390620243531,BG-1/Hakuto-R M2,Falcon 9,FT5,B1085,5,29.2215,2024-12-17T00:52:00Z,KSC / LC39A,DS,https://planet4589.org/space/gcat/data/launch/Falcon9.html
2025-014,2025-01-21T05:24:50Z,2025 Jan 21 0524:50,2025,2025.0554125443937,Starlink Group 13-1,Falcon 9,FT5,B1083,8,23.0172,2024-12-29T05:00:00Z,KSC / LC39A,OS,https://planet4589.org/space/gcat/data/launch/Falcon9.html
2025-015,2025-01-21T15:45:50Z,2025 Jan 21 1545:50,2025,2025.056594051243,Starlink Group 11-8,Falcon 9,FT5,B1082,10,38.7432,2024-12-13T21:55:40Z,VSFBS / SLC4E,OS,https://planet4589.org/space/gcat/data/launch/Falcon9.html
2025-018,2025-01-24T14:07:00Z,2025 Jan 24 1407,2025,2025.0646251902588,Starlink Group 11-6,Falcon 9,FT5,B1063,23,38.0333,2024-12-17T13:19:00Z,VSFBS / SLC4E,OS,https://planet4589.org/space/gcat/data/launch/Falcon9.html
2025-019,2025-01-27T22:05:00Z,2025 Jan 27 2205:00,2025,2025.073753805175,Starlink Group 12-7,Falcon 9,FT5,B1076,20,53.2465,2024-12-05T16:10:00Z,CC / LC40,OS,https://planet4589.org/space/gcat/data/launch/Falcon9.html
2025-021,2025-01-30T01:34:00Z,2025 Jan 30 0134,2025,2025.0796308980214,Spainsat NG-1,Falcon 9,FT5,B1073,21,26.0049,2025-01-04T01:27:00Z,KSC / LC39A,OS,https://planet4589.org/space/gcat/data/launch/Falcon9.html
2025-022,2025-02-01T23:02:10Z,2025 Feb  1 2302:10,2025,2025.0875611998986,Starlink Group 11-4,Falcon 9,FT5,B1075,17,34.8775,2024-12-29T01:58:30Z,VSFBS / SLC4E,OS,https://planet4589.org/space/gcat/data/launch/Falcon9.html
2025-024,2025-02-04T10:15:00Z,2025 Feb  4 1015:00,2025,2025.0943207762557,Starlink Group 12-3,Falcon 9,FT5,B1069,21,74.755,2024-11-21T16:07:50Z,CC / LC40,OS,https://planet4589.org/space/gcat/data/launch/Falcon9.html
2025-025,2025-02-04T23:13:00Z,2025 Feb  4 2313,2025,2025.0958009893454,Maxar-3,Falcon 9,FT5,B1086,4,27.3236,2025-01-08T15:27:00Z,KSC / LC39A,OS,https://planet4589.org/space/gcat/data/launch/Falcon9.html
2025-027,2025-02-08T19:18:30Z,2025 Feb  8 1918:30,2025,2025.1063137366818,Starlink Group 12-9,Falcon 9,FT5,B1078,17,39.569,2024-12-31T05:39:10Z,CC / LC40,OS,https://planet4589.org/space/gcat/data/launch/Falcon9.html
2025-029,2025-02-11T02:09:00Z,2025 Feb 11 0209:00,2025,2025.1125742009133,Starlink Group 11-10,Falcon 9,FT5,B1071,23,31.9278,2025-01-10T03:53:00Z,VSFBS / SLC4E,OS,https://planet4589.org/space/gcat/data/launch/Falcon9.html
2025-031,2025-02-11T18:53:20Z,2025 Feb 11 1853:20,2025,2025.114485032978,Starlink Group 12-18,Falcon 9,FT5,B1077,18,35.9232,2025-01-06T20:43:59Z,CC / LC40,OS,https://planet4589.org/space/gcat/data/launch/Falcon9.html
2025-032,2025-02-15T06:14:10Z,2025 Feb 15 0614:10,2025,2025.123999556063,Starlink Group 12-8,Falcon 9,FT5,B1067,26,35.4603,2025-01-10T19:11:20Z,CC / LC40,OS,https://planet4589.org/space/gcat/data/launch/Falcon9.html
2025-034,2025-02-18T23:21:50Z,2025 Feb 18 2321:50,2025,2025.1341739599188,Starlink Group 10-12,Falcon 9,FT5,B1080,16,36.2741,2025-01-13T16:47:09Z,CC / LC40,OS,https://planet4589.org/space/gcat/data/launch/Falcon9.html
2025-035,2025-02-21T15:19:00Z,2025 Feb 21 1519:00,2025,2025.1414745053273,Starlink Group 12-14,Falcon 9,FT5,B1076,21,24.7181,2025-01-27T22:05:00Z,CC / LC40,OS,https://planet4589.org/space/gcat/data/launch/Falcon9.html
2025-037,2025-02-23T01:38:20Z,2025 Feb 23 0138:20,2025,2025.1453925672247,Starlink Group 15-1,Falcon 9,FT5,B1082,11,32.4115,2025-01-21T15:45:50Z,VSFBS / SLC4E,OS,https://planet4589.org/space/gcat/data/launch/Falcon9.html
2025-038,2025-02-27T00:16:30Z,2025 Feb 27 0016:30,2025,2025.1561957762558,IM-2/Odin/LTB/CGEO-1,Falcon 9,FT5,B1083,9,36.7859,2025-01-21T05:24:50Z,KSC / LC39A,DS,https://planet4589.org/space/gcat/data/launch/Falcon9.html
2025-043,2025-03-03T02:24:00Z,2025 Mar  3 0224:00,2025,2025.167397260274,Starlink Group 12-20,Falcon 9,FT5,B1086,5,26.1326,2025-02-04T23:13:00Z,CC / LC40,OS,https://planet4589.org/space/gcat/data/launch/Falcon9.html
2025-047,2025-03-12T03:10:12Z,2025 Mar 12 0310:12,2025,2025.192142694064,SPHEREx,Falcon 9,FT5,B1088,3,56.3342,2025-01-14T19:09:00Z,VSFBS / SLC4E,OS,https://planet4589.org/space/gcat/data/launch/Falcon9.html
2025-048,2025-03-13T02:35:30Z,2025 Mar 13 0235:30,2025,2025.1948164003045,Starlink Group 12-21,Falcon 9,FT5,B1069,22,36.6809,2025-02-04T10:15:00Z,CC / LC40,OS,https://planet4589.org/space/gcat/data/launch/Falcon9.html
2025-049,2025-03-14T23:03:48Z,2025 Mar 14 2303:48,2025,2025.1998930745815,Dragon C210.4,Falcon 9,FT5,B1090,2,87.0263,2024-12-17T22:26:00Z,KSC / LC39A,OS,https://planet4589.org/space/gcat/data/launch/Falcon9.html
2025-052,2025-03-15T06:43:00Z,2025 Mar 15 0643:00,2025,2025.2007667427702,Transporter-13,Falcon 9,FT5,B1081,13,100.1514,2024-12-05T03:05:00Z,VSFBS / SLC4E,OS,https://planet4589.org/space/gcat/data/launch/Falcon9.html
2025-053,2025-03-15T11:35:10Z,2025 Mar 15 1135:10,2025,2025.2013226154236,Starlink Group 12-16,Falcon 9,FT5,B1078,18,34.6782,2025-02-08T19:18:30Z,CC / LC40,OS,https://planet4589.org/space/gcat/data/launch/Falcon9.html
2025-057,2025-03-18T19:57:50Z,2025 Mar 18 1957:50,2025,2025.210498160832,Starlink Group 12-25,Falcon 9,FT5,B1077,19,35.0448,2025-02-11T18:53:20Z,CC / LC40,OS,https://planet4589.org/space/gcat/data/launch/Falcon9.html
2025-058,2025-03-21T06:49:00Z,2025 Mar 21 0649,2025,2025.2172165144598,NRO Starshield C1,Falcon 9,FT5,B1088,4,9.1519,2025-03-12T03:10:12Z,VSFBS / SLC4E,OS,https://planet4589.org/space/gcat/data/launch/Falcon9.html
2025-063,2025-03-26T22:11:40Z,2025 Mar 26 2211:40,2025,2025.232670598681,Starlink Group 11-7,Falcon 9,FT5,B1063,24,61.3366,2025-01-24T14:07:00Z,VSFBS / SLC4E,OS,https://planet4589.org/space/gcat/data/launch/Falcon9.html
2025-065,2025-03-31T19:52:50Z,2025 Mar 31 1952:50,2025,2025.2461050862507,Starlink Group 6-80,Falcon 9,FT5,B1080,17,40.8549,2025-02-18T23:21:50Z,CC / LC40,OS,https://planet4589.org/space/gcat/data/launch/Falcon9.html
2025-066,2025-04-01T01:46:00Z,2025 Apr  1 0146,2025,2025.2467770167427,Dragon C207.4,Falcon 9,FT5,B1085,6,75.816,2025-01-15T06:11:00Z,KSC / LC39A,OS,https://planet4589.org/space/gcat/data/launch/Falcon9.html
2025-069,2025-04-04T01:02:50Z,2025 Apr  4 0102:50,2025,2025.2549140664637,Starlink Group 11-13,Falcon 9,FT5,B1088,5,13.7596,2025-03-21T06:49:00Z,VSFBS / SLC4E,OS,https://planet4589.org/space/gcat/data/launch/Falcon9.html
2025-070,2025-04-06T03:07:20Z,2025 Apr  6 0307:20,2025,2025.2606303906646,Starlink Group 6-72,Falcon 9,FT5,B1078,19,21.6473,2025-03-15T11:35:10Z,CC / LC40,OS,https://planet4589.org/space/gcat/data/launch/Falcon9.html
2025-074,2025-04-12T12:25:00Z,2025 Apr 12 1225,2025,2025.2781297564688,NRO Starshield A7,Falcon 9,FT5,B1071,24,60.4278,2025-02-11T02:09:00Z,VSFBS / SLC4E,OS,https://planet4589.org/space/gcat/data/launch/Falcon9.html
2025-075,2025-04-13T00:53:30Z,2025 Apr 13 0053:30,2025,2025.2795538432267,Starlink Group 12-17,Falcon 9,FT5,B1083,10,45.0257,2025-02-27T00:16:30Z,KSC / LC39A,OS,https://planet4589.org/space/gcat/data/launch/Falcon9.html
2025-076,2025-04-14T04:00:10Z,2025 Apr 14 0400:10,2025,2025.2826487189243,Starlink Group 6-73,Falcon 9,FT5,B1067,27,57.9069,2025-02-15T06:14:10Z,CC / LC40,OS,https://planet4589.org/space/gcat/data/launch/Falcon9.html
2025-079,2025-04-20T12:29:00Z,2025 Apr 20 1229,2025,2025.300055175038,NRO Starshield A8,Falcon 9,FT5,B1082,12,56.4519,2025-02-23T01:38:20Z,VSFBS / SLC4E,OS,https://planet4589.org/space/gcat/data/launch/Falcon9.html
2025-080,2025-04-21T08:15:45Z,2025 Apr 21 0815:45,2025,2025.3023130707763,Dragon C209.5,Falcon 9,FT5,B1092,3,27.6026,2025-03-24T17:48:00Z,KSC / LC39A,OS,https://planet4589.org/space/gcat/data/launch/Falcon9.html
2025-081,2025-04-22T00:48:34Z,2025 Apr 22 0048:34,2025,2025.3042019913748,Bandwagon-3,Falcon 9,FT5,B1090,3,38.0728,2025-03-14T23:03:48Z,CC / LC40,OS,https://planet4589.org/space/gcat/data/launch/Falcon9.html
2025-083,2025-04-25T01:52:40Z,2025 Apr 25 0152:40,2025,2025.312543125317,Starlink Group 6-74,Falcon 9,FT5,B1069,23,42.9703,2025-03-13T02:35:30Z,CC / LC40,OS,https://planet4589.org/space/gcat/data/launch/Falcon9.html
2025-085,2025-04-28T02:09:40Z,2025 Apr 28 0209:40,2025,2025.3207946473872,Starlink Group 12-23,Falcon 9,FT5,B1077,20,40.2582,2025-03-18T19:57:50Z,CC / LC40,OS,https://planet4589.org/space/gcat/data/launch/Falcon9.html
2025-087,2025-04-28T20:42:20Z,2025 Apr 28 2042:20,2025,2025.3229115931,Starlink Group 11-9,Falcon 9,FT5,B1063,25,32.938,2025-03-26T22:11:40Z,VSFBS / SLC4E,OS,https://planet4589.org/space/gcat/data/launch/Falcon9.html
2025-091,2025-05-02T01:51:10Z,2025 May  2 0151:10,2025,2025.3317183536276,Starlink Group 6-75,Falcon 9,FT5,B1080,18,31.2488,2025-03-31T19:52:50Z,CC / LC40,OS,https://planet4589.org/space/gcat/data/launch/Falcon9.html
2025-092,2025-05-04T08:54:40Z,2025 May  4 0854:40,2025,2025.3380035514967,Starlink Group 6-84,Falcon 9,FT5,B1078,20,28.2412,2025-04-06T03:07:20Z,KSC / LC39A,OS,https://planet4589.org/space/gcat/data/launch/Falcon9.html
2025-093,2025-05-07T01:17:20Z,2025 May  7 0117:20,2025,2025.345352612887,Starlink Group 6-93,Falcon 9,FT5,B1085,7,35.9801,2025-04-01T01:46:00Z,CC / LC40,OS,https://planet4589.org/space/gcat/data/launch/Falcon9.html
2025-094,2025-05-10T00:19:50Z,2025 May 10 0019:50,2025,2025.3534623921867,Starlink Group 15-3,Falcon 9,FT5,B1081,14,55.7339,2025-03-15T06:43:00Z,VSFBS / SLC4E,OS,https://planet4589.org/space/gcat/data/launch/Falcon9.html
2025-095,2025-05-10T06:28:00Z,2025 May 10 0628:00,2025,2025.3541628614917,Starlink Group 6-91,Falcon 9,FT5,B1083,11,27.2323,2025-04-13T00:53:30Z,CC / LC40,OS,https://planet4589.org/space/gcat/data/launch/Falcon9.html
2025-098,2025-05-13T01:15:10Z,2025 May 13 0115:10,2025,2025.3617868467784,Starlink Group 15-4,Falcon 9,FT5,B1088,6,39.0086,2025-04-04T01:02:50Z,VSFBS / SLC4E,OS,https://planet4589.org/space/gcat/data/launch/Falcon9.html
2025-099,2025-05-13T05:02:20Z,2025 May 13 0502:20,2025,2025.362219051243,Starlink Group 6-83,Falcon 9,FT5,B1067,28,29.0432,2025-04-14T04:00:10Z,KSC / LC39A,OS,https://planet4589.org/space/gcat/data/launch/Falcon9.html
2025-101,2025-05-14T16:38:50Z,2025 May 14 1638:50,2025,2025.3662839294775,Starlink Group 6-67,Falcon 9,FT5,B1090,4,22.6599,2025-04-22T00:48:34Z,CC / LC40,OS,https://planet4589.org/space/gcat/data/launch/Falcon9.html
2025-102,2025-05-16T13:43:50Z,2025 May 16 1343:50,2025,2025.3714304287164,Starlink Group 15-5,Falcon 9,FT5,B1093,2,38.6095,2025-04-07T23:06:10Z,VSFBS / SLC4E,OS,https://planet4589.org/space/gcat/data/launch/Falcon9.html
2025-110,2025-05-23T22:32:20Z,2025 May 23 2232:20,2025,2025.391614028412,Starlink Group 11-16,Falcon 9,FT5,B1075,18,110.9793,2025-02-01T23:02:10Z,VSFBS / SLC4E,OS,https://planet4589.org/space/gcat/data/launch/Falcon9.html
2025-111,2025-05-24T17:19:00Z,2025 May 24 1719:00,2025,2025.3937576103501,Starlink Group 12-22,Falcon 9,FT5,B1069,24,29.6433,2025-04-25T01:52:40Z,CC / LC40,OS,https://planet4589.org/space/gcat/data/launch/Falcon9.html
2025-112,2025-05-27T16:57:15Z,2025 May 27 1657:15,2025,2025.4019354071538,Starlink Group 17-1,Falcon 9,FT5,B1082,13,37.1863,2025-04-20T12:29:00Z,VSFBS / SLC4E,OS,https://planet4589.org/space/gcat/data/launch/Falcon9.html
2025-113,2025-05-28T13:30:00Z,2025 May 28 1330:00,2025,2025.4042808219178,Starlink Group 10-32,Falcon 9,FT5,B1080,19,26.4853,2025-05-02T01:51:10Z,KSC / LC39A,OS,https://planet4589.org/space/gcat/data/launch/Falcon9.html
2025-116,2025-05-30T17:37:59Z,2025 May 30 1737:59,2025,2025.4102320839675,GPS III SV08,Falcon 9,FT5,B1092,4,39.3904,2025-04-21T08:15:45Z,CC / LC40,OS,https://planet4589.org/space/gcat/data/launch/Falcon9.html
2025-117,2025-05-31T20:10:00Z,2025 May 31 2010:00,2025,2025.4132610350075,Starlink Group 11-18,Falcon 9,FT5,B1071,25,49.3229,2025-04-12T12:25:00Z,VSFBS / SLC4E,OS,https://planet4589.org/space/gcat/data/launch/Falcon9.html
2025-119,2025-06-03T04:43:40Z,2025 Jun  3 0443:40,2025,2025.4197177828514,Starlink Group 12-19,Falcon 9,FT5,B1077,21,36.1069,2025-04-28T02:09:40Z,CC / LC40,OS,https://planet4589.org/space/gcat/data/launch/Falcon9.html
2025-120,2025-06-04T23:40:30Z,2025 Jun  4 2340:30,2025,2025.4246204337899,Starlink Group 11-22,Falcon 9,FT5,B1063,26,37.1237,2025-04-28T20:42:20Z,VSFBS / SLC4E,OS,https://planet4589.org/space/gcat/data/launch/Falcon9.html
2025-122,2025-06-07T04:54:00Z,2025 Jun  7 0454,2025,2025.430696347032,SXM-10,Falcon 9,FT5,B1085,8,31.1505,2025-05-07T01:17:20Z,CC / LC40,OS,https://planet4589.org/space/gcat/data/launch/Falcon9.html
2025-123,2025-06-08T14:20:10Z,2025 Jun  8 1420:10,2025,2025.434513254693,Starlink Group 15-8,Falcon 9,FT5,B1088,7,26.5451,2025-05-13T01:15:10Z,VSFBS / SLC4E,OS,https://planet4589.org/space/gcat/data/launch/Falcon9.html
2025-124,2025-06-10T13:05:40Z,2025 Jun 10 1305:40,2025,2025.4398509639777,Starlink Group 12-24,Falcon 9,FT5,B1083,12,31.2762,2025-05-10T06:28:00Z,CC / LC40,OS,https://planet4589.org/space/gcat/data/launch/Falcon9.html
2025-126,2025-06-13T01:54:50Z,2025 Jun 13 0154:50,2025,2025.4467938229325,Starlink Group 15-6,Falcon 9,FT5,B1081,15,34.066,2025-05-10T00:19:50Z,VSFBS / SLC4E,OS,https://planet4589.org/space/gcat/data/launch/Falcon9.html
2025-127,2025-06-13T15:29:00Z,2025 Jun 13 1529:00,2025,2025.4483428462709,Starlink Group 12-26,Falcon 9,FT5,B1078,21,40.2738,2025-05-04T08:54:40Z,CC / LC40,OS,https://planet4589.org/space/gcat/data/launch/Falcon9.html
2025-129,2025-06-17T03:36:50Z,2025 Jun 17 0336:50,2025,2025.4579467909691,Starlink Group 15-9,Falcon 9,FT5,B1093,3,31.5785,2025-05-16T13:43:50Z,VSFBS / SLC4E,OS,https://planet4589.org/space/gcat/data/launch/Falcon9.html
2025-130,2025-06-18T05:55:10Z,2025 Jun 18 0555:10,2025,2025.46094970827,Starlink Group 10-18,Falcon 9,FT5,B1090,5,34.553,2025-05-14T16:38:50Z,CC / LC40,OS,https://planet4589.org/space/gcat/data/launch/Falcon9.html
2025-133,2025-06-23T05:58:30Z,2025 Jun 23 0558:30,2025,2025.4746546803653,Starlink Group 10-23,Falcon 9,FT5,B1069,25,29.5274,2025-05-24T17:19:00Z,CC / LC40,OS,https://planet4589.org/space/gcat/data/launch/Falcon9.html
2025-135,2025-06-23T21:25:00Z,2025 Jun 23 2125:00,2025,2025.4764174277016,Transporter-14,Falcon 9,FT5,B1071,26,23.0521,2025-05-31T20:10:00Z,VSFBS / SLC4E,OS,https://planet4589.org/space/gcat/data/launch/Falcon9.html
2025-136,2025-06-25T06:31:53Z,2025 Jun 25 0631:53,2025,2025.4801976471335,Dragon C213.1,Falcon 9,FT5,B1094,2,57.1651,2025-04-29T02:34:10Z,KSC / LC39A,OS,https://planet4589.org/space/gcat/data/launch/Falcon9.html
2025-137,2025-06-25T19:54:50Z,2025 Jun 25 1954:50,2025,2025.4817253297817,Starlink Group 10-16,Falcon 9,FT5,B1080,20,28.2672,2025-05-28T13:30:00Z,CC / LC40,OS,https://planet4589.org/space/gcat/data/launch/Falcon9.html
2025-139,2025-06-28T04:26:00Z,2025 Jun 28 0426:00,2025,2025.4881773211569,Starlink Group 10-34,Falcon 9,FT5,B1092,5,28.45,2025-05-30T17:37:59Z,CC / LC40,OS,https://planet4589.org/space/gcat/data/launch/Falcon9.html
2025-142,2025-06-28T17:13:00Z,2025 Jun 28 1713:00,2025,2025.489636605784,Starlink Group 15-7,Falcon 9,FT5,B1088,8,20.12,2025-06-08T14:20:10Z,VSFBS / SLC4E,OS,https://planet4589.org/space/gcat/data/launch/Falcon9.html
2025-143,2025-07-01T21:04:00Z,2025 Jul  1 2104,2025,2025.4982952815828,MTG-S1,Falcon 9,FT5,B1085,9,24.6736,2025-06-07T04:54:00Z,KSC / LC39A,OS,https://planet4589.org/space/gcat/data/launch/Falcon9.html
2025-144,2025-07-02T06:28:10Z,2025 Jul  2 0628:10,2025,2025.4993686580417,Starlink Group 10-25,Falcon 9,FT5,B1067,29,50.0596,2025-05-13T05:02:20Z,CC / LC40,OS,https://planet4589.org/space/gcat/data/launch/Falcon9.html
2025-147,2025-07-08T08:21:00Z,2025 Jul  8 0821:00,2025,2025.5160216894976,Starlink Group 10-28,Falcon 9,FT5,B1077,22,35.1509,2025-06-03T04:43:40Z,CC / LC40,OS,https://planet4589.org/space/gcat/data/launch/Falcon9.html
2025-148,2025-07-13T05:04:00Z,2025 Jul 13 0504,2025,2025.5293455098933,Dror-1,Falcon 9,FT5,B1083,13,32.6655,2025-06-10T13:05:40Z,CC / LC40,OS,https://planet4589.org/space/gcat/data/launch/Falcon9.html
2025-150,2025-07-16T02:05:20Z,2025 Jul 16 0205:20,2025,2025.5372247590055,Starlink Group 15-2,Falcon 9,FT5,B1093,4,28.9365,2025-06-17T03:36:50Z,VSFBS / SLC4E,OS,https://planet4589.org/space/gcat/data/launch/Falcon9.html
2025-152,2025-07-19T03:52:00Z,2025 Jul 19 0352,2025,2025.5456468797565,Starlink Group 17-3,Falcon 9,FT5,B1082,14,52.4547,2025-05-27T16:57:15Z,VSFBS / SLC4E,OS,https://planet4589.org/space/gcat/data/launch/Falcon9.html
2025-153,2025-07-22T21:12:00Z,2025 Jul 22 2112,2025,2025.5558447488584,O3b mPOWER 9/10,Falcon 9,FT5,B1090,6,34.6367,2025-06-18T05:55:10Z,CC / LC40,OS,https://planet4589.org/space/gcat/data/launch/Falcon9.html
2025-154,2025-07-23T18:13:00Z,2025 Jul 23 1813,2025,2025.55824391172,TRACERS,Falcon 9,FT5,B1081,16,40.6793,2025-06-13T01:54:50Z,VSFBS / SLC4E,OS,https://planet4589.org/space/gcat/data/launch/Falcon9.html
2025-157,2025-07-26T09:01:40Z,2025 Jul 26 0901:40,2025,2025.5654141298833,Starlink Group 10-26,Falcon 9,FT5,B1078,22,42.731,2025-06-13T15:29:00Z,CC / LC40,OS,https://planet4589.org/space/gcat/data/launch/Falcon9.html
2025-158,2025-07-27T04:30:50Z,2025 Jul 27 0430:50,2025,2025.567638571791,Starlink Group 17-2,Falcon 9,FT5,B1075,19,64.249,2025-05-23T22:32:20Z,VSFBS / SLC4E,OS,https://planet4589.org/space/gcat/data/launch/Falcon9.html
2025-161,2025-07-30T03:37:50Z,2025 Jul 30 0337:50,2025,2025.5757569127347,Starlink Group 10-29,Falcon 9,FT5,B1069,26,36.9023,2025-06-23T05:58:30Z,CC / LC40,OS,https://planet4589.org/space/gcat/data/launch/Falcon9.html
2025-165,2025-07-31T18:35:09Z,2025 Jul 31 1835:09,2025,2025.5802038622526,Starlink Group 13-4,Falcon 9,FT5,B1071,27,37.882,2025-06-23T21:25:00Z,VSFBS / SLC4E,OS,https://planet4589.org/space/gcat/data/launch/Falcon9.html
2025-166,2025-08-01T15:43:42Z,2025 Aug  1 1543:42,2025,2025.5826173896498,Dragon C206.6,Falcon 9,FT5,B1094,3,37.3832,2025-06-25T06:31:53Z,KSC / LC39A,OS,https://planet4589.org/space/gcat/data/launch/Falcon9.html
2025-167,2025-08-04T07:57:50Z,2025 Aug  4 0757:50,2025,2025.5899502156267,Starlink Group 10-30,Falcon 9,FT5,B1080,21,39.5021,2025-06-25T19:54:50Z,CC / LC40,OS,https://planet4589.org/space/gcat/data/launch/Falcon9.html
2025-175,2025-08-14T05:05:37Z,2025 Aug 14 0505:37,2025,2025.61701981862,Starlink Group 17-4,Falcon 9,FT5,B1093,5,29.1252,2025-07-16T02:05:20Z,VSFBS / SLC4E,OS,https://planet4589.org/space/gcat/data/launch/Falcon9.html
2025-176,2025-08-14T12:29:30Z,2025 Aug 14 1229:30,2025,2025.6178643455098,Starlink Group 10-20,Falcon 9,FT5,B1085,10,43.6427,2025-07-01T21:04:00Z,CC / LC40,OS,https://planet4589.org/space/gcat/data/launch/Falcon9.html
2025-179,2025-08-18T16:26:49Z,2025 Aug 18 1626:49,2025,2025.6292747653476,Starlink Group 17-5,Falcon 9,FT5,B1088,9,50.9679,2025-06-28T17:13:00Z,VSFBS / SLC4E,OS,https://planet4589.org/space/gcat/data/launch/Falcon9.html
2025-183,2025-08-22T03:50:00Z,2025 Aug 22 0350,2025,2025.638793759513,X-37B No. 1/USSF-36,Falcon 9,FT5,B1092,6,54.975,2025-06-28T04:26:00Z,KSC / LC39A,OS,https://planet4589.org/space/gcat/data/launch/Falcon9.html
2025-184,2025-08-22T17:04:49Z,2025 Aug 22 1704:49,2025,2025.6403059677828,Starlink Group 17-6,Falcon 9,FT5,B1081,17,29.9527,2025-07-23T18:13:00Z,VSFBS / SLC4E,OS,https://planet4589.org/space/gcat/data/launch/Falcon9.html
2025-186,2025-08-24T06:45:36Z,2025 Aug 24 0645:36,2025,2025.644607305936,Dragon C211.3,Falcon 9,FT5,B1090,7,32.3983,2025-07-22T21:12:00Z,CC / LC40,OS,https://planet4589.org/space/gcat/data/launch/Falcon9.html
2025-188,2025-08-26T18:53:41Z,2025 Aug 26 1853:41,2025,2025.6514720002538,NAOS,Falcon 9,FT5,B1063,27,82.8008,2025-06-04T23:40:30Z,VSFBS / SLC4E,OS,https://planet4589.org/space/gcat/data/launch/Falcon9.html
2025-189,2025-08-27T11:10:40Z,2025 Aug 27 1110:40,2025,2025.6533307965499,Starlink Group 10-56,Falcon 9,FT5,B1095,2,98.3274,2025-05-21T03:19:10Z,CC / LC40,OS,https://planet4589.org/space/gcat/data/launch/Falcon9.html
2025-190,2025-08-28T08:12:00Z,2025 Aug 28 0812:00,2025,2025.6557305936074,Starlink Group 10-11,Falcon 9,FT5,B1067,30,57.0721,2025-07-02T06:28:10Z,KSC / LC39A,OS,https://planet4589.org/space/gcat/data/launch/Falcon9.html
2025-191,2025-08-30T04:59:30Z,2025 Aug 30 0459:30,2025,2025.6608437975647,Starlink Group 17-7,Falcon 9,FT5,B1082,15,42.0469,2025-07-19T03:52:00Z,VSFBS / SLC4E,OS,https://planet4589.org/space/gcat/data/launch/Falcon9.html
2025-192,2025-08-31T11:49:00Z,2025 Aug 31 1149:00,2025,2025.664362633181,Starlink Group 10-14,Falcon 9,FT5,B1077,23,54.1444,2025-07-08T08:21:00Z,CC / LC40,OS,https://planet4589.org/space/gcat/data/launch/Falcon9.html
2025-195,2025-09-03T11:56:10Z,2025 Sep  3 1156:10,2025,2025.672595446474,Starlink Group 10-22,Falcon 9,FT5,B1083,14,52.2862,2025-07-13T05:04:00Z,CC / LC40,OS,https://planet4589.org/space/gcat/data/launch/Falcon9.html
2025-198,2025-09-05T12:32:30Z,2025 Sep  5 1232:30,2025,2025.678144025875,Starlink Group 10-57,Falcon 9,FT5,B1069,27,37.3713,2025-07-30T03:37:50Z,KSC / LC39A,OS,https://planet4589.org/space/gcat/data/launch/Falcon9.html
2025-200,2025-09-06T18:06:40Z,2025 Sep  6 1806:40,2025,2025.681519533232,Starlink Group 17-9,Falcon 9,FT5,B1075,20,41.5666,2025-07-27T04:30:50Z,VSFBS / SLC4E,OS,https://planet4589.org/space/gcat/data/launch/Falcon9.html
2025-203,2025-09-10T14:12:10Z,2025 Sep 10 1412:10,2025,2025.6920322805681,Tranche 1 TL-B,Falcon 9,FT5,B1093,6,27.3795,2025-08-14T05:05:37Z,VSFBS / SLC4E,OS,https://planet4589.org/space/gcat/data/launch/Falcon9.html
2025-205,2025-09-12T01:56:00Z,2025 Sep 12 0156,2025,2025.6961111111111,Nusantara Lima,Falcon 9,FT5,B1078,23,47.7044,2025-07-26T09:01:40Z,CC / LC40,OS,https://planet4589.org/space/gcat/data/launch/Falcon9.html
2025-207,2025-09-13T17:55:49Z,2025 Sep 13 1755:49,2025,2025.7006769723491,Starlink Group 17-10,Falcon 9,FT5,B1071,28,43.9727,2025-07-31T18:35:09Z,VSFBS / SLC4E,OS,https://planet4589.org/space/gcat/data/launch/Falcon9.html
2025-208,2025-09-14T22:11:49Z,2025 Sep 14 2211:49,2025,2025.7039037607813,Cygnus NG-23,Falcon 9,FT5,B1094,4,44.2695,2025-08-01T15:43:42Z,CC / LC40,OS,https://planet4589.org/space/gcat/data/launch/Falcon9.html
2025-210,2025-09-18T09:30:00Z,2025 Sep 18 0930:00,2025,2025.7134132420092,Starlink Group 10-61,Falcon 9,FT5,B1092,7,27.2361,2025-08-22T03:50:00Z,CC / LC40,OS,https://planet4589.org/space/gcat/data/launch/Falcon9.html
2025-211,2025-09-19T16:31:39Z,2025 Sep 19 1631:39,2025,2025.716955194064,Starlink Group 17-12,Falcon 9,FT5,B1088,10,32.0034,2025-08-18T16:26:49Z,VSFBS / SLC4E,OS,https://planet4589.org/space/gcat/data/launch/Falcon9.html
2025-212,2025-09-21T10:53:00Z,2025 Sep 21 1053:00,2025,2025.7217903348553,Starlink Group 10-27,Falcon 9,FT5,B1085,11,37.933,2025-08-14T12:29:30Z,CC / LC40,OS,https://planet4589.org/space/gcat/data/launch/Falcon9.html
2025-213,2025-09-22T17:38:00Z,2025 Sep 22 1738,2025,2025.725300608828,NRO Starshield C2,Falcon 9,FT5,B1081,18,31.023,2025-08-22T17:04:49Z,VSFBS / SLC4E,OS,https://planet4589.org/space/gcat/data/launch/Falcon9.html
2025-215,2025-09-24T11:30:50Z,2025 Sep 24 1130:50,2025,2025.7300814941655,IMAP,Falcon 9,FT5,B1096,2,70.2089,2025-07-16T06:30:00Z,KSC / LC39A,DS,https://planet4589.org/space/gcat/data/launch/Falcon9.html
2025-216,2025-09-25T08:39:00Z,2025 Sep 25 0839:00,2025,2025.7324942922373,Starlink Group 10-15,Falcon 9,FT5,B1080,22,52.0286,2025-08-04T07:57:50Z,CC / LC40,OS,https://planet4589.org/space/gcat/data/launch/Falcon9.html
2025-218,2025-09-26T04:26:29Z,2025 Sep 26 0426:29,2025,2025.7347535832064,Starlink Group 17-11,Falcon 9,FT5,B1082,16,26.9771,2025-08-30T04:59:30Z,VSFBS / SLC4E,OS,https://planet4589.org/space/gcat/data/launch/Falcon9.html
2025-221,2025-09-29T02:04:50Z,2025 Sep 29 0204:50,2025,2025.7427032597666,Starlink Group 11-20,Falcon 9,FT5,B1063,28,33.2994,2025-08-26T18:53:41Z,VSFBS / SLC4E,OS,https://planet4589.org/space/gcat/data/launch/Falcon9.html
2025-223,2025-10-03T14:06:50Z,2025 Oct  3 1406:50,2025,2025.755035832065,Starlink Group 11-39,Falcon 9,FT5,B1097,2,30.4274,2025-09-03T03:51:26Z,VSFBS / SLC4E,OS,https://planet4589.org/space/gcat/data/launch/Falcon9.html
2025-224,2025-10-07T06:46:10Z,2025 Oct  7 0646:10,2025,2025.7651563292745,Starlink Group 10-59,Falcon 9,FT5,B1090,8,44.0004,2025-08-24T06:45:36Z,CC / LC40,OS,https://planet4589.org/space/gcat/data/launch/Falcon9.html
2025-225,2025-10-08T03:54:00Z,2025 Oct  8 0354:00,2025,2025.7675684931507,Starlink Group 11-17,Falcon 9,FT5,B1071,29,24.4154,2025-09-13T17:55:49Z,VSFBS / SLC4E,OS,https://planet4589.org/space/gcat/data/launch/Falcon9.html
2025-228,2025-10-14T01:58:00Z,2025 Oct 14 0158:00,2025,2025.7837861491628,Kuiper KF-03,Falcon 9,FT5,B1091,2,63.5576,2025-08-11T12:35:00Z,CC / LC40,OS,https://planet4589.org/space/gcat/data/launch/Falcon9.html
2025-230,2025-10-15T23:06:06Z,2025 Oct 15 2306:06,2025,2025.7889385464232,Tranche 1 TL-C,Falcon 9,FT5,B1093,7,35.3708,2025-09-10T14:12:10Z,VSFBS / SLC4E,OS,https://planet4589.org/space/gcat/data/launch/Falcon9.html
2025-232,2025-10-16T09:27:10Z,2025 Oct 16 0927:10,2025,2025.7901201801117,Starlink Group 10-52,Falcon 9,FT5,B1095,3,49.9281,2025-08-27T11:10:40Z,CC / LC40,OS,https://planet4589.org/space/gcat/data/launch/Falcon9.html
2025-235,2025-10-19T17:39:40Z,2025 Oct 19 1739:40,2025,2025.7992763825469,Starlink Group 10-17,Falcon 9,FT5,B1067,31,52.3942,2025-08-28T08:12:00Z,CC / LC40,OS,https://planet4589.org/space/gcat/data/launch/Falcon9.html
2025-236,2025-10-19T19:24:00Z,2025 Oct 19 1924:00,2025,2025.7994748858448,Starlink Group 11-19,Falcon 9,FT5,B1088,11,30.1197,2025-09-19T16:31:39Z,VSFBS / SLC4E,OS,https://planet4589.org/space/gcat/data/launch/Falcon9.html
2025-237,2025-10-22T14:16:20Z,2025 Oct 22 1416:20,2025,2025.807108701167,Starlink Group 11-5,Falcon 9,FT5,B1075,21,45.84,2025-09-06T18:06:40Z,VSFBS / SLC4E,OS,https://planet4589.org/space/gcat/data/launch/Falcon9.html
2025-239,2025-10-24T01:30:00Z,2025 Oct 24 0130:00,2025,2025.8111301369863,Spainsat NG-II,Falcon 9,FT5,B1076,22,244.4243,2025-02-21T15:19:00Z,CC / LC40,OS,https://planet4589.org/space/gcat/data/launch/Falcon9.html
2025-240,2025-10-25T14:20:50Z,2025 Oct 25 1420:50,2025,2025.815336440893,Starlink Group 11-12,Falcon 9,FT5,B1081,19,32.8631,2025-09-22T17:38:00Z,VSFBS / SLC4E,OS,https://planet4589.org/space/gcat/data/launch/Falcon9.html
2025-243,2025-10-26T15:00:40Z,2025 Oct 26 1500:40,2025,2025.8181519533232,Starlink Group 10-21,Falcon 9,FT5,B1077,24,56.1331,2025-08-31T11:49:00Z,CC / LC40,OS,https://planet4589.org/space/gcat/data/launch/Falcon9.html
2025-244,2025-10-28T00:43:49Z,2025 Oct 28 0043:49,2025,2025.8220011732624,Starlink Group 11-21,Falcon 9,FT5,B1082,17,31.8454,2025-09-26T04:26:29Z,VSFBS / SLC4E,OS,https://planet4589.org/space/gcat/data/launch/Falcon9.html
2025-245,2025-10-29T16:35:20Z,2025 Oct 29 1635:20,2025,2025.826551243024,Starlink Group 10-37,Falcon 9,FT5,B1083,15,56.1939,2025-09-03T11:56:10Z,CC / LC40,OS,https://planet4589.org/space/gcat/data/launch/Falcon9.html
2025-247,2025-10-31T20:41:10Z,2025 Oct 31 2041:10,2025,2025.8324984145104,Starlink Group 11-23,Falcon 9,FT5,B1063,29,32.7752,2025-09-29T02:04:50Z,VSFBS / SLC4E,OS,https://planet4589.org/space/gcat/data/launch/Falcon9.html
2025-248,2025-11-02T05:09:59Z,2025 Nov  2 0509:59,2025,2025.8362062087772,Bandwagon-4,Falcon 9,FT5,B1091,3,19.1333,2025-10-14T01:58:00Z,CC / LC40,OS,https://planet4589.org/space/gcat/data/launch/Falcon9.html
2025-253,2025-11-06T01:31:10Z,2025 Nov  6 0131:10,2025,2025.846748795028,Starlink Group 6-81,Falcon 9,FT5,B1094,5,52.1384,2025-09-14T22:11:49Z,CC / LC40,OS,https://planet4589.org/space/gcat/data/launch/Falcon9.html
2025-254,2025-11-06T21:13:50Z,2025 Nov  6 2113:50,2025,2025.8489989218672,Starlink Group 11-14,Falcon 9,FT5,B1093,8,21.922,2025-10-15T23:06:06Z,VSFBS / SLC4E,OS,https://planet4589.org/space/gcat/data/launch/Falcon9.html
2025-257,2025-11-09T08:10:10Z,2025 Nov  9 0810:10,2025,2025.8557271055301,Starlink Group 10-51,Falcon 9,FT5,B1069,28,64.8178,2025-09-05T12:32:30Z,KSC / LC39A,OS,https://planet4589.org/space/gcat/data/launch/Falcon9.html
2025-259,2025-11-11T03:21:30Z,2025 Nov 11 0321:30,2025,2025.860657343988,Starlink Group 6-87,Falcon 9,FT5,B1096,3,47.6602,2025-09-24T11:30:50Z,CC / LC40,OS,https://planet4589.org/space/gcat/data/launch/Falcon9.html
2025-262,2025-11-15T03:08:10Z,2025 Nov 15 0308:10,2025,2025.8715908802637,Starlink Group 6-89,Falcon 9,FT5,B1092,8,57.7348,2025-09-18T09:30:00Z,KSC / LC39A,OS,https://planet4589.org/space/gcat/data/launch/Falcon9.html
2025-263,2025-11-15T06:44:20Z,2025 Nov 15 0644:20,2025,2025.8720021562658,Starlink Group 6-85,Falcon 9,FT5,B1078,24,64.2002,2025-09-12T01:56:00Z,CC / LC40,OS,https://planet4589.org/space/gcat/data/launch/Falcon9.html
2025-264,2025-11-17T05:21:32Z,2025 Nov 17 0521:32,2025,2025.877324074074,Sentinel-6B,Falcon 9,FT5,B1097,3,44.6352,2025-10-03T14:06:50Z,VSFBS / SLC4E,OS,https://planet4589.org/space/gcat/data/launch/Falcon9.html
2025-265,2025-11-19T00:12:20Z,2025 Nov 19 0012:20,2025,2025.882215246068,Starlink Group 6-94,Falcon 9,FT5,B1085,12,58.5551,2025-09-21T10:53:00Z,CC / LC40,OS,https://planet4589.org/space/gcat/data/launch/Falcon9.html
2025-268,2025-11-21T03:39:30Z,2025 Nov 21 0339:30,2025,2025.8880888508372,Starlink Group 6-78,Falcon 9,FT5,B1080,23,56.792,2025-09-25T08:39:00Z,KSC / LC39A,OS,https://planet4589.org/space/gcat/data/launch/Falcon9.html
2025-270,2025-11-22T07:53:50Z,2025 Nov 22 0753:50,2025,2025.8913124682902,Starlink Group 6-79,Falcon 9,FT5,B1090,9,46.047,2025-10-07T06:46:10Z,CC / LC40,OS,https://planet4589.org/space/gcat/data/launch/Falcon9.html
2025-276,2025-11-28T18:44:30Z,2025 Nov 28 1844:30,2025,2025.9089887747336,Transporter-15,Falcon 9,FT5,B1071,30,51.6184,2025-10-08T03:54:00Z,VSFBS / SLC4E,OS,https://planet4589.org/space/gcat/data/launch/Falcon9.html
2025-278,2025-12-01T07:44:10Z,2025 Dec  1 0744:10,2025,2025.9159516108575,Starlink Group 6-86,Falcon 9,FT5,B1095,4,45.9285,2025-10-16T09:27:10Z,KSC / LC39A,OS,https://planet4589.org/space/gcat/data/launch/Falcon9.html
2025-280,2025-12-02T05:28:20Z,2025 Dec  2 0528:20,2025,2025.9184329020802,Starlink Group 15-10,Falcon 9,FT5,B1081,20,37.6302,2025-10-25T14:20:50Z,VSFBS / SLC4E,OS,https://planet4589.org/space/gcat/data/launch/Falcon9.html
2025-281,2025-12-02T22:18:50Z,2025 Dec  2 2218:50,2025,2025.9203554667681,Starlink Group 6-95,Falcon 9,FT5,B1077,25,37.3043,2025-10-26T15:00:40Z,CC / LC40,OS,https://planet4589.org/space/gcat/data/launch/Falcon9.html
2025-283,2025-12-04T20:42:20Z,2025 Dec  4 2042:20,2025,2025.9256513191274,Starlink Group 11-25,Falcon 9,FT5,B1097,4,17.6394,2025-11-17T05:21:32Z,VSFBS / SLC4E,OS,https://planet4589.org/space/gcat/data/launch/Falcon9.html
2025-286,2025-12-07T17:58:30Z,2025 Dec  7 1758:30,2025,2025.9335587899543,Starlink Group 11-15,Falcon 9,FT5,B1088,12,48.9406,2025-10-19T19:24:00Z,VSFBS / SLC4E,OS,https://planet4589.org/space/gcat/data/launch/Falcon9.html
2025-288,2025-12-08T22:26:10Z,2025 Dec  8 2226:10,2025,2025.936807775241,Starlink Group 6-92,Falcon 9,FT5,B1067,32,50.199,2025-10-19T17:39:40Z,KSC / LC39A,OS,https://planet4589.org/space/gcat/data/launch/Falcon9.html
2025-291,2025-12-09T19:16:00Z,2025 Dec  9 1916,2025,2025.939185692542,INTRUDER?,Falcon 9,FT5,B1096,4,28.6628,2025-11-11T03:21:30Z,CC / LC40,OS,https://planet4589.org/space/gcat/data/launch/Falcon9.html
2025-293,2025-12-10T11:40:30Z,2025 Dec 10 1140:30,2025,2025.9410587899542,Starlink Group 15-11,Falcon 9,FT5,B1082,18,43.456,2025-10-28T00:43:49Z,VSFBS / SLC4E,OS,https://planet4589.org/space/gcat/data/launch/Falcon9.html
2025-294,2025-12-11T22:01:20Z,2025 Dec 11 2201:20,2025,2025.9449797057332,Starlink Group 6-90,Falcon 9,FT5,B1083,16,43.2264,2025-10-29T16:35:20Z,CC / LC40,OS,https://planet4589.org/space/gcat/data/launch/Falcon9.html
2025-298,2025-12-14T05:49:00Z,2025 Dec 14 0549:00,2025,2025.9513489345509,Starlink Group 15-12,Falcon 9,FT5,B1093,9,37.3578,2025-11-06T21:13:50Z,VSFBS / SLC4E,OS,https://planet4589.org/space/gcat/data/launch/Falcon9.html
2025-299,2025-12-15T05:25:10Z,2025 Dec 15 0525:10,2025,2025.9540433155757,Starlink Group 6-82,Falcon 9,FT5,B1092,9,30.0951,2025-11-15T03:08:10Z,CC / LC40,OS,https://planet4589.org/space/gcat/data/launch/Falcon9.html
2025-303,2025-12-17T13:42:10Z,2025 Dec 17 1342:10,2025,2025.9604683536277,Starlink Group 6-99,Falcon 9,FT5,B1094,6,41.5076,2025-11-06T01:31:10Z,KSC / LC39A,OS,https://planet4589.org/space/gcat/data/launch/Falcon9.html
2025-304,2025-12-17T15:27:50Z,2025 Dec 17 1527:50,2025,2025.9606693937087,Starlink Group 15-13,Falcon 9,FT5,B1063,30,46.7824,2025-10-31T20:41:10Z,VSFBS / SLC4E,OS,https://planet4589.org/space/gcat/data/launch/Falcon9.html
2026-001,2026-01-03T02:09:16Z,2026 Jan  3 0209:16,2026,2026.0057253932014,COSMO-Skymed SG FM3,Falcon 9,FT5,B1081,21,31.8618,2025-12-02T05:28:20Z,VSFBS / SLC4E,OS,https://planet4589.org/space/gcat/data/launch/Falcon9.html
2026-003,2026-01-09T21:41:00Z,2026 Jan  9 2141:00,2026,2026.0243930745814,Starlink Group 6-96,Falcon 9,FT5,B1069,29,61.5631,2025-11-09T08:10:10Z,CC / LC40,OS,https://planet4589.org/space/gcat/data/launch/Falcon9.html
2026-004,2026-01-11T13:44:50Z,2026 Jan 11 1344:50,2026,2026.0289665778791,Twilight,Falcon 9,FT5,B1097,5,37.7101,2025-12-04T20:42:20Z,VSFBS / SLC4E,OS,https://planet4589.org/space/gcat/data/launch/Falcon9.html
2026-005,2026-01-12T21:08:20Z,2026 Jan 12 2108:20,2026,2026.0325501014713,Starlink Group 6-97,Falcon 9,FT5,B1078,25,58.6,2025-11-15T06:44:20Z,CC / LC40,OS,https://planet4589.org/space/gcat/data/launch/Falcon9.html
2026-008,2026-01-14T18:08:20Z,2026 Jan 14 1808:20,2026,2026.0376870877726,Starlink Group 6-98,Falcon 9,FT5,B1085,13,56.7472,2025-11-19T00:12:20Z,CC / LC40,OS,https://planet4589.org/space/gcat/data/launch/Falcon9.html
2026-011,2026-01-17T04:39:51Z,2026 Jan 17 0439:51,2026,2026.0443680555557,NRO Starshield C3,Falcon 9,FT5,B1100,2,54.8277,2025-11-23T08:48:00Z,VSFBS / SLC4E,OS,https://planet4589.org/space/gcat/data/launch/Falcon9.html
2026-012,2026-01-18T23:31:40Z,2026 Jan 18 2331:40,2026,2026.0492611618467,Starlink Group 6-100,Falcon 9,FT5,B1080,24,58.8279,2025-11-21T03:39:30Z,CC / LC40,OS,https://planet4589.org/space/gcat/data/launch/Falcon9.html
2026-014,2026-01-22T05:47:29Z,2026 Jan 22 0547:29,2026,2026.0581953640285,Starlink Group 17-30,Falcon 9,FT5,B1093,10,38.9989,2025-12-14T05:49:00Z,VSFBS / SLC4E,OS,https://planet4589.org/space/gcat/data/launch/Falcon9.html
2026-016,2026-01-25T17:30:39Z,2026 Jan 25 1730:39,2026,2026.0677523782344,Starlink Group 17-20,Falcon 9,FT5,B1097,6,14.1568,2026-01-11T13:44:50Z,VSFBS / SLC4E,OS,https://planet4589.org/space/gcat/data/launch/Falcon9.html
2026-017,2026-01-28T04:53:16Z,2026 Jan 28 0453:16,2026,2026.0745305682394,GPS III SV09,Falcon 9,FT5,B1096,5,49.4009,2025-12-09T19:16:00Z,CC / LC40,OS,https://planet4589.org/space/gcat/data/launch/Falcon9.html
2026-018,2026-01-29T17:53:20Z,2026 Jan 29 1753:20,2026,2026.0787544393709,Starlink Group 17-19,Falcon 9,FT5,B1082,19,50.2589,2025-12-10T11:40:30Z,VSFBS / SLC4E,OS,https://planet4589.org/space/gcat/data/launch/Falcon9.html
2026-020,2026-01-30T07:22:00Z,2026 Jan 30 0722:00,2026,2026.080292998478,Starlink Group 6-101,Falcon 9,FT5,B1095,5,59.9846,2025-12-01T07:44:10Z,CC / LC40,OS,https://planet4589.org/space/gcat/data/launch/Falcon9.html
2026-022,2026-02-02T15:47:11Z,2026 Feb  2 1547:11,2026,2026.089473332065,Starlink Group 17-32,Falcon 9,FT5,B1071,31,65.8769,2025-11-28T18:44:30Z,VSFBS / SLC4E,OS,https://planet4589.org/space/gcat/data/launch/Falcon9.html
2026-025,2026-02-07T20:58:09Z,2026 Feb  7 2058:09,2026,2026.1037636035007,Starlink Group 17-33,Falcon 9,FT5,B1088,13,62.1248,2025-12-07T17:58:30Z,VSFBS / SLC4E,OS,https://planet4589.org/space/gcat/data/launch/Falcon9.html
2026-026,2026-02-11T17:11:29Z,2026 Feb 11 1711:29,2026,2026.1142912544394,Starlink Group 17-34,Falcon 9,FT5,B1100,3,25.522,2026-01-17T04:39:51Z,VSFBS / SLC4E,OS,https://planet4589.org/space/gcat/data/launch/Falcon9.html
2026-031,2026-02-13T10:15:55Z,2026 Feb 13 1015:55,2026,2026.1189800545408,Dragon C212.5,Falcon 9,FT5,B1101,2,40.1443,2026-01-04T06:48:10Z,CC / LC40,OS,https://planet4589.org/space/gcat/data/launch/Falcon9.html
2026-032,2026-02-15T01:59:59Z,2026 Feb 15 0159:59,2026,2026.1235159500254,Starlink Group 17-13,Falcon 9,FT5,B1081,22,42.9936,2026-01-03T02:09:16Z,VSFBS / SLC4E,OS,https://planet4589.org/space/gcat/data/launch/Falcon9.html
2026-033,2026-02-16T07:59:40Z,2026 Feb 16 0759:40,2026,2026.1269400050735,Starlink Group 6-103,Falcon 9,FT5,B1090,10,86.0041,2025-11-22T07:53:50Z,CC / LC40,OS,https://planet4589.org/space/gcat/data/launch/Falcon9.html
2026-034,2026-02-20T01:41:40Z,2026 Feb 20 0141:40,2026,2026.137179731101,Starlink Group 10-36,Falcon 9,FT5,B1077,26,79.1409,2025-12-02T22:18:50Z,CC / LC40,OS,https://planet4589.org/space/gcat/data/launch/Falcon9.html
2026-035,2026-02-21T09:04:19Z,2026 Feb 21 0904:19,2026,2026.1407616374936,Starlink Group 17-25,Falcon 9,FT5,B1063,31,65.7337,2025-12-17T15:27:50Z,VSFBS / SLC4E,OS,https://planet4589.org/space/gcat/data/launch/Falcon9.html
2026-036,2026-02-22T03:47:10Z,2026 Feb 22 0347:10,2026,2026.1428979578893,Starlink Group 6-104,Falcon 9,FT5,B1067,33,75.2229,2025-12-08T22:26:10Z,CC / LC40,OS,https://planet4589.org/space/gcat/data/launch/Falcon9.html
2026-037,2026-02-24T23:04:10Z,2026 Feb 24 2304:10,2026,2026.1505787037038,Starlink Group 6-110,Falcon 9,FT5,B1092,10,71.7354,2025-12-15T05:25:10Z,CC / LC40,OS,https://planet4589.org/space/gcat/data/launch/Falcon9.html
2026-038,2026-02-25T14:17:49Z,2026 Feb 25 1417:49,2026,2026.1523170027904,Starlink Group 17-26,Falcon 9,FT5,B1093,11,34.3544,2026-01-22T05:47:29Z,VSFBS / SLC4E,OS,https://planet4589.org/space/gcat/data/launch/Falcon9.html
2026-039,2026-02-27T12:16:10Z,2026 Feb 27 1216:10,2026,2026.1575650050736,Starlink Group 6-108,Falcon 9,FT5,B1069,30,48.6078,2026-01-09T21:41:00Z,CC / LC40,OS,https://planet4589.org/space/gcat/data/launch/Falcon9.html
2026-040,2026-03-01T10:10:39Z,2026 Mar  1 1010:39,2026,2026.162805650685,Starlink Group 17-23,Falcon 9,FT5,B1082,20,30.6787,2026-01-29T17:53:20Z,VSFBS / SLC4E,OS,https://planet4589.org/space/gcat/data/launch/Falcon9.html
2026-041,2026-03-02T02:56:40Z,2026 Mar  2 0256:40,2026,2026.164719685439,Starlink Group 10-41,Falcon 9,FT5,B1078,26,48.2419,2026-01-12T21:08:20Z,CC / LC40,OS,https://planet4589.org/space/gcat/data/launch/Falcon9.html
2026-042,2026-03-04T10:52:20Z,2026 Mar  4 1052:20,2026,2026.171104134957,Starlink Group 10-40,Falcon 9,FT5,B1080,25,44.4727,2026-01-18T23:31:40Z,CC / LC40,OS,https://planet4589.org/space/gcat/data/launch/Falcon9.html
2026-044,2026-03-08T11:00:19Z,2026 Mar  8 1100:19,2026,2026.1820782280568,Starlink Group 17-18,Falcon 9,FT5,B1097,7,41.7289,2026-01-25T17:30:39Z,VSFBS / SLC4E,OS,https://planet4589.org/space/gcat/data/launch/Falcon9.html
2026-045,2026-03-10T04:19:00Z,2026 Mar 10 0419:00,2026,2026.1867941400305,Echostar 25,Falcon 9,FT5,B1085,14,54.4241,2026-01-14T18:08:20Z,CC / LC40,OS,https://planet4589.org/space/gcat/data/launch/Falcon9.html
2026-049,2026-03-13T14:57:59Z,2026 Mar 13 1457:59,2026,2026.1962290398276,Starlink Group 17-31,Falcon 9,FT5,B1071,32,38.9658,2026-02-02T15:47:11Z,VSFBS / SLC4E,OS,https://planet4589.org/space/gcat/data/launch/Falcon9.html
2026-050,2026-03-14T12:37:10Z,2026 Mar 14 1237:10,2026,2026.1987008498224,Starlink Group 10-48,Falcon 9,FT5,B1095,6,43.2189,2026-01-30T07:22:00Z,CC / LC40,OS,https://planet4589.org/space/gcat/data/launch/Falcon9.html
2026-053,2026-03-17T05:19:09Z,2026 Mar 17 0519:09,2026,2026.2060866628615,Starlink Group 17-24,Falcon 9,FT5,B1088,14,37.3479,2026-02-07T20:58:09Z,VSFBS / SLC4E,OS,https://planet4589.org/space/gcat/data/launch/Falcon9.html
2026-054,2026-03-17T13:27:34Z,2026 Mar 17 1327:34,2026,2026.2070159183156,Starlink Group 10-46,Falcon 9,FT5,B1090,11,29.2277,2026-02-16T07:59:40Z,CC / LC40,OS,https://planet4589.org/space/gcat/data/launch/Falcon9.html
2026-055,2026-03-19T14:20:10Z,2026 Mar 19 1420:10,2026,2026.2125954464739,Starlink Group 10-33,Falcon 9,FT5,B1077,27,27.5267,2026-02-20T01:41:40Z,CC / LC40,OS,https://planet4589.org/space/gcat/data/launch/Falcon9.html
2026-057,2026-03-20T21:51:49Z,2026 Mar 20 2151:49,2026,2026.2161944761542,Starlink Group 17-15,Falcon 9,FT5,B1100,4,37.1947,2026-02-11T17:11:29Z,VSFBS / SLC4E,OS,https://planet4589.org/space/gcat/data/launch/Falcon9.html
2026-059,2026-03-22T14:47:00Z,2026 Mar 22 1447:00,2026,2026.2208656773212,Starlink Group 10-62,Falcon 9,FT5,B1078,27,20.4933,2026-03-02T02:56:40Z,CC / LC40,OS,https://planet4589.org/space/gcat/data/launch/Falcon9.html
2026-063,2026-03-26T23:03:19Z,2026 Mar 26 2303:19,2026,2026.2327688673263,Starlink Group 17-17,Falcon 9,FT5,B1081,23,39.8773,2026-02-15T01:59:59Z,VSFBS / SLC4E,OS,https://planet4589.org/space/gcat/data/launch/Falcon9.html
2026-067,2026-03-30T11:02:00Z,2026 Mar 30 1102:00,2026,2026.2423554033485,Transporter-16,Falcon 9,FT5,B1093,12,32.864,2026-02-25T14:17:49Z,VSFBS / SLC4E,OS,https://planet4589.org/space/gcat/data/launch/Falcon9.html
2026-068,2026-03-30T21:15:00Z,2026 Mar 30 2115:00,2026,2026.2435216894978,Starlink Group 10-44,Falcon 9,FT5,B1067,34,36.7277,2026-02-22T03:47:10Z,CC / LC40,OS,https://planet4589.org/space/gcat/data/launch/Falcon9.html
2026-070,2026-04-02T11:55:10Z,2026 Apr  2 1155:10,2026,2026.250675735667,Starlink Group 10-58,Falcon 9,FT5,B1085,15,23.3168,2026-03-10T04:19:00Z,CC / LC40,OS,https://planet4589.org/space/gcat/data/launch/Falcon9.html
2026-077,2026-04-11T05:04:19Z,2026 Apr 11 0504:19,2026,2026.2745515918316,Starlink Group 17-21,Falcon 9,FT5,B1063,32,48.8333,2026-02-21T09:04:19Z,VSFBS / SLC4E,OS,https://planet4589.org/space/gcat/data/launch/Falcon9.html
2026-079,2026-04-11T11:41:21Z,2026 Apr 11 1141:21,2026,2026.2753069824962,Cygnus NG-24,Falcon 9,FT5,B1094,7,114.9161,2025-12-17T13:42:10Z,CC / LC40,OS,https://planet4589.org/space/gcat/data/launch/Falcon9.html
2026-081,2026-04-14T09:33:10Z,2026 Apr 14 0933:10,2026,2026.2832822805683,Starlink Group 10-24,Falcon 9,FT5,B1080,26,40.945,2026-03-04T10:52:20Z,CC / LC40,OS,https://planet4589.org/space/gcat/data/launch/Falcon9.html
2026-082,2026-04-15T04:29:50Z,2026 Apr 15 0429:50,2026,2026.2854448883816,Starlink Group 17-27,Falcon 9,FT5,B1082,21,44.7633,2026-03-01T10:10:39Z,VSFBS / SLC4E,OS,https://planet4589.org/space/gcat/data/launch/Falcon9.html
2026-086,2026-04-19T16:03:09Z,2026 Apr 19 1603:09,2026,2026.297722888128,Starlink Group 17-22,Falcon 9,FT5,B1097,8,42.2103,2026-03-08T11:00:19Z,VSFBS / SLC4E,OS,https://planet4589.org/space/gcat/data/launch/Falcon9.html
2026-087,2026-04-21T06:53:25Z,2026 Apr 21 0653:25,2026,2026.3021564244038,GPS III SV10,Falcon 9,FT5,B1095,7,37.7613,2026-03-14T12:37:10Z,CC / LC40,OS,https://planet4589.org/space/gcat/data/launch/Falcon9.html
2026-089,2026-04-23T03:23:09Z,2026 Apr 23 0323:09,2026,2026.307235825723,Starlink Group 17-14,Falcon 9,FT5,B1100,5,33.2301,2026-03-20T21:51:49Z,VSFBS / SLC4E,OS,https://planet4589.org/space/gcat/data/launch/Falcon9.html
2026-094,2026-04-26T14:37:09Z,2026 Apr 26 1437:09,2026,2026.316737347793,Starlink Group 17-16,Falcon 9,FT5,B1088,15,40.3875,2026-03-17T05:19:09Z,VSFBS / SLC4E,OS,https://planet4589.org/space/gcat/data/launch/Falcon9.html
2026-097,2026-04-30T02:42:49Z,2026 Apr 30 0242:49,2026,2026.3263371702183,Starlink Group 17-36,Falcon 9,FT5,B1093,13,30.6533,2026-03-30T11:02:00Z,VSFBS / SLC4E,OS,https://planet4589.org/space/gcat/data/launch/Falcon9.html
2026-099,2026-05-01T18:06:10Z,2026 May  1 1806:10,2026,2026.3308336504313,Starlink Group 10-38,Falcon 9,FT5,B1069,31,63.2431,2026-02-27T12:16:10Z,CC / LC40,OS,https://planet4589.org/space/gcat/data/launch/Falcon9.html
2026-100,2026-05-03T07:00:00Z,2026 May  3 0700:00,2026,2026.3350456621004,RideshareX-2026-100,Falcon 9,FT5,B1071,33,50.6681,2026-03-13T14:57:59Z,VSFBS / SLC4E,OS,https://planet4589.org/space/gcat/data/launch/Falcon9.html
2026-101,2026-05-06T03:59:19Z,2026 May  6 0359:19,2026,2026.3429210743277,Starlink Group 17-29,Falcon 9,FT5,B1081,24,40.2056,2026-03-26T23:03:19Z,VSFBS / SLC4E,OS,https://planet4589.org/space/gcat/data/launch/Falcon9.html
2026-103,2026-05-12T02:13:50Z,2026 May 12 0213:50,2026,2026.3591587392186,NRO Starshield A9,Falcon 9,FT5,B1097,9,22.4241,2026-04-19T16:03:09Z,VSFBS / SLC4E,OS,https://planet4589.org/space/gcat/data/launch/Falcon9.html
2026-107,2026-05-15T22:05:41Z,2026 May 15 2205:41,2026,2026.3696455162353,Dragon C209.6,Falcon 9,FT5,B1096,6,107.717,2026-01-28T04:53:16Z,CC / LC40,OS,https://planet4589.org/space/gcat/data/launch/Falcon9.html
2026-110,2026-05-20T02:46:19Z,2026 May 20 0246:19,2026,2026.3811383498223,Starlink Group 17-42,Falcon 9,FT5,B1103,2,42.997,2026-04-07T02:50:39Z,VSFBS / SLC4E,OS,https://planet4589.org/space/gcat/data/launch/Falcon9.html
2026-111,2026-05-21T10:04:20Z,2026 May 21 1004:20,2026,2026.384711440893,Starlink Group 10-31,Falcon 9,FT5,B1077,28,62.8223,2026-03-19T14:20:10Z,CC / LC40,OS,https://planet4589.org/space/gcat/data/launch/Falcon9.html
2026-114,2026-05-25T11:48:04Z,2026 May 25 1148:04,2026,2026.3958677067478,Starlink Group 10-47,Falcon 9,FT5,B1078,28,63.8757,2026-03-22T14:47:00Z,CC / LC40,OS,https://planet4589.org/space/gcat/data/launch/Falcon9.html
2026-115,2026-05-26T14:50:34Z,2026 May 26 1450:34,2026,2026.3989546549974,Starlink Group 17-37,Falcon 9,FT5,B1100,6,33.4774,2026-04-23T03:23:09Z,VSFBS / SLC4E,OS,https://planet4589.org/space/gcat/data/launch/Falcon9.html
2026-117,2026-05-29T12:57:15Z,2026 May 29 1257:15,2026,2026.406958238204,Starlink Group 10-53,Falcon 9,FT5,B1085,16,57.0431,2026-04-02T11:55:10Z,CC / LC40,OS,https://planet4589.org/space/gcat/data/launch/Falcon9.html
2026-119,2026-05-30T15:25:10Z,2026 May 30 1525:10,2026,2026.4099793886353,Starlink Group 17-41,Falcon 9,FT5,B1082,22,45.4551,2026-04-15T04:29:50Z,VSFBS / SLC4E,OS,https://planet4589.org/space/gcat/data/launch/Falcon9.html
2026-122,2026-06-03T15:40:39Z,2026 Jun  3 1540:39,2026,2026.4209677511415,Starlink Group 17-47,Falcon 9,FT5,B1088,16,38.0441,2026-04-26T14:37:09Z,VSFBS / SLC4E,OS,https://planet4589.org/space/gcat/data/launch/Falcon9.html
2026-123,2026-06-04T10:26:30Z,2026 Jun  4 1026:30,2026,2026.4231097793,Starlink Group 10-43,Falcon 9,FT5,B1090,12,78.8743,2026-03-17T13:27:34Z,CC / LC40,OS,https://planet4589.org/space/gcat/data/launch/Falcon9.html
2026-126,2026-06-07T04:24:45Z,2026 Jun  7 0424:45,2026,2026.430640696347,Starlink Group 17-43,Falcon 9,FT5,B1097,10,26.0909,2026-05-12T02:13:50Z,VSFBS / SLC4E,OS,https://planet4589.org/space/gcat/data/launch/Falcon9.html
2026-127,2026-06-08T10:13:50Z,2026 Jun  8 1013:50,2026,2026.4340445839675,Starlink Group 10-35,Falcon 9,FT5,B1067,35,69.5409,2026-03-30T21:15:00Z,CC / LC40,OS,https://planet4589.org/space/gcat/data/launch/Falcon9.html
2026-131,2026-06-11T15:05:59Z,2026 Jun 11 1505:59,2026,2026.4428196029935,Starlink Group 17-44,Falcon 9,FT5,B1071,34,39.3375,2026-05-03T07:00:00Z,VSFBS / SLC4E,OS,https://planet4589.org/space/gcat/data/launch/Falcon9.html
2026-133,2026-06-12T12:37:00Z,2026 Jun 12 1237:00,2026,2026.4452758751902,Starlink Group 10-54,Falcon 9,FT5,B1080,27,59.1277,2026-04-14T09:33:10Z,CC / LC40,OS,https://planet4589.org/space/gcat/data/launch/Falcon9.html
2026-135,2026-06-15T15:34:35Z,2026 Jun 15 1534:35,2026,2026.4538329211061,Starlink Group 17-54,Falcon 9,FT5,B1093,14,46.5359,2026-04-30T02:42:49Z,VSFBS / SLC4E,OS,https://planet4589.org/space/gcat/data/launch/Falcon9.html
2026-139,2026-06-17T06:39:00Z,2026 Jun 17 0639:00,2026,2026.4582933789954,Bluebird 8 to 10,Falcon 9,FT5,B1077,29,26.8574,2026-05-21T10:04:20Z,CC / LC40,OS,https://planet4589.org/space/gcat/data/launch/Falcon9.html
2026-141,2026-06-19T08:50:45Z,2026 Jun 19 0850:45,2026,2026.4640234969559,NRO Starshield C4,Falcon 9,FT5,B1103,3,30.2531,2026-05-20T02:46:19Z,VSFBS / SLC4E,OS,https://planet4589.org/space/gcat/data/launch/Falcon9.html
2026-143,2026-06-21T16:39:06Z,2026 Jun 21 1639:06,2026,2026.4703940258753,Starlink Group 17-28,Falcon 9,FT5,B1063,33,71.4825,2026-04-11T05:04:19Z,VSFBS / SLC4E,OS,https://planet4589.org/space/gcat/data/launch/Falcon9.html
2026-U03,2026-06-23T10:53:00Z,2026 Jun 23 1053:00,2026,2026.4752149923897,Starfall Demo,Falcon 9,FT5,B1078,29,28.9618,2026-05-25T11:48:04Z,CC / LC40,OS,https://planet4589.org/space/gcat/data/launch/Falcon9.html
2026-145,2026-06-25T03:30:38Z,2026 Jun 25 0330:38,2026,2026.4798528031456,Starlink Group 17-45,Falcon 9,FT5,B1081,25,49.9801,2026-05-06T03:59:19Z,VSFBS / SLC4E,OS,https://planet4589.org/space/gcat/data/launch/Falcon9.html
2026-147,2026-06-28T16:09:18Z,2026 Jun 28 1609:18,2026,2026.4895154109588,Starlink Group 17-40,Falcon 9,FT5,B1088,17,25.0199,2026-06-03T15:40:39Z,VSFBS / SLC4E,OS,https://planet4589.org/space/gcat/data/launch/Falcon9.html
2026-148,2026-06-29T02:25:00Z,2026 Jun 29 0225:00,2026,2026.4906868340943,SXM-11,Falcon 9,FT5,B1085,17,30.5609,2026-05-29T12:57:15Z,CC / LC40,OS,https://planet4589.org/space/gcat/data/launch/Falcon9.html
2026-150,2026-07-02T02:58:19Z,2026 Jul  2 0258:19,2026,2026.4989694000508,Starlink Group 17-46,Falcon 9,FT5,B1100,7,36.5054,2026-05-26T14:50:34Z,VSFBS / SLC4E,OS,https://planet4589.org/space/gcat/data/launch/Falcon9.html
2026-154,2026-07-05T10:50:00Z,2026 Jul  5 1050:00,2026,2026.508085996956,Starlink Group 10-50,Falcon 9,FT5,B1090,13,31.0163,2026-06-04T10:26:30Z,CC / LC40,OS,https://planet4589.org/space/gcat/data/launch/Falcon9.html
2026-156,2026-07-07T07:12:00Z,2026 Jul  7 0712:00,2026,2026.5131506849316,Transporter-17,Falcon 9,FT5,B1097,11,30.1161,2026-06-07T04:24:45Z,VSFBS / SLC4E,OS,https://planet4589.org/space/gcat/data/launch/Falcon9.html
2026-157,2026-07-09T09:25:37Z,2026 Jul  9 0925:37,2026,2026.5188843543885,Starlink Group 10-42,Falcon 9,FT5,B1067,36,30.9665,2026-06-08T10:13:50Z,CC / LC40,OS,https://planet4589.org/space/gcat/data/launch/Falcon9.html
2026-159,2026-07-11T03:00:49Z,2026 Jul 11 0300:49,2026,2026.523631690766,Starlink Group 17-48,Falcon 9,FT5,B1071,35,29.4964,2026-06-11T15:05:59Z,VSFBS / SLC4E,OS,https://planet4589.org/space/gcat/data/launch/Falcon9.html
2026-160,2026-07-14T01:28:17Z,2026 Jul 14 0128:17,2026,2026.5316748160833,Starlink Group 15-14,Falcon 9,FT5,B1093,15,28.4123,2026-06-15T15:34:35Z,VSFBS / SLC4E,OS,https://planet4589.org/space/gcat/data/launch/Falcon9.html
2026-161,2026-07-14T09:10:12Z,2026 Jul 14 0910:12,2026,2026.532553652968,Starlink Group 10-45,Falcon 9,FT5,B1080,28,31.8564,2026-06-12T12:37:00Z,CC / LC40,OS,https://planet4589.org/space/gcat/data/launch/Falcon9.html
2026-163,2026-07-16T20:32:36Z,2026 Jul 16 2032:36,2026,2026.5393314307457,Tranche 1 TL-E,Falcon 9,FT5,B1103,4,27.4874,2026-06-19T08:50:45Z,VSFBS / SLC4E,OS,https://planet4589.org/space/gcat/data/launch/Falcon9.html
2026-166,2026-07-21T14:49:34Z,2026 Jul 21 1449:34,2026,2026.5523774099443,Starlink Group 17-39,Falcon 9,FT5,B1082,23,51.9753,2026-05-30T15:25:10Z,VSFBS / SLC4E,OS,https://planet4589.org/space/gcat/data/launch/Falcon9.html
2026-167,2026-07-21T21:15:00Z,2026 Jul 21 2115,2026,2026.5531107305935,MRV/MEP,Falcon 9,FT5,B1069,32,81.1311,2026-05-01T18:06:10Z,CC / LC40,OS,https://planet4589.org/space/gcat/data/launch/Falcon9.html
2026-171,2026-07-25T15:51:21Z,2026 Jul 25 1551:21,2026,2026.5634538622526,Starlink Group 17-51,Falcon 9,FT5,B1100,8,23.5368,2026-07-02T02:58:19Z,VSFBS / SLC4E,OS,https://planet4589.org/space/gcat/data/launch/Falcon9.html
2026-174,2026-07-30T07:10:19Z,2026 Jul 30 0710:19,2026,2026.5761611808728,INTRUDER?,Falcon 9,FT5,B1096,7,75.3782,2026-05-15T22:05:41Z,CC / LC40,OS,https://planet4589.org/space/gcat/data/launch/Falcon9.html
2026-175,2026-08-01T03:08:43Z,2026 Aug  1 0308:43,2026,2026.5811809677828,Starlink Group 17-52,Falcon 9,FT5,B1081,26,36.9848,2026-06-25T03:30:38Z,VSFBS / SLC4E,OS,https://planet4589.org/space/gcat/data/launch/Falcon9.html
2026-177,2026-08-04T17:05:03Z,2026 Aug  4 1705:03,2026,2026.5909913432267,Starlink Group 17-53,Falcon 9,FT5,B1063,34,44.018,2026-06-21T16:39:06Z,VSFBS / SLC4E,OS,https://planet4589.org/space/gcat/data/launch/Falcon9.html
2026-179,2026-08-05T07:49:40Z,2026 Aug  5 0749:40,2026,2026.5926744038559,Bluebird 11 to 13,Falcon 9,FT5,B1077,30,49.0491,2026-06-17T06:39:00Z,CC / LC40,OS,https://planet4589.org/space/gcat/data/launch/Falcon9.html
2026-181,2026-08-08T16:35:02Z,2026 Aug  8 1635:02,2026,2026.601893138001,Starlink Group 17-38,Falcon 9,FT5,B1093,16,25.6297,2026-07-14T01:28:17Z,VSFBS / SLC4E,OS,https://planet4589.org/space/gcat/data/launch/Falcon9.html
2026-183,2026-08-11T15:58:26Z,2026 Aug 11 1558:26,2026,2026.61004268138,Starlink Group 10-19,Falcon 9,FT5,B1085,18,43.5649,2026-06-29T02:25:00Z,CC / LC40,OS,https://planet4589.org/space/gcat/data/launch/Falcon9.html
2026-184,2026-08-12T04:46:47Z,2026 Aug 12 0446:47,2026,2026.6115045345002,Starlink Group 17-49,Falcon 9,FT5,B1103,5,26.3432,2026-07-16T20:32:36Z,VSFBS / SLC4E,OS,https://planet4589.org/space/gcat/data/launch/Falcon9.html
2026-185,2026-08-16T01:12:14Z,2026 Aug 16 0112:14,2026,2026.6220552384577,Globalstar 2R-1,Falcon 9,FT5,B1090,14,41.5988,2026-07-05T10:50:00Z,CC / LC40,OS,https://planet4589.org/space/gcat/data/launch/Falcon9.html
2026-186,2026-08-16T01:50:45Z,2026 Aug 16 0150:45,2026,2026.6221285197869,SBST R-1,Falcon 9,FT5,B1088,18,48.4038,2026-06-28T16:09:18Z,VSFBS / SLC4E,OS,https://planet4589.org/space/gcat/data/launch/Falcon9.html
2026-190,2026-08-19T04:01:07Z,2026 Aug 19 0401:07,2026,2026.630595731862,Starlink Group 17-50,Falcon 9,FT5,B1097,12,42.8674,2026-07-07T07:12:00Z,VSFBS / SLC4E,OS,https://planet4589.org/space/gcat/data/launch/Falcon9.html
2026-192,2026-08-21T15:14:22Z,2026 Aug 21 1514:22,2026,2026.6373561009639,Starlink Group 10-39,Falcon 9,FT5,B1078,30,59.1815,2026-06-23T10:53:00Z,CC / LC40,OS,https://planet4589.org/space/gcat/data/launch/Falcon9.html
2026-193,2026-08-22T07:25:16Z,2026 Aug 22 0725:16,2026,2026.6392033231862,Starlink Group 15-20,Falcon 9,FT5,B1100,9,27.6486,2026-07-25T15:51:21Z,VSFBS / SLC4E,OS,https://planet4589.org/space/gcat/data/launch/Falcon9.html
2026-196,2026-08-25T09:33:38Z,2026 Aug 25 0933:38,2026,2026.6476667300863,Starlink Group 10-49,Falcon 9,FT5,B1067,37,47.0056,2026-07-09T09:25:37Z,CC / LC40,OS,https://planet4589.org/space/gcat/data/launch/Falcon9.html
2026-197,2026-08-26T09:35:11Z,2026 Aug 26 0935:11,2026,2026.6504094051243,Starlink Group 15-22,Falcon 9,FT5,B1082,24,35.7817,2026-07-21T14:49:34Z,VSFBS / SLC4E,OS,https://planet4589.org/space/gcat/data/launch/Falcon9.html
2026-200,2026-09-02T08:42:12Z,2026 Sep  2 0842:12,2026,2026.6694866818873,Starlink Group 15-23,Falcon 9,FT5,B1063,35,28.6508,2026-08-04T17:05:03Z,VSFBS / SLC4E,OS,https://planet4589.org/space/gcat/data/launch/Falcon9.html
2026-204,2026-09-06T14:26:54Z,2026 Sep  6 1426:54,2026,2026.6811014079149,Starlink Group 15-24,Falcon 9,FT5,B1088,19,21.5251,2026-08-16T01:50:45Z,VSFBS / SLC4E,OS,https://planet4589.org/space/gcat/data/launch/Falcon9.html
2026-206,2026-09-10T15:42:30Z,2026 Sep 10 1542:30,2026,2026.6922041476407,SBST R-2,Falcon 9,FT5,B1081,27,40.5235,2026-08-01T03:08:43Z,VSFBS / SLC4E,OS,https://planet4589.org/space/gcat/data/launch/Falcon9.html
2026-208,2026-09-13T18:49:00Z,2026 Sep 13 1849:00,2026,2026.7007781582952,O3b mPOWER 11/13,Falcon 9,FT5,B1080,29,61.4019,2026-07-14T09:10:12Z,CC / LC40,OS,https://planet4589.org/space/gcat/data/launch/Falcon9.html
2026-214,2026-09-17T01:29:18Z,2026 Sep 17 0129:18,2026,2026.7097589421614,SBST TH-1,Falcon 9,FT5,B1097,13,28.8946,2026-08-19T04:01:07Z,VSFBS / SLC4E,OS,https://planet4589.org/space/gcat/data/launch/Falcon9.html
