{"type":"FeatureCollection","features":[{"type":"Feature","properties":{"cbsa":"29860","name":"Laurel, MS","is_metro":false,"region":"South","tax_per_capita":1245.57,"spend_per_capita":6462.67,"gap_per_capita":5217.09,"population":82517},"geometry":{"type":"Polygon","coordinates":[[[-89.4012,31.7969],[-89.3227,32.2235],[-88.9105,31.8266],[-88.9432,31.7842],[-89.1461,31.4341],[-89.4012,31.7969]]]}},{"type":"Feature","properties":{"cbsa":"22840","name":"Fort Payne, AL","is_metro":false,"region":"South","tax_per_capita":853.19,"spend_per_capita":3199.09,"gap_per_capita":2345.9,"population":72082},"geometry":{"type":"Polygon","coordinates":[[[-86.1189,34.4038],[-85.985,34.4862],[-85.6271,34.8319],[-85.5614,34.7501],[-85.5269,34.5887],[-85.577,34.4835],[-85.7742,34.2591],[-85.8436,34.2],[-86.1189,34.4038]]]}},{"type":"Feature","properties":{"cbsa":"47920","name":"Washington Court House, OH","is_metro":false,"region":"Midwest","tax_per_capita":1685.38,"spend_per_capita":3767.34,"gap_per_capita":2081.96,"population":28832},"geometry":{"type":"Polygon","coordinates":[[[-83.6533,39.7169],[-83.2667,39.5162],[-83.5909,39.3787],[-83.5763,39.5445],[-83.6533,39.7169]]]}},{"type":"Feature","properties":{"cbsa":"23060","name":"Fort Wayne, IN","is_metro":true,"region":"Midwest","tax_per_capita":1580.27,"spend_per_capita":3739.11,"gap_per_capita":2158.84,"population":454519},"geometry":{"type":"Polygon","coordinates":[[[-85.6866,41.1784],[-85.6519,41.2948],[-85.3078,41.2642],[-84.8037,41.2709],[-84.8032,41.1214],[-84.8027,40.9226],[-85.0685,40.5682],[-85.447,40.5669],[-85.3347,40.6544],[-85.3356,41.0052],[-85.6832,41.0019],[-85.6866,41.1784]]]}},{"type":"Feature","properties":{"cbsa":"16340","name":"Cedartown, GA","is_metro":false,"region":"South","tax_per_capita":1338.0,"spend_per_capita":3903.75,"gap_per_capita":2565.76,"population":43669},"geometry":{"type":"Polygon","coordinates":[[[-85.4211,34.0808],[-85.2576,34.1007],[-85.0331,34.0828],[-84.9787,33.9514],[-85.0503,33.9045],[-85.3989,33.9641],[-85.4211,34.0808]]]}},{"type":"Feature","properties":{"cbsa":"32300","name":"Martinsville, VA","is_metro":false,"region":"South","tax_per_capita":1103.73,"spend_per_capita":4521.12,"gap_per_capita":3417.39,"population":63492},"geometry":{"type":"Polygon","coordinates":[[[-80.0944,36.7796],[-79.9998,36.8307],[-79.6407,36.8561],[-80.0273,36.5425],[-80.0535,36.5426],[-80.0944,36.7796]]]}},{"type":"Feature","properties":{"cbsa":"36837","name":"Ottawa, IL","is_metro":false,"region":"Midwest","tax_per_capita":2331.74,"spend_per_capita":5267.64,"gap_per_capita":2935.9,"population":146561},"geometry":{"type":"Polygon","coordinates":[[[-89.8624,41.584],[-89.1666,41.5853],[-88.9387,41.6283],[-88.596,41.4571],[-88.5862,41.1083],[-88.9314,40.9277],[-89.0474,41.1048],[-89.3584,41.1038],[-89.4661,41.1485],[-89.6387,41.2339],[-89.8566,41.321],[-89.8624,41.584]]]}},{"type":"Feature","properties":{"cbsa":"48580","name":"Whitewater-Elkhorn, WI","is_metro":false,"region":"Midwest","tax_per_capita":2508.07,"spend_per_capita":5268.46,"gap_per_capita":2760.39,"population":105664},"geometry":{"type":"Polygon","coordinates":[[[-88.7771,42.8427],[-88.4241,42.8426],[-88.3079,42.7616],[-88.3047,42.4956],[-88.5069,42.4949],[-88.7074,42.4936],[-88.7771,42.8427]]]}},{"type":"Feature","properties":{"cbsa":"29300","name":"LaGrange, GA-AL","is_metro":false,"region":"South","tax_per_capita":1680.23,"spend_per_capita":4122.59,"gap_per_capita":2442.37,"population":104411},"geometry":{"type":"Polygon","coordinates":[[[-85.5932,33.1073],[-85.2366,33.1295],[-85.108,33.1951],[-84.8621,33.2239],[-84.8618,32.8725],[-85.1861,32.8701],[-85.161,32.8267],[-85.285,32.7307],[-85.5932,32.7285],[-85.5932,33.1073]]]}},{"type":"Feature","properties":{"cbsa":"36580","name":"Oneonta, NY","is_metro":false,"region":"Northeast","tax_per_capita":2766.56,"spend_per_capita":5436.04,"gap_per_capita":2669.49,"population":60409},"geometry":{"type":"Polygon","coordinates":[[[-75.3749,42.4108],[-75.3254,42.5888],[-75.2961,42.7205],[-75.2514,42.7846],[-75.2122,42.88],[-75.101,42.9084],[-74.8788,42.8983],[-74.6483,42.8296],[-74.6306,42.6267],[-74.8441,42.5126],[-74.9841,42.4439],[-75.1972,42.3583],[-75.3749,42.4108]]]}},{"type":"Feature","properties":{"cbsa":"44500","name":"Stephenville, TX","is_metro":false,"region":"South","tax_per_capita":1749.25,"spend_per_capita":3061.18,"gap_per_capita":1311.93,"population":43837},"geometry":{"type":"Polygon","coordinates":[[[-98.4747,32.2991],[-98.0685,32.5116],[-97.8649,32.0873],[-98.2084,31.9175],[-98.3275,31.9413],[-98.4747,32.2991]]]}},{"type":"Feature","properties":{"cbsa":"15860","name":"Ca\u00f1on City, CO","is_metro":false,"region":"West","tax_per_capita":1559.76,"spend_per_capita":3154.57,"gap_per_capita":1594.81,"population":49616},"geometry":{"type":"Polygon","coordinates":[[[-106.0108,38.4466],[-105.8781,38.6021],[-105.329,38.6976],[-105.2399,38.6475],[-104.9415,38.5196],[-105.0492,38.258],[-105.9998,38.4236],[-106.0108,38.4466]]]}},{"type":"Feature","properties":{"cbsa":"20900","name":"El Campo, TX","is_metro":false,"region":"South","tax_per_capita":2569.98,"spend_per_capita":6757.67,"gap_per_capita":4187.69,"population":41740},"geometry":{"type":"Polygon","coordinates":[[[-96.3492,29.4061],[-96.1754,29.6338],[-96.0889,29.6017],[-96.0596,29.4733],[-95.9468,29.3334],[-95.874,29.2297],[-96.3092,28.9633],[-96.3492,29.4061]]]}},{"type":"Feature","properties":{"cbsa":"27300","name":"Jacksonville, IL","is_metro":false,"region":"Midwest","tax_per_capita":1371.98,"spend_per_capita":4619.09,"gap_per_capita":3247.11,"population":37069},"geometry":{"type":"Polygon","coordinates":[[[-90.5991,39.7901],[-90.5835,39.8768],[-89.9935,39.7854],[-90.1538,39.5203],[-90.5811,39.5217],[-90.5991,39.7901]]]}},{"type":"Feature","properties":{"cbsa":"28780","name":"Kingsville, TX","is_metro":false,"region":"South","tax_per_capita":1952.3,"spend_per_capita":3632.01,"gap_per_capita":1679.71,"population":30376},"geometry":{"type":"Polygon","coordinates":[[[-98.0595,27.6359],[-97.8407,27.5584],[-97.223,27.5766],[-97.2961,27.4272],[-97.3469,27.278],[-97.7851,27.2837],[-97.9859,27.2093],[-98.0581,27.261],[-98.0595,27.6359]]]}},{"type":"Feature","properties":{"cbsa":"39740","name":"Reading, PA","is_metro":true,"region":"Northeast","tax_per_capita":2532.59,"spend_per_capita":6028.62,"gap_per_capita":3496.03,"population":431573},"geometry":{"type":"Polygon","coordinates":[[[-76.4402,40.496],[-76.0173,40.5742],[-75.8915,40.6773],[-75.5297,40.447],[-75.6968,40.2419],[-76.0918,40.2777],[-76.2055,40.3607],[-76.4402,40.496]]]}},{"type":"Feature","properties":{"cbsa":"24460","name":"Great Bend, KS","is_metro":false,"region":"Midwest","tax_per_capita":1519.16,"spend_per_capita":6291.92,"gap_per_capita":4772.77,"population":25058},"geometry":{"type":"Polygon","coordinates":[[[-99.033,38.6968],[-98.4799,38.6761],[-98.4798,38.2608],[-99.0225,38.2612],[-99.0324,38.3483],[-99.033,38.6968]]]}},{"type":"Feature","properties":{"cbsa":"38620","name":"Ponca City, OK","is_metro":false,"region":"South","tax_per_capita":1611.21,"spend_per_capita":4308.4,"gap_per_capita":2697.2,"population":43738},"geometry":{"type":"Polygon","coordinates":[[[-97.4623,36.9988],[-97.1477,36.999],[-96.7498,36.999],[-96.8895,36.7512],[-97.0641,36.6842],[-97.4616,36.5936],[-97.4623,36.9988]]]}},{"type":"Feature","properties":{"cbsa":"37020","name":"Owosso, MI","is_metro":false,"region":"Midwest","tax_per_capita":1062.37,"spend_per_capita":5104.8,"gap_per_capita":4042.43,"population":67967},"geometry":{"type":"Polygon","coordinates":[[[-84.3679,43.1285],[-83.9291,43.1328],[-83.9243,42.8167],[-83.9225,42.7808],[-84.1582,42.7766],[-84.3637,42.7758],[-84.3678,43.1179],[-84.3679,43.1285]]]}},{"type":"Feature","properties":{"cbsa":"28820","name":"Kinston, NC","is_metro":false,"region":"South","tax_per_capita":1006.86,"spend_per_capita":3937.58,"gap_per_capita":2930.71,"population":54499},"geometry":{"type":"Polygon","coordinates":[[[-77.8187,35.3563],[-77.6975,35.3771],[-77.4755,35.4267],[-77.4264,35.3498],[-77.4313,35.3298],[-77.5272,35.243],[-77.6013,35.0714],[-77.7464,35.0301],[-77.8342,35.1778],[-77.8187,35.3563]]]}},{"type":"Feature","properties":{"cbsa":"21140","name":"Elkhart-Goshen, IN","is_metro":true,"region":"Midwest","tax_per_capita":1157.34,"spend_per_capita":3941.93,"gap_per_capita":2784.59,"population":206873},"geometry":{"type":"Polygon","coordinates":[[[-86.0626,41.7597],[-85.7913,41.7591],[-85.6547,41.5233],[-85.7687,41.4357],[-86.0595,41.4792],[-86.0626,41.7597]]]}},{"type":"Feature","properties":{"cbsa":"13100","name":"Beatrice, NE","is_metro":false,"region":"Midwest","tax_per_capita":2972.31,"spend_per_capita":6109.4,"gap_per_capita":3137.08,"population":21564},"geometry":{"type":"Polygon","coordinates":[[[-96.9161,40.3497],[-96.9126,40.5236],[-96.4637,40.2622],[-96.4699,40.001],[-96.8738,40.0014],[-96.9161,40.3497]]]}},{"type":"Feature","properties":{"cbsa":"41100","name":"St. George, UT","is_metro":true,"region":"West","tax_per_capita":1965.65,"spend_per_capita":4104.31,"gap_per_capita":2138.66,"population":197730},"geometry":{"type":"Polygon","coordinates":[[[-114.0525,37.6048],[-113.4745,37.6183],[-113.2533,37.529],[-113.037,37.4745],[-112.9009,37.5],[-112.9665,37.0002],[-114.0506,37.0004],[-114.052,37.2845],[-114.0525,37.6048]]]}},{"type":"Feature","properties":{"cbsa":"10940","name":"Alma, MI","is_metro":false,"region":"Midwest","tax_per_capita":1456.62,"spend_per_capita":4826.59,"gap_per_capita":3369.96,"population":41104},"geometry":{"type":"Polygon","coordinates":[[[-84.846,43.4662],[-84.6075,43.466],[-84.4887,43.4662],[-84.3699,43.466],[-84.3679,43.1285],[-84.3678,43.1179],[-84.8369,43.1189],[-84.846,43.4662]]]}},{"type":"Feature","properties":{"cbsa":"43780","name":"South Bend-Mishawaka, IN-MI","is_metro":true,"region":"Midwest","tax_per_capita":1509.01,"spend_per_capita":4346.53,"gap_per_capita":2837.52,"population":323759},"geometry":{"type":"Polygon","coordinates":[[[-86.5242,41.7596],[-86.2261,41.76],[-85.7629,42.0693],[-85.7913,41.7591],[-86.0626,41.7597],[-86.4671,41.4765],[-86.5247,41.4329],[-86.5267,41.6504],[-86.5242,41.7596]]]}},{"type":"Feature","properties":{"cbsa":"40620","name":"Rolla, MO","is_metro":false,"region":"Midwest","tax_per_capita":1223.09,"spend_per_capita":10494.86,"gap_per_capita":9271.77,"population":45273},"geometry":{"type":"Polygon","coordinates":[[[-92.0212,38.0106],[-91.6324,38.051],[-91.5344,38.1526],[-91.5288,37.789],[-91.8091,37.5989],[-92.0212,38.0106]]]}},{"type":"Feature","properties":{"cbsa":"37260","name":"Palatka, FL","is_metro":false,"region":"South","tax_per_capita":2547.9,"spend_per_capita":5184.15,"gap_per_capita":2636.25,"population":74736},"geometry":{"type":"Polygon","coordinates":[[[-82.051,29.7026],[-82.0492,29.7187],[-81.9093,29.7936],[-81.5812,29.8402],[-81.5237,29.6224],[-81.4769,29.3966],[-81.4459,29.3801],[-81.7414,29.371],[-81.843,29.521],[-82.0559,29.4712],[-82.051,29.7026]]]}},{"type":"Feature","properties":{"cbsa":"32260","name":"Marshalltown, IA","is_metro":false,"region":"Midwest","tax_per_capita":2074.81,"spend_per_capita":6065.82,"gap_per_capita":3991.01,"population":39821},"geometry":{"type":"Polygon","coordinates":[[[-93.2317,42.2089],[-93.0017,42.2093],[-92.7675,42.2101],[-92.766,41.8624],[-93.2319,41.8627],[-93.2317,42.2089]]]}},{"type":"Feature","properties":{"cbsa":"22780","name":"Fort Leonard Wood, MO","is_metro":false,"region":"Midwest","tax_per_capita":791.49,"spend_per_capita":3506.63,"gap_per_capita":2715.15,"population":53810},"geometry":{"type":"Polygon","coordinates":[[[-92.4092,37.8592],[-92.1854,38.0163],[-92.0293,37.6025],[-92.2495,37.6045],[-92.4137,37.7139],[-92.4092,37.8592]]]}},{"type":"Feature","properties":{"cbsa":"19580","name":"Defiance, OH","is_metro":false,"region":"Midwest","tax_per_capita":1973.46,"spend_per_capita":5586.42,"gap_per_capita":3612.96,"population":38128},"geometry":{"type":"Polygon","coordinates":[[[-84.8043,41.426],[-84.2285,41.4278],[-84.3416,41.1655],[-84.4571,41.2094],[-84.8036,41.2526],[-84.8041,41.4083],[-84.8043,41.426]]]}},{"type":"Feature","properties":{"cbsa":"13020","name":"Bay City, MI","is_metro":true,"region":"Midwest","tax_per_capita":1395.44,"spend_per_capita":6321.79,"gap_per_capita":4926.35,"population":102638},"geometry":{"type":"Polygon","coordinates":[[[-84.1673,43.8259],[-84.0454,43.997],[-83.9013,43.9084],[-83.9294,43.7771],[-83.9095,43.6726],[-83.731,43.6234],[-83.6988,43.479],[-83.8172,43.5223],[-84.05,43.5673],[-84.1673,43.8259]]]}},{"type":"Feature","properties":{"cbsa":"47540","name":"Wapakoneta, OH","is_metro":false,"region":"Midwest","tax_per_capita":2062.44,"spend_per_capita":4693.97,"gap_per_capita":2631.52,"population":45946},"geometry":{"type":"Polygon","coordinates":[[[-84.4562,40.6849],[-84.2228,40.686],[-83.8802,40.6447],[-83.9939,40.5352],[-84.3391,40.4811],[-84.4344,40.3545],[-84.4562,40.6849]]]}},{"type":"Feature","properties":{"cbsa":"12140","name":"Auburn, IN","is_metro":false,"region":"Midwest","tax_per_capita":1242.53,"spend_per_capita":4451.42,"gap_per_capita":3208.89,"population":43813},"geometry":{"type":"Polygon","coordinates":[[[-85.1941,41.5264],[-84.805,41.5301],[-84.8043,41.426],[-84.8041,41.4083],[-84.8037,41.2709],[-85.1921,41.2642],[-85.1941,41.5264]]]}},{"type":"Feature","properties":{"cbsa":"40770","name":"Russellville, AL","is_metro":false,"region":"South","tax_per_capita":720.31,"spend_per_capita":3910.09,"gap_per_capita":3189.78,"population":31910},"geometry":{"type":"Polygon","coordinates":[[[-88.1549,34.463],[-88.1396,34.5817],[-87.5297,34.5671],[-87.5297,34.3046],[-87.6347,34.307],[-88.1733,34.321],[-88.1549,34.463]]]}},{"type":"Feature","properties":{"cbsa":"44580","name":"Sterling, IL","is_metro":false,"region":"Midwest","tax_per_capita":1829.42,"spend_per_capita":10368.75,"gap_per_capita":8539.33,"population":54555},"geometry":{"type":"Polygon","coordinates":[[[-90.2424,41.7828],[-90.1814,41.8446],[-90.1582,41.9298],[-89.6854,41.9303],[-89.6315,41.5849],[-90.1855,41.5846],[-90.2297,41.6754],[-90.2424,41.7828]]]}},{"type":"Feature","properties":{"cbsa":"34140","name":"Moscow, ID","is_metro":false,"region":"West","tax_per_capita":1150.87,"spend_per_capita":2905.85,"gap_per_capita":1754.98,"population":40924},"geometry":{"type":"Polygon","coordinates":[[[-117.0398,47.1273],[-116.4581,47.0366],[-116.3294,46.9347],[-116.4561,46.6291],[-116.7191,46.5429],[-117.0398,47.1273]]]}},{"type":"Feature","properties":{"cbsa":"23660","name":"Galesburg, IL","is_metro":false,"region":"Midwest","tax_per_capita":2150.1,"spend_per_capita":6103.39,"gap_per_capita":3953.29,"population":48620},"geometry":{"type":"Polygon","coordinates":[[[-90.4418,40.8891],[-90.4377,41.1515],[-89.9846,41.1494],[-89.9853,40.8001],[-90.4443,40.7149],[-90.4418,40.8891]]]}},{"type":"Feature","properties":{"cbsa":"34540","name":"Mount Vernon, OH","is_metro":false,"region":"Midwest","tax_per_capita":1754.3,"spend_per_capita":3884.53,"gap_per_capita":2130.23,"population":63196},"geometry":{"type":"Polygon","coordinates":[[[-82.7449,40.3496],[-82.6236,40.5499],[-82.337,40.555],[-82.1785,40.5731],[-82.1959,40.2391],[-82.4761,40.2647],[-82.7449,40.3496]]]}},{"type":"Feature","properties":{"cbsa":"31820","name":"Manitowoc, WI","is_metro":false,"region":"Midwest","tax_per_capita":1281.92,"spend_per_capita":4196.42,"gap_per_capita":2914.51,"population":81198},"geometry":{"type":"Polygon","coordinates":[[[-88.0432,44.241],[-87.8875,44.3276],[-87.5433,44.3275],[-87.5218,44.26],[-87.5399,44.1597],[-87.6552,44.0819],[-87.7286,43.8922],[-88.0421,43.9792],[-88.0432,44.241]]]}},{"type":"Feature","properties":{"cbsa":"29060","name":"Laconia, NH","is_metro":false,"region":"Northeast","tax_per_capita":4364.92,"spend_per_capita":5051.62,"gap_per_capita":686.7,"population":64705},"geometry":{"type":"Polygon","coordinates":[[[-71.7276,43.5634],[-71.6483,43.6845],[-71.5317,43.761],[-71.2089,43.5505],[-71.1908,43.515],[-71.236,43.285],[-71.6128,43.4381],[-71.7276,43.5634]]]}},{"type":"Feature","properties":{"cbsa":"16380","name":"Celina, OH","is_metro":false,"region":"Midwest","tax_per_capita":2153.24,"spend_per_capita":5442.08,"gap_per_capita":3288.85,"population":42424},"geometry":{"type":"Polygon","coordinates":[[[-84.8041,40.3528],[-84.8024,40.5722],[-84.4562,40.7283],[-84.4555,40.364],[-84.4346,40.3543],[-84.8041,40.3528]]]}},{"type":"Feature","properties":{"cbsa":"21420","name":"Enid, OK","is_metro":true,"region":"South","tax_per_capita":1673.9,"spend_per_capita":5139.66,"gap_per_capita":3465.76,"population":61951},"geometry":{"type":"Polygon","coordinates":[[[-98.1043,36.5936],[-97.4625,36.5936],[-97.4616,36.5936],[-97.4608,36.1645],[-97.6756,36.1647],[-98.1039,36.1649],[-98.1044,36.4631],[-98.1043,36.5936]]]}},{"type":"Feature","properties":{"cbsa":"10300","name":"Adrian, MI","is_metro":false,"region":"Midwest","tax_per_capita":1286.91,"spend_per_capita":4893.44,"gap_per_capita":3606.52,"population":98280},"geometry":{"type":"Polygon","coordinates":[[[-84.3633,42.0735],[-84.132,42.0716],[-83.7739,42.0824],[-83.7631,41.7235],[-83.8804,41.7202],[-84.1344,41.7129],[-84.3604,41.707],[-84.3633,42.0735]]]}},{"type":"Feature","properties":{"cbsa":"11820","name":"Astoria, OR","is_metro":false,"region":"West","tax_per_capita":2908.74,"spend_per_capita":7097.33,"gap_per_capita":4188.59,"population":41652},"geometry":{"type":"Polygon","coordinates":[[[-123.9981,46.2353],[-123.8388,46.1922],[-123.7181,46.189],[-123.5862,46.2287],[-123.4796,46.2691],[-123.4308,46.1818],[-123.3637,46.1462],[-123.72,45.7731],[-123.9615,45.8371],[-123.9937,45.9464],[-123.9293,46.042],[-124.0411,46.1977],[-123.9981,46.2353]]]}},{"type":"Feature","properties":{"cbsa":"25460","name":"Harrison, AR","is_metro":false,"region":"South","tax_per_capita":720.52,"spend_per_capita":3173.09,"gap_per_capita":2452.57,"population":45381},"geometry":{"type":"Polygon","coordinates":[[[-93.5236,35.8815],[-93.4457,36.0808],[-93.3008,36.1215],[-93.2931,36.4983],[-92.854,36.498],[-92.8907,36.1142],[-92.9385,36.0717],[-93.1645,35.7289],[-93.5192,35.7635],[-93.5236,35.8815]]]}},{"type":"Feature","properties":{"cbsa":"32020","name":"Marion, OH","is_metro":false,"region":"Midwest","tax_per_capita":1500.91,"spend_per_capita":4468.05,"gap_per_capita":2967.14,"population":64609},"geometry":{"type":"Polygon","coordinates":[[[-83.4198,40.6868],[-83.3047,40.702],[-82.8583,40.705],[-82.9578,40.6451],[-83.0208,40.4338],[-83.2483,40.5071],[-83.4163,40.5265],[-83.4198,40.6868]]]}},{"type":"Feature","properties":{"cbsa":"22060","name":"Faribault-Northfield, MN","is_metro":false,"region":"Midwest","tax_per_capita":1464.26,"spend_per_capita":6239.64,"gap_per_capita":4775.38,"population":67523},"geometry":{"type":"Polygon","coordinates":[[[-93.5243,44.5436],[-93.2817,44.472],[-93.0398,44.4286],[-93.0459,44.1967],[-93.4066,44.1964],[-93.5243,44.5436]]]}},{"type":"Feature","properties":{"cbsa":"11420","name":"Angola, IN","is_metro":false,"region":"Midwest","tax_per_capita":1307.63,"spend_per_capita":4134.96,"gap_per_capita":2827.33,"population":34772},"geometry":{"type":"Polygon","coordinates":[[[-85.1968,41.7599],[-84.8251,41.7602],[-84.8059,41.7602],[-84.8061,41.6961],[-84.805,41.5301],[-85.1941,41.5264],[-85.1968,41.7599]]]}},{"type":"Feature","properties":{"cbsa":"15500","name":"Burlington, NC","is_metro":true,"region":"South","tax_per_capita":1374.16,"spend_per_capita":3562.43,"gap_per_capita":2188.27,"population":176618},"geometry":{"type":"Polygon","coordinates":[[[-79.5417,35.8999],[-79.5319,36.2497],[-79.2682,35.9092],[-79.2373,35.8442],[-79.5417,35.8999]]]}},{"type":"Feature","properties":{"cbsa":"10420","name":"Akron, OH","is_metro":true,"region":"Midwest","tax_per_capita":2605.87,"spend_per_capita":5196.85,"gap_per_capita":2590.98,"population":697511},"geometry":{"type":"Polygon","coordinates":[[[-81.685,41.2771],[-81.5981,41.3512],[-81.0032,41.3479],[-81.0017,40.9878],[-81.2998,40.9885],[-81.3932,40.9885],[-81.6477,40.914],[-81.6885,40.9886],[-81.685,41.2771]]]}},{"type":"Feature","properties":{"cbsa":"29200","name":"Lafayette-West Lafayette, IN","is_metro":true,"region":"Midwest","tax_per_capita":1204.13,"spend_per_capita":3358.88,"gap_per_capita":2154.75,"population":225911},"geometry":{"type":"Polygon","coordinates":[[[-87.5301,40.2507],[-87.5269,40.4912],[-87.5261,40.7369],[-87.0984,40.7365],[-87.0954,40.5629],[-86.75,40.736],[-86.5252,40.6924],[-86.3744,40.5614],[-86.6947,40.4322],[-87.0926,40.2148],[-87.2449,40.3093],[-87.4049,40.1356],[-87.4904,40.1274],[-87.5301,40.2507]]]}},{"type":"Feature","properties":{"cbsa":"26780","name":"Hutchinson, MN","is_metro":false,"region":"Midwest","tax_per_capita":1684.79,"spend_per_capita":5122.94,"gap_per_capita":3438.15,"population":36734},"geometry":{"type":"Polygon","coordinates":[[[-94.5019,44.9798],[-94.0122,44.9787],[-94.2541,44.7179],[-94.4978,44.6299],[-94.498,44.8725],[-94.5019,44.9798]]]}},{"type":"Feature","properties":{"cbsa":"21380","name":"Emporia, KS","is_metro":false,"region":"Midwest","tax_per_capita":1874.79,"spend_per_capita":8028.01,"gap_per_capita":6153.21,"population":34599},"geometry":{"type":"Polygon","coordinates":[[[-96.8377,38.3486],[-96.3538,38.5217],[-95.9459,38.7391],[-95.9503,38.4341],[-95.9586,38.2463],[-96.3573,38.1727],[-96.5228,38.0864],[-96.8377,38.3486]]]}},{"type":"Feature","properties":{"cbsa":"31740","name":"Manhattan, KS","is_metro":true,"region":"Midwest","tax_per_capita":2055.94,"spend_per_capita":5067.58,"gap_per_capita":3011.64,"population":133384},"geometry":{"type":"Polygon","coordinates":[[[-96.9632,39.1323],[-96.9617,39.2201],[-96.8065,39.5664],[-96.239,39.5662],[-96.0356,39.2165],[-96.0391,39.1265],[-96.2337,39.2123],[-96.389,39.1729],[-96.5012,39.0437],[-96.8902,38.8701],[-96.9635,38.9649],[-96.9632,39.1323]]]}},{"type":"Feature","properties":{"cbsa":"13220","name":"Beckley, WV","is_metro":true,"region":"South","tax_per_capita":1224.51,"spend_per_capita":3634.72,"gap_per_capita":2410.21,"population":112189},"geometry":{"type":"Polygon","coordinates":[[[-81.5715,37.9277],[-81.4385,37.968],[-81.3289,38.1825],[-81.0705,38.2101],[-80.8822,38.1035],[-80.8109,37.9491],[-80.8063,37.8689],[-80.8777,37.6856],[-81.0688,37.6398],[-81.1989,37.5755],[-81.3151,37.5884],[-81.5142,37.7912],[-81.5715,37.9277]]]}},{"type":"Feature","properties":{"cbsa":"11460","name":"Ann Arbor, MI","is_metro":true,"region":"Midwest","tax_per_capita":2421.6,"spend_per_capita":5391.32,"gap_per_capita":2969.72,"population":366504},"geometry":{"type":"Polygon","coordinates":[[[-84.1311,42.4246],[-83.6648,42.4312],[-83.5394,42.0856],[-83.7119,42.0836],[-84.132,42.0716],[-84.1311,42.4246]]]}},{"type":"Feature","properties":{"cbsa":"41760","name":"Sandpoint, ID","is_metro":false,"region":"West","tax_per_capita":1344.47,"spend_per_capita":3094.23,"gap_per_capita":1749.76,"population":51407},"geometry":{"type":"Polygon","coordinates":[[[-117.0412,48.0455],[-117.0353,48.4227],[-117.0329,48.8467],[-116.7849,48.5005],[-116.0492,48.4812],[-116.0489,48.2161],[-116.0492,47.9999],[-116.2331,48.0689],[-116.3296,48.0177],[-116.5051,47.8901],[-116.6341,47.9771],[-117.0412,48.0455]]]}},{"type":"Feature","properties":{"cbsa":"26980","name":"Iowa City, IA","is_metro":true,"region":"Midwest","tax_per_capita":2316.4,"spend_per_capita":4373.9,"gap_per_capita":2057.5,"population":179457},"geometry":{"type":"Polygon","coordinates":[[[-91.946,41.5107],[-91.8314,41.8619],[-91.3664,41.5984],[-91.484,41.4238],[-91.716,41.1628],[-91.946,41.5107]]]}},{"type":"Feature","properties":{"cbsa":"34260","name":"Mountain Home, AR","is_metro":false,"region":"South","tax_per_capita":840.51,"spend_per_capita":2099.28,"gap_per_capita":1258.77,"population":42485},"geometry":{"type":"Polygon","coordinates":[[[-92.5952,36.3549],[-92.5291,36.4982],[-92.1503,36.4981],[-92.1569,36.2612],[-92.2152,36.134],[-92.1974,36.0592],[-92.3072,35.974],[-92.4116,36.0628],[-92.4804,36.1994],[-92.543,36.2631],[-92.5952,36.3549]]]}},{"type":"Feature","properties":{"cbsa":"48140","name":"Wausau, WI","is_metro":true,"region":"Midwest","tax_per_capita":1846.78,"spend_per_capita":5567.48,"gap_per_capita":3720.7,"population":137955},"geometry":{"type":"Polygon","coordinates":[[[-90.315,45.0338],[-90.1978,45.1206],[-89.426,45.1191],[-89.2238,45.0292],[-89.8449,44.6849],[-90.3163,44.6852],[-90.315,45.0338]]]}},{"type":"Feature","properties":{"cbsa":"32620","name":"McComb, MS","is_metro":false,"region":"South","tax_per_capita":1041.97,"spend_per_capita":6721.63,"gap_per_capita":5679.65,"population":53511},"geometry":{"type":"Polygon","coordinates":[[[-90.5482,31.3496],[-90.2439,31.3503],[-90.0606,31.3288],[-90.0319,31.1757],[-89.9209,31.0747],[-89.8359,31.0021],[-90.2596,31.0007],[-90.3473,31.0004],[-90.5482,31.3496]]]}},{"type":"Feature","properties":{"cbsa":"11220","name":"Amsterdam, NY","is_metro":false,"region":"Northeast","tax_per_capita":2993.84,"spend_per_capita":6579.83,"gap_per_capita":3586.0,"population":49333},"geometry":{"type":"Polygon","coordinates":[[[-74.7438,43.0307],[-74.5424,42.9855],[-74.093,42.9559],[-74.2633,42.7965],[-74.6483,42.8296],[-74.7438,43.0307]]]}},{"type":"Feature","properties":{"cbsa":"39960","name":"Rice Lake, WI","is_metro":false,"region":"Midwest","tax_per_capita":1956.91,"spend_per_capita":5246.99,"gap_per_capita":3290.08,"population":46715},"geometry":{"type":"Polygon","coordinates":[[[-92.1549,45.6397],[-92.0314,45.6399],[-91.5403,45.6376],[-91.5413,45.2922],[-91.5422,45.2065],[-91.6656,45.208],[-92.1565,45.2096],[-92.1549,45.6397]]]}},{"type":"Feature","properties":{"cbsa":"22620","name":"Forrest City, AR","is_metro":false,"region":"South","tax_per_capita":1014.2,"spend_per_capita":3772.79,"gap_per_capita":2758.59,"population":22402},"geometry":{"type":"Polygon","coordinates":[[[-91.1497,35.0025],[-91.0426,35.1482],[-90.4005,35.1483],[-91.0992,34.9116],[-91.1525,34.9118],[-91.1497,35.0025]]]}},{"type":"Feature","properties":{"cbsa":"18900","name":"Crossville, TN","is_metro":false,"region":"South","tax_per_capita":751.06,"spend_per_capita":2189.27,"gap_per_capita":1438.2,"population":63482},"geometry":{"type":"Polygon","coordinates":[[[-85.2694,35.7934],[-85.2131,35.9104],[-85.2642,35.9792],[-85.1527,36.0995],[-85.0295,36.1704],[-84.8055,36.0905],[-84.6806,35.9085],[-84.7819,35.825],[-84.9161,35.7619],[-85.2541,35.7656],[-85.2694,35.7934]]]}},{"type":"Feature","properties":{"cbsa":"13180","name":"Beaver Dam, WI","is_metro":false,"region":"Midwest","tax_per_capita":1331.34,"spend_per_capita":4165.07,"gap_per_capita":2833.73,"population":88374},"geometry":{"type":"Polygon","coordinates":[[[-89.0091,43.2848],[-89.0068,43.633],[-88.401,43.6309],[-88.4184,43.3702],[-88.5358,43.196],[-89.0091,43.2848]]]}},{"type":"Feature","properties":{"cbsa":"24780","name":"Greenville, NC","is_metro":true,"region":"South","tax_per_capita":1429.21,"spend_per_capita":7872.41,"gap_per_capita":6443.19,"population":173610},"geometry":{"type":"Polygon","coordinates":[[[-77.6651,35.6749],[-77.3504,35.8192],[-77.174,35.7328],[-77.0848,35.5524],[-77.1738,35.4726],[-77.2479,35.3544],[-77.391,35.3395],[-77.4699,35.4199],[-77.5034,35.518],[-77.7007,35.6523],[-77.6651,35.6749]]]}},{"type":"Feature","properties":{"cbsa":"16460","name":"Centralia, IL","is_metro":false,"region":"Midwest","tax_per_capita":1588.73,"spend_per_capita":7004.25,"gap_per_capita":5415.53,"population":36905},"geometry":{"type":"Polygon","coordinates":[[[-89.1439,38.5031],[-89.1384,38.7363],[-89.1381,38.8242],[-88.6952,38.8263],[-88.6985,38.6061],[-88.699,38.4749],[-89.1444,38.4739],[-89.1439,38.5031]]]}},{"type":"Feature","properties":{"cbsa":"17420","name":"Cleveland, TN","is_metro":true,"region":"South","tax_per_capita":905.97,"spend_per_capita":2972.37,"gap_per_capita":2066.4,"population":128317},"geometry":{"type":"Polygon","coordinates":[[[-85.0266,35.1362],[-84.9274,35.2889],[-84.7253,35.2895],[-84.6674,35.268],[-84.3569,35.2337],[-84.2866,35.2058],[-84.5091,34.988],[-84.7274,34.988],[-84.8105,34.9879],[-84.977,34.9872],[-85.0266,35.1362]]]}},{"type":"Feature","properties":{"cbsa":"13060","name":"Bay City, TX","is_metro":false,"region":"South","tax_per_capita":3482.95,"spend_per_capita":10511.21,"gap_per_capita":7028.27,"population":36122},"geometry":{"type":"Polygon","coordinates":[[[-96.3785,28.3899],[-96.3235,28.6756],[-95.9652,29.1469],[-95.8463,29.1078],[-95.7694,28.9711],[-95.5677,28.8298],[-95.5888,28.7832],[-95.8125,28.6649],[-96.1944,28.5022],[-96.3785,28.3899]]]}},{"type":"Feature","properties":{"cbsa":"34460","name":"Mount Sterling, KY","is_metro":false,"region":"South","tax_per_capita":1031.42,"spend_per_capita":3043.27,"gap_per_capita":2011.85,"population":47421},"geometry":{"type":"Polygon","coordinates":[[[-83.9928,38.1734],[-83.8484,38.2969],[-83.716,38.2501],[-83.6352,38.1875],[-83.4628,38.0707],[-83.4634,38.017],[-83.4443,37.9425],[-83.4951,37.8619],[-83.6311,37.8254],[-83.7688,37.9184],[-83.9663,37.9308],[-83.9928,38.1734]]]}},{"type":"Feature","properties":{"cbsa":"36100","name":"Ocala, FL","is_metro":true,"region":"South","tax_per_capita":1160.99,"spend_per_capita":3111.54,"gap_per_capita":1950.54,"population":396437},"geometry":{"type":"Polygon","coordinates":[[[-82.5349,29.2147],[-82.4066,29.485],[-82.1993,29.422],[-82.0999,29.4187],[-82.0044,29.5017],[-81.7762,29.4874],[-81.6809,29.3244],[-81.6387,29.0478],[-81.9542,28.9601],[-82.3113,28.9604],[-82.3496,28.9887],[-82.5356,29.0449],[-82.5349,29.2147]]]}},{"type":"Feature","properties":{"cbsa":"21860","name":"Fairmont, MN","is_metro":false,"region":"Midwest","tax_per_capita":2076.77,"spend_per_capita":7243.54,"gap_per_capita":5166.77,"population":19656},"geometry":{"type":"Polygon","coordinates":[[[-94.8544,43.8481],[-94.369,43.848],[-94.2471,43.8479],[-94.248,43.5002],[-94.3906,43.5005],[-94.4428,43.5005],[-94.8546,43.5006],[-94.8544,43.8481]]]}},{"type":"Feature","properties":{"cbsa":"14420","name":"Borger, TX","is_metro":false,"region":"South","tax_per_capita":2544.9,"spend_per_capita":5527.79,"gap_per_capita":2982.89,"population":20222},"geometry":{"type":"Polygon","coordinates":[[[-101.6235,36.0554],[-101.0857,36.0553],[-101.0861,35.6253],[-101.6228,35.6241],[-101.6235,36.0554]]]}},{"type":"Feature","properties":{"cbsa":"27420","name":"Jamestown, ND","is_metro":false,"region":"Midwest","tax_per_capita":1710.61,"spend_per_capita":5238.73,"gap_per_capita":3528.12,"population":21476},"geometry":{"type":"Polygon","coordinates":[[[-99.4811,47.327],[-98.4992,47.3265],[-98.4671,47.2404],[-98.4391,46.6311],[-99.4497,46.6316],[-99.4811,47.327]]]}},{"type":"Feature","properties":{"cbsa":"45620","name":"Thomasville, GA","is_metro":false,"region":"South","tax_per_capita":1573.85,"spend_per_capita":5434.1,"gap_per_capita":3860.26,"population":71545},"geometry":{"type":"Polygon","coordinates":[[[-84.3766,31.0789],[-84.0036,31.0773],[-83.7362,31.0377],[-83.821,30.6626],[-84.0838,30.6759],[-84.2855,30.6848],[-84.3766,31.0789]]]}},{"type":"Feature","properties":{"cbsa":"24740","name":"Greenville, MS","is_metro":false,"region":"South","tax_per_capita":1719.83,"spend_per_capita":8877.34,"gap_per_capita":7157.51,"population":42524},"geometry":{"type":"Polygon","coordinates":[[[-91.2157,33.5294],[-90.7638,33.2704],[-90.6803,33.202],[-90.7018,33.0963],[-90.9145,33.0974],[-90.9654,33.0105],[-91.1204,33.0545],[-91.153,33.1351],[-91.0844,33.1809],[-91.0861,33.2737],[-91.1422,33.349],[-91.1477,33.4272],[-91.1894,33.493],[-91.2157,33.5294]]]}},{"type":"Feature","properties":{"cbsa":"17540","name":"Clinton, IA","is_metro":false,"region":"Midwest","tax_per_capita":2116.72,"spend_per_capita":5046.31,"gap_per_capita":2929.59,"population":46255},"geometry":{"type":"Polygon","coordinates":[[[-90.8984,42.0335],[-90.1406,41.996],[-90.1582,41.9298],[-90.1814,41.8446],[-90.2424,41.7828],[-90.3107,41.7422],[-90.4717,41.7736],[-90.8984,41.7714],[-90.8984,42.0335]]]}},{"type":"Feature","properties":{"cbsa":"42780","name":"Selinsgrove, PA","is_metro":false,"region":"Northeast","tax_per_capita":1165.62,"spend_per_capita":2709.13,"gap_per_capita":1543.51,"population":39506},"geometry":{"type":"Polygon","coordinates":[[[-77.3566,40.8073],[-76.8002,40.882],[-76.864,40.7067],[-77.1096,40.6916],[-77.3541,40.7017],[-77.3566,40.8073]]]}},{"type":"Feature","properties":{"cbsa":"18420","name":"Corinth, MS","is_metro":false,"region":"South","tax_per_capita":905.73,"spend_per_capita":9162.91,"gap_per_capita":8257.18,"population":34147},"geometry":{"type":"Polygon","coordinates":[[[-88.8231,34.9952],[-88.4699,34.996],[-88.3635,34.9957],[-88.7185,34.7568],[-88.753,34.8588],[-88.8231,34.9952]]]}},{"type":"Feature","properties":{"cbsa":"40820","name":"Ruston, LA","is_metro":false,"region":"South","tax_per_capita":3165.01,"spend_per_capita":3125.07,"gap_per_capita":-39.93,"population":47980},"geometry":{"type":"Polygon","coordinates":[[[-92.8809,32.5853],[-92.7254,32.7594],[-92.519,32.6708],[-92.4152,32.5829],[-92.6224,32.4964],[-92.777,32.4536],[-92.8809,32.5853]]]}},{"type":"Feature","properties":{"cbsa":"11680","name":"Arkansas City-Winfield, KS","is_metro":false,"region":"Midwest","tax_per_capita":1586.18,"spend_per_capita":8102.66,"gap_per_capita":6516.49,"population":34423},"geometry":{"type":"Polygon","coordinates":[[[-97.1533,37.4755],[-96.5257,37.4764],[-96.5249,37.3027],[-96.5256,36.9987],[-96.7498,36.999],[-97.1007,36.999],[-97.1477,36.999],[-97.1533,37.4755]]]}},{"type":"Feature","properties":{"cbsa":"49660","name":"Youngstown-Warren, OH","is_metro":true,"region":"Midwest","tax_per_capita":1724.93,"spend_per_capita":3924.47,"gap_per_capita":2199.54,"population":426648},"geometry":{"type":"Polygon","coordinates":[[[-81.0863,40.988],[-81.0023,41.1342],[-81.0031,41.5015],[-80.5192,41.4891],[-80.5192,41.1332],[-80.5199,40.9067],[-80.8219,40.9009],[-81.0867,40.9016],[-81.0863,40.988]]]}},{"type":"Feature","properties":{"cbsa":"28260","name":"Kearney, NE","is_metro":false,"region":"Midwest","tax_per_capita":3279.71,"spend_per_capita":5531.64,"gap_per_capita":2251.93,"population":57238},"geometry":{"type":"Polygon","coordinates":[[[-99.426,41.0465],[-98.7485,41.0466],[-98.7214,40.6989],[-98.7239,40.3504],[-99.1794,40.3507],[-99.376,40.6643],[-99.4264,40.6998],[-99.426,41.0465]]]}},{"type":"Feature","properties":{"cbsa":"28450","name":"Kenosha, WI","is_metro":true,"region":"Midwest","tax_per_capita":2371.14,"spend_per_capita":6331.76,"gap_per_capita":3960.62,"population":167637},"geometry":{"type":"Polygon","coordinates":[[[-88.3059,42.6108],[-88.1883,42.6697],[-87.8147,42.644],[-87.8005,42.4919],[-88.2169,42.4959],[-88.3059,42.6108]]]}},{"type":"Feature","properties":{"cbsa":"11580","name":"Arcadia, FL","is_metro":false,"region":"South","tax_per_capita":1615.57,"spend_per_capita":4882.22,"gap_per_capita":3266.65,"population":35320},"geometry":{"type":"Polygon","coordinates":[[[-82.0565,27.2078],[-82.0558,27.3383],[-81.5641,27.3406],[-81.5626,27.0338],[-81.9832,27.0353],[-82.0575,27.0321],[-82.0565,27.2078]]]}},{"type":"Feature","properties":{"cbsa":"33980","name":"Morehead City, NC","is_metro":false,"region":"South","tax_per_capita":2200.08,"spend_per_capita":6445.35,"gap_per_capita":4245.26,"population":69326},"geometry":{"type":"Polygon","coordinates":[[[-77.1617,34.7951],[-76.9544,34.8091],[-76.693,34.8692],[-76.7116,34.9818],[-76.0658,35.1249],[-76.1373,34.9879],[-76.3102,34.8523],[-76.4505,34.7144],[-76.5538,34.6283],[-76.727,34.6967],[-77.113,34.6381],[-77.166,34.785],[-77.1617,34.7951]]]}},{"type":"Feature","properties":{"cbsa":"34900","name":"Napa, CA","is_metro":true,"region":"West","tax_per_capita":4765.71,"spend_per_capita":9012.87,"gap_per_capita":4247.16,"population":134370},"geometry":{"type":"Polygon","coordinates":[[[-122.6268,38.6708],[-122.3742,38.8118],[-122.2877,38.84],[-122.1041,38.5134],[-122.0648,38.3159],[-122.1954,38.155],[-122.3496,38.194],[-122.5296,38.4696],[-122.6268,38.6708]]]}},{"type":"Feature","properties":{"cbsa":"35900","name":"North Wilkesboro, NC","is_metro":false,"region":"South","tax_per_capita":1120.76,"spend_per_capita":3380.92,"gap_per_capita":2260.16,"population":65791},"geometry":{"type":"Polygon","coordinates":[[[-81.4558,36.2004],[-81.3667,36.2859],[-81.2536,36.3666],[-81.0951,36.4408],[-80.9672,36.402],[-80.8732,36.2363],[-80.9757,36.0588],[-81.2636,36.0258],[-81.3978,36.0661],[-81.4558,36.2004]]]}},{"type":"Feature","properties":{"cbsa":"44020","name":"Spirit Lake, IA","is_metro":false,"region":"Midwest","tax_per_capita":3985.65,"spend_per_capita":8910.07,"gap_per_capita":4924.42,"population":18048},"geometry":{"type":"Polygon","coordinates":[[[-95.3878,43.5005],[-95.2149,43.5009],[-94.9146,43.5006],[-94.9137,43.2551],[-95.3881,43.2552],[-95.3878,43.5005]]]}},{"type":"Feature","properties":{"cbsa":"38740","name":"Poplar Bluff, MO","is_metro":false,"region":"Midwest","tax_per_capita":1125.55,"spend_per_capita":3641.04,"gap_per_capita":2515.49,"population":42166},"geometry":{"type":"Polygon","coordinates":[[[-90.6786,36.9265],[-90.2586,36.922],[-90.1398,36.6961],[-90.21,36.542],[-90.4946,36.4984],[-90.6284,36.6795],[-90.6626,36.8115],[-90.6786,36.9265]]]}},{"type":"Feature","properties":{"cbsa":"44620","name":"Stevens Point-Plover, WI","is_metro":false,"region":"Midwest","tax_per_capita":1752.09,"spend_per_capita":14243.4,"gap_per_capita":12491.31,"population":70634},"geometry":{"type":"Polygon","coordinates":[[[-89.8449,44.6849],[-89.2237,44.6814],[-89.2248,44.2434],[-89.598,44.2457],[-89.7247,44.2477],[-89.7267,44.5112],[-89.8445,44.5115],[-89.8449,44.6849]]]}},{"type":"Feature","properties":{"cbsa":"18380","name":"Cordele, GA","is_metro":false,"region":"South","tax_per_capita":2157.18,"spend_per_capita":5295.35,"gap_per_capita":3138.17,"population":19729},"geometry":{"type":"Polygon","coordinates":[[[-83.9613,32.0306],[-83.6123,31.8541],[-83.8027,31.8036],[-83.9394,31.8479],[-83.9201,31.9272],[-83.9613,32.0306]]]}},{"type":"Feature","properties":{"cbsa":"38240","name":"Pinehurst-Southern Pines, NC","is_metro":true,"region":"South","tax_per_capita":1586.3,"spend_per_capita":7585.31,"gap_per_capita":5999.01,"population":105491},"geometry":{"type":"Polygon","coordinates":[[[-79.768,35.5115],[-79.3501,35.518],[-79.2736,35.3534],[-79.223,35.2681],[-79.0976,35.1742],[-79.3355,35.1616],[-79.5759,35.0699],[-79.7027,35.2559],[-79.768,35.5115]]]}},{"type":"Feature","properties":{"cbsa":"18100","name":"Columbus, NE","is_metro":false,"region":"Midwest","tax_per_capita":2732.32,"spend_per_capita":6021.96,"gap_per_capita":3289.64,"population":44808},"geometry":{"type":"Polygon","coordinates":[[[-97.8305,41.7422],[-97.2524,41.7431],[-96.9059,41.7428],[-97.1785,41.3768],[-97.2878,41.4006],[-97.5224,41.3619],[-97.5985,41.3951],[-97.7036,41.5268],[-97.8305,41.7422]]]}},{"type":"Feature","properties":{"cbsa":"32060","name":"Marion-Herrin, IL","is_metro":false,"region":"Midwest","tax_per_capita":1843.55,"spend_per_capita":5223.3,"gap_per_capita":3379.75,"population":66544},"geometry":{"type":"Polygon","coordinates":[[[-89.1512,37.862],[-88.7068,37.8635],[-88.7085,37.5993],[-89.0414,37.5966],[-89.1536,37.6002],[-89.1512,37.862]]]}},{"type":"Feature","properties":{"cbsa":"10220","name":"Ada, OK","is_metro":false,"region":"South","tax_per_capita":1476.52,"spend_per_capita":3772.98,"gap_per_capita":2296.46,"population":38032},"geometry":{"type":"Polygon","coordinates":[[[-96.9324,34.8545],[-96.8854,34.9263],[-96.7757,34.9],[-96.7109,34.9117],[-96.5286,34.8696],[-96.4061,34.9342],[-96.4064,34.68],[-96.5138,34.5054],[-96.8271,34.5932],[-96.9325,34.6368],[-96.9324,34.8545]]]}},{"type":"Feature","properties":{"cbsa":"31860","name":"Mankato, MN","is_metro":true,"region":"Midwest","tax_per_capita":1721.2,"spend_per_capita":6641.05,"gap_per_capita":4919.85,"population":103946},"geometry":{"type":"Polygon","coordinates":[[[-94.7806,44.4567],[-93.9349,44.4567],[-94.0119,44.2395],[-93.768,44.1958],[-94.2471,43.8479],[-94.3688,44.1087],[-94.4913,44.3597],[-94.7806,44.4567]]]}},{"type":"Feature","properties":{"cbsa":"46900","name":"Vernon, TX","is_metro":false,"region":"South","tax_per_capita":2394.5,"spend_per_capita":9632.31,"gap_per_capita":7237.81,"population":12535},"geometry":{"type":"Polygon","coordinates":[[[-99.4753,34.0856],[-99.471,34.3965],[-99.395,34.4421],[-99.2753,34.3866],[-99.2116,34.314],[-99.1316,34.2094],[-99.0029,34.2088],[-98.9532,33.834],[-99.4753,34.0856]]]}},{"type":"Feature","properties":{"cbsa":"36940","name":"Owatonna, MN","is_metro":false,"region":"Midwest","tax_per_capita":1881.59,"spend_per_capita":7112.96,"gap_per_capita":5231.37,"population":37429},"geometry":{"type":"Polygon","coordinates":[[[-93.4066,44.1964],[-93.4046,44.1964],[-93.0459,44.1967],[-93.046,43.8485],[-93.0495,43.8484],[-93.4066,43.8481],[-93.4066,44.1964]]]}},{"type":"Feature","properties":{"cbsa":"32740","name":"Meadville, PA","is_metro":false,"region":"Northeast","tax_per_capita":1345.68,"spend_per_capita":3692.59,"gap_per_capita":2346.91,"population":82405},"geometry":{"type":"Polygon","coordinates":[[[-80.5194,41.8496],[-79.6131,41.6239],[-79.8333,41.6012],[-79.9254,41.5502],[-80.1254,41.4804],[-80.5192,41.4993],[-80.5194,41.8496]]]}},{"type":"Feature","properties":{"cbsa":"25780","name":"Henderson, NC","is_metro":false,"region":"South","tax_per_capita":1243.06,"spend_per_capita":4121.1,"gap_per_capita":2878.04,"population":42154},"geometry":{"type":"Polygon","coordinates":[[[-78.4978,36.5145],[-78.3237,36.5424],[-78.307,36.2662],[-78.4213,36.1647],[-78.5112,36.4548],[-78.4978,36.5145]]]}},{"type":"Feature","properties":{"cbsa":"36500","name":"Olympia-Lacey-Tumwater, WA","is_metro":true,"region":"West","tax_per_capita":2412.22,"spend_per_capita":6555.35,"gap_per_capita":4143.13,"population":298639},"geometry":{"type":"Polygon","coordinates":[[[-123.2019,47.0851],[-122.9382,47.1903],[-122.8206,47.1942],[-122.6374,46.9771],[-122.5604,46.9335],[-122.3036,46.8281],[-122.2031,46.7631],[-123.1606,46.7934],[-123.1584,46.9959],[-123.2019,47.0851]]]}},{"type":"Feature","properties":{"cbsa":"28500","name":"Kerrville, TX","is_metro":false,"region":"South","tax_per_capita":2054.89,"spend_per_capita":3248.7,"gap_per_capita":1193.81,"population":53784},"geometry":{"type":"Polygon","coordinates":[[[-99.7541,30.2907],[-99.301,30.1343],[-98.9177,29.7814],[-99.6028,29.9077],[-99.6899,30.0739],[-99.7541,30.2907]]]}},{"type":"Feature","properties":{"cbsa":"20700","name":"East Stroudsburg, PA","is_metro":false,"region":"Northeast","tax_per_capita":3003.43,"spend_per_capita":5030.74,"gap_per_capita":2027.3,"population":167451},"geometry":{"type":"Polygon","coordinates":[[[-75.6494,41.1223],[-75.5431,41.2241],[-75.3592,41.2392],[-75.1565,41.1503],[-75.0153,41.0612],[-75.1331,40.9802],[-75.2178,40.9281],[-75.3833,40.831],[-75.5746,40.9513],[-75.6204,41.1093],[-75.6494,41.1223]]]}},{"type":"Feature","properties":{"cbsa":"25880","name":"Hillsdale, MI","is_metro":false,"region":"Midwest","tax_per_capita":835.29,"spend_per_capita":4150.08,"gap_per_capita":3314.79,"population":45735},"geometry":{"type":"Polygon","coordinates":[[[-84.8265,42.0725],[-84.3633,42.0735],[-84.3995,41.7059],[-84.8061,41.6961],[-84.8251,41.7602],[-84.8265,42.0725]]]}},{"type":"Feature","properties":{"cbsa":"26700","name":"Huron, SD","is_metro":false,"region":"Midwest","tax_per_capita":2150.81,"spend_per_capita":4855.3,"gap_per_capita":2704.48,"population":19488},"geometry":{"type":"Polygon","coordinates":[[[-98.7058,44.6342],[-97.9778,44.6316],[-97.8562,44.6312],[-97.853,44.5444],[-97.8537,44.1952],[-98.3319,44.1967],[-98.7005,44.1967],[-98.7058,44.6342]]]}},{"type":"Feature","properties":{"cbsa":"41260","name":"St. Marys, PA","is_metro":false,"region":"Northeast","tax_per_capita":1425.58,"spend_per_capita":3899.07,"gap_per_capita":2473.5,"population":30467},"geometry":{"type":"Polygon","coordinates":[[[-79.0635,41.4532],[-78.9561,41.6233],[-78.4205,41.6019],[-78.254,41.4047],[-78.6467,41.2538],[-78.7353,41.2629],[-79.0951,41.3407],[-79.0635,41.4532]]]}},{"type":"Feature","properties":{"cbsa":"31980","name":"Marion, IN","is_metro":false,"region":"Midwest","tax_per_capita":1009.06,"spend_per_capita":3652.16,"gap_per_capita":2643.1,"population":65993},"geometry":{"type":"Polygon","coordinates":[[[-85.8648,40.6517],[-85.4488,40.6536],[-85.4443,40.3791],[-85.8623,40.3784],[-85.8636,40.5655],[-85.8648,40.6517]]]}},{"type":"Feature","properties":{"cbsa":"47980","name":"Watertown, SD","is_metro":false,"region":"Midwest","tax_per_capita":1738.69,"spend_per_capita":6292.39,"gap_per_capita":4553.7,"population":28736},"geometry":{"type":"Polygon","coordinates":[[[-97.4943,45.1516],[-97.2491,45.1512],[-97.2263,45.1518],[-96.8839,45.1502],[-96.8823,44.9769],[-96.8846,44.8044],[-97.4913,44.804],[-97.4943,45.1516]]]}},{"type":"Feature","properties":{"cbsa":"47420","name":"Wahpeton, ND-MN","is_metro":false,"region":"Midwest","tax_per_capita":2597.07,"spend_per_capita":6767.84,"gap_per_capita":4170.77,"population":22932},"geometry":{"type":"Polygon","coordinates":[[[-97.2799,46.6293],[-96.7898,46.6357],[-96.2812,46.6308],[-96.2654,46.1086],[-96.5727,46.0219],[-96.5637,45.9352],[-97.2283,45.9357],[-97.2593,46.2728],[-97.2799,46.6293]]]}},{"type":"Feature","properties":{"cbsa":"41820","name":"Sanford, NC","is_metro":false,"region":"South","tax_per_capita":1625.5,"spend_per_capita":4493.11,"gap_per_capita":2867.61,"population":65543},"geometry":{"type":"Polygon","coordinates":[[[-79.3501,35.518],[-79.1171,35.6282],[-79.0766,35.4146],[-79.2736,35.3534],[-79.3501,35.518]]]}},{"type":"Feature","properties":{"cbsa":"43890","name":"Sparta, WI","is_metro":false,"region":"Midwest","tax_per_capita":1435.79,"spend_per_capita":4780.76,"gap_per_capita":3344.97,"population":45894},"geometry":{"type":"Polygon","coordinates":[[[-90.9773,44.1296],[-90.5534,44.1602],[-90.3127,43.9814],[-90.3122,43.7315],[-90.9129,44.0715],[-90.9773,44.1296]]]}},{"type":"Feature","properties":{"cbsa":"10620","name":"Albemarle, NC","is_metro":false,"region":"South","tax_per_capita":1319.46,"spend_per_capita":3572.56,"gap_per_capita":2253.1,"population":64231},"geometry":{"type":"Polygon","coordinates":[[[-80.4975,35.2018],[-80.1833,35.5041],[-80.1085,35.4595],[-80.0982,35.2552],[-80.1126,35.1939],[-80.2768,35.1957],[-80.505,35.185],[-80.4975,35.2018]]]}},{"type":"Feature","properties":{"cbsa":"33020","name":"Mexico, MO","is_metro":false,"region":"Midwest","tax_per_capita":1607.47,"spend_per_capita":2908.18,"gap_per_capita":1300.71,"population":24482},"geometry":{"type":"Polygon","coordinates":[[[-92.31,39.3478],[-91.718,39.3391],[-91.4382,39.3187],[-91.6296,39.1479],[-92.1104,39.0642],[-92.3145,39.2465],[-92.31,39.3478]]]}},{"type":"Feature","properties":{"cbsa":"15460","name":"Burlington, IA-IL","is_metro":false,"region":"Midwest","tax_per_capita":2035.33,"spend_per_capita":5444.81,"gap_per_capita":3409.48,"population":44410},"geometry":{"type":"Polygon","coordinates":[[[-91.3721,40.8126],[-90.9523,41.0727],[-90.7852,41.0687],[-90.9042,40.6392],[-91.1208,40.6728],[-91.2082,40.7136],[-91.3721,40.8126]]]}},{"type":"Feature","properties":{"cbsa":"32340","name":"Maryville, MO","is_metro":false,"region":"Midwest","tax_per_capita":2063.29,"spend_per_capita":3097.03,"gap_per_capita":1033.74,"population":20715},"geometry":{"type":"Polygon","coordinates":[[[-95.2023,40.5784],[-94.9149,40.5749],[-94.632,40.5718],[-94.6084,40.4637],[-94.6059,40.1261],[-95.065,40.2466],[-95.1777,40.4789],[-95.2023,40.5784]]]}},{"type":"Feature","properties":{"cbsa":"14700","name":"Branson, MO","is_metro":false,"region":"Midwest","tax_per_capita":2856.95,"spend_per_capita":4414.09,"gap_per_capita":1557.14,"population":56749},"geometry":{"type":"Polygon","coordinates":[[[-93.3044,36.8169],[-92.7649,36.8061],[-92.8389,36.498],[-93.126,36.4979],[-93.3153,36.4983],[-93.3044,36.8169]]]}},{"type":"Feature","properties":{"cbsa":"33420","name":"Mineral Wells, TX","is_metro":false,"region":"South","tax_per_capita":2544.4,"spend_per_capita":5984.38,"gap_per_capita":3439.98,"population":29322},"geometry":{"type":"Polygon","coordinates":[[[-98.5756,32.9543],[-98.4266,33.0079],[-98.0644,32.6372],[-98.0685,32.5116],[-98.5763,32.5152],[-98.5756,32.9543]]]}},{"type":"Feature","properties":{"cbsa":"21300","name":"Elmira, NY","is_metro":true,"region":"Northeast","tax_per_capita":2905.68,"spend_per_capita":6723.08,"gap_per_capita":3817.4,"population":81641},"geometry":{"type":"Polygon","coordinates":[[[-76.965,42.2785],[-76.7327,42.2481],[-76.6193,42.2829],[-76.5636,42.1525],[-76.5581,42.0002],[-76.9658,42.0008],[-76.965,42.2785]]]}},{"type":"Feature","properties":{"cbsa":"23780","name":"Garden City, KS","is_metro":false,"region":"Midwest","tax_per_capita":1963.15,"spend_per_capita":6055.34,"gap_per_capita":4092.19,"population":37639},"geometry":{"type":"Polygon","coordinates":[[[-101.1033,38.2646],[-100.2444,38.2623],[-100.2266,38.001],[-100.6523,37.7363],[-101.1038,37.829],[-101.1033,38.2646]]]}},{"type":"Feature","properties":{"cbsa":"36900","name":"Ottumwa, IA","is_metro":false,"region":"Midwest","tax_per_capita":1921.84,"spend_per_capita":7631.82,"gap_per_capita":5709.99,"population":35081},"geometry":{"type":"Polygon","coordinates":[[[-92.6404,41.1614],[-92.4102,41.1619],[-92.18,41.1627],[-92.1791,40.8997],[-92.6391,40.8989],[-92.6404,41.1614]]]}},{"type":"Feature","properties":{"cbsa":"46340","name":"Tyler, TX","is_metro":true,"region":"South","tax_per_capita":2032.6,"spend_per_capita":4060.15,"gap_per_capita":2027.55,"population":241995},"geometry":{"type":"Polygon","coordinates":[[[-95.5945,32.687],[-95.3322,32.6043],[-95.1534,32.5701],[-95.01,32.5165],[-94.9854,32.3708],[-95.4599,32.1356],[-95.4887,32.2325],[-95.5943,32.4799],[-95.5945,32.687]]]}},{"type":"Feature","properties":{"cbsa":"45380","name":"Taylorville, IL","is_metro":false,"region":"Midwest","tax_per_capita":1508.92,"spend_per_capita":4269.72,"gap_per_capita":2760.8,"population":33390},"geometry":{"type":"Polygon","coordinates":[[[-89.535,39.6411],[-89.4252,39.762],[-89.142,39.8013],[-89.0257,39.6542],[-89.1398,39.3489],[-89.5335,39.5246],[-89.535,39.6411]]]}},{"type":"Feature","properties":{"cbsa":"20100","name":"Dover, DE","is_metro":true,"region":"South","tax_per_capita":762.36,"spend_per_capita":3602.02,"gap_per_capita":2839.66,"population":187758},"geometry":{"type":"Polygon","coordinates":[[[-75.7604,39.2968],[-75.6512,39.2916],[-75.5848,39.3086],[-75.4693,39.3308],[-75.3948,39.1884],[-75.3963,39.0579],[-75.3067,38.9477],[-75.4105,38.9164],[-75.555,38.8356],[-75.7482,39.1431],[-75.7604,39.2968]]]}},{"type":"Feature","properties":{"cbsa":"20300","name":"Dumas, TX","is_metro":false,"region":"South","tax_per_capita":2956.86,"spend_per_capita":9005.93,"gap_per_capita":6049.07,"population":21094},"geometry":{"type":"Polygon","coordinates":[[[-102.163,36.0552],[-101.6235,36.0554],[-101.6228,35.6241],[-101.6228,35.6202],[-102.1628,35.62],[-102.1628,35.6275],[-102.163,36.0552]]]}},{"type":"Feature","properties":{"cbsa":"13260","name":"Bedford, IN","is_metro":false,"region":"Midwest","tax_per_capita":831.73,"spend_per_capita":3412.13,"gap_per_capita":2580.4,"population":45231},"geometry":{"type":"Polygon","coordinates":[[[-86.6829,38.9047],[-86.3175,38.9909],[-86.2753,38.7638],[-86.3087,38.6881],[-86.6829,38.9047]]]}},{"type":"Feature","properties":{"cbsa":"30980","name":"Longview, TX","is_metro":true,"region":"South","tax_per_capita":1946.31,"spend_per_capita":4554.0,"gap_per_capita":2607.69,"population":290575},"geometry":{"type":"Polygon","coordinates":[[[-95.1527,32.6609],[-94.7199,32.9045],[-94.6724,32.8348],[-94.5073,32.6937],[-94.2428,32.7507],[-94.0927,32.7343],[-94.0431,32.5643],[-94.3506,32.3266],[-94.4918,32.3941],[-94.5805,32.2014],[-94.5114,31.974],[-94.4525,31.8441],[-94.9848,31.8461],[-94.9854,32.3708],[-95.01,32.5165],[-95.1534,32.5701],[-95.1527,32.6609]]]}},{"type":"Feature","properties":{"cbsa":"30340","name":"Lewiston-Auburn, ME","is_metro":true,"region":"Northeast","tax_per_capita":2056.6,"spend_per_capita":5102.81,"gap_per_capita":3046.22,"population":113225},"geometry":{"type":"Polygon","coordinates":[[[-70.4853,44.0604],[-70.2389,44.4589],[-70.1294,44.4872],[-69.9938,44.1806],[-70.0055,44.1245],[-70.0342,43.9757],[-70.3154,44.0378],[-70.4801,44.0321],[-70.4853,44.0604]]]}},{"type":"Feature","properties":{"cbsa":"45020","name":"Sweetwater, TX","is_metro":false,"region":"South","tax_per_capita":3509.89,"spend_per_capita":11860.58,"gap_per_capita":8350.69,"population":14460},"geometry":{"type":"Polygon","coordinates":[[[-100.6606,32.5253],[-100.1465,32.5228],[-100.1519,32.0826],[-100.2351,32.0824],[-100.2717,32.0814],[-100.6654,32.0854],[-100.6606,32.5253]]]}},{"type":"Feature","properties":{"cbsa":"17500","name":"Clewiston, FL","is_metro":false,"region":"South","tax_per_capita":1698.31,"spend_per_capita":6343.78,"gap_per_capita":4645.47,"population":53854},"geometry":{"type":"Polygon","coordinates":[[[-81.5657,26.7696],[-81.2672,27.0325],[-81.1683,27.1217],[-80.9407,27.2059],[-80.8856,26.9589],[-80.8797,26.2593],[-81.2719,26.4226],[-81.5444,26.5135],[-81.5642,26.5425],[-81.5657,26.7696]]]}},{"type":"Feature","properties":{"cbsa":"22520","name":"Florence-Muscle Shoals, AL","is_metro":true,"region":"South","tax_per_capita":1092.96,"spend_per_capita":3218.27,"gap_per_capita":2125.3,"population":153868},"geometry":{"type":"Polygon","coordinates":[[[-88.203,35.008],[-87.9849,35.0059],[-87.6887,35.0043],[-87.6061,35.0035],[-87.2167,34.9991],[-87.2149,34.816],[-87.2607,34.7586],[-87.3442,34.7965],[-87.445,34.6527],[-88.1396,34.5817],[-88.0979,34.8922],[-88.2001,34.9956],[-88.203,35.008]]]}},{"type":"Feature","properties":{"cbsa":"49380","name":"Worthington, MN","is_metro":false,"region":"Midwest","tax_per_capita":1705.48,"spend_per_capita":8710.67,"gap_per_capita":7005.19,"population":21958},"geometry":{"type":"Polygon","coordinates":[[[-96.0523,43.8491],[-95.4525,43.848],[-95.4868,43.5002],[-95.8609,43.5],[-96.0523,43.8491]]]}},{"type":"Feature","properties":{"cbsa":"43180","name":"Shelbyville, TN","is_metro":false,"region":"South","tax_per_capita":963.44,"spend_per_capita":3145.52,"gap_per_capita":2182.09,"population":51964},"geometry":{"type":"Polygon","coordinates":[[[-86.6394,35.6859],[-86.4027,35.6186],[-86.2452,35.6319],[-86.2576,35.4125],[-86.5253,35.3547],[-86.6186,35.3674],[-86.6394,35.6859]]]}},{"type":"Feature","properties":{"cbsa":"15660","name":"Calhoun, GA","is_metro":false,"region":"South","tax_per_capita":1817.52,"spend_per_capita":4138.71,"gap_per_capita":2321.2,"population":58855},"geometry":{"type":"Polygon","coordinates":[[[-85.0692,34.5872],[-84.9261,34.6162],[-84.8638,34.6086],[-84.6545,34.5832],[-84.6444,34.4558],[-84.9888,34.3846],[-85.1044,34.4043],[-85.0692,34.5872]]]}},{"type":"Feature","properties":{"cbsa":"37060","name":"Oxford, MS","is_metro":false,"region":"South","tax_per_capita":1489.56,"spend_per_capita":3140.16,"gap_per_capita":1650.6,"population":70143},"geometry":{"type":"Polygon","coordinates":[[[-89.9315,34.1643],[-89.7211,34.1925],[-89.6684,34.5544],[-89.4245,34.5191],[-89.2461,34.4956],[-89.2455,34.1612],[-89.5074,33.8675],[-89.9261,33.898],[-89.9315,34.1643]]]}},{"type":"Feature","properties":{"cbsa":"44780","name":"Sturgis, MI","is_metro":false,"region":"Midwest","tax_per_capita":1319.7,"spend_per_capita":6083.99,"gap_per_capita":4764.29,"population":60778},"geometry":{"type":"Polygon","coordinates":[[[-85.7602,41.7988],[-85.7629,42.0693],[-85.2936,42.0716],[-85.2922,41.7598],[-85.6598,41.7592],[-85.7913,41.7591],[-85.7602,41.7988]]]}},{"type":"Feature","properties":{"cbsa":"15020","name":"Brookhaven, MS","is_metro":false,"region":"South","tax_per_capita":1062.48,"spend_per_capita":3038.43,"gap_per_capita":1975.95,"population":34764},"geometry":{"type":"Polygon","coordinates":[[[-90.7368,31.6985],[-90.3794,31.6852],[-90.2439,31.3503],[-90.5482,31.3496],[-90.6332,31.6114],[-90.7368,31.6985]]]}},{"type":"Feature","properties":{"cbsa":"22180","name":"Fayetteville, NC","is_metro":true,"region":"South","tax_per_capita":1379.19,"spend_per_capita":4194.46,"gap_per_capita":2815.27,"population":390472},"geometry":{"type":"Polygon","coordinates":[[[-79.4588,35.0436],[-79.2439,35.2137],[-79.0958,35.1921],[-78.8784,35.2316],[-78.7946,35.266],[-78.663,35.078],[-78.4947,34.8562],[-78.8274,34.8507],[-78.9408,34.9034],[-79.1914,34.8337],[-79.3531,34.9442],[-79.4588,35.0436]]]}},{"type":"Feature","properties":{"cbsa":"15740","name":"Cambridge, OH","is_metro":false,"region":"Midwest","tax_per_capita":1623.25,"spend_per_capita":4107.72,"gap_per_capita":2484.47,"population":38060},"geometry":{"type":"Polygon","coordinates":[[[-81.7163,40.1522],[-81.6224,40.2213],[-81.3396,40.172],[-81.2341,39.9513],[-81.4641,39.8946],[-81.5803,39.8391],[-81.7286,39.9317],[-81.7163,40.1522]]]}},{"type":"Feature","properties":{"cbsa":"19940","name":"Dixon, IL","is_metro":false,"region":"Midwest","tax_per_capita":2410.42,"spend_per_capita":5148.59,"gap_per_capita":2738.17,"population":33938},"geometry":{"type":"Polygon","coordinates":[[[-89.6293,41.9016],[-89.4145,41.8855],[-88.9387,41.6283],[-89.1666,41.5853],[-89.6293,41.9016]]]}},{"type":"Feature","properties":{"cbsa":"31900","name":"Mansfield, OH","is_metro":true,"region":"Midwest","tax_per_capita":1936.09,"spend_per_capita":5089.26,"gap_per_capita":3153.17,"population":125261},"geometry":{"type":"Polygon","coordinates":[[[-82.7248,40.9956],[-82.4208,40.8235],[-82.337,40.555],[-82.6236,40.5499],[-82.6272,40.7094],[-82.7248,40.9956]]]}},{"type":"Feature","properties":{"cbsa":"19810","name":"Detroit Lakes, MN","is_metro":false,"region":"Midwest","tax_per_capita":1716.37,"spend_per_capita":5401.13,"gap_per_capita":3684.76,"population":35363},"geometry":{"type":"Polygon","coordinates":[[[-96.1947,47.1511],[-95.5512,47.1515],[-95.1703,46.9782],[-95.163,46.8047],[-95.248,46.7163],[-96.1741,46.9774],[-96.1947,47.1511]]]}},{"type":"Feature","properties":{"cbsa":"14100","name":"Bloomsburg-Berwick, PA","is_metro":false,"region":"Northeast","tax_per_capita":1765.78,"spend_per_capita":4289.47,"gap_per_capita":2523.69,"population":65289},"geometry":{"type":"Polygon","coordinates":[[[-76.6408,41.1557],[-76.4476,41.2756],[-76.3103,41.3102],[-76.2774,41.1318],[-76.2078,40.9497],[-76.3072,40.8018],[-76.4115,40.8335],[-76.528,40.8826],[-76.619,41.0638],[-76.6408,41.1557]]]}},{"type":"Feature","properties":{"cbsa":"35140","name":"Newberry, SC","is_metro":false,"region":"South","tax_per_capita":1641.5,"spend_per_capita":5375.99,"gap_per_capita":3734.49,"population":38315},"geometry":{"type":"Polygon","coordinates":[[[-81.945,34.2031],[-81.7826,34.3651],[-81.541,34.445],[-81.3423,34.2669],[-81.339,34.1976],[-81.3941,34.0715],[-81.5389,34.0817],[-81.8606,34.1794],[-81.8973,34.1464],[-81.945,34.2031]]]}},{"type":"Feature","properties":{"cbsa":"43140","name":"Shelby-Kings Mountain, NC","is_metro":false,"region":"South","tax_per_capita":1386.18,"spend_per_capita":3929.4,"gap_per_capita":2543.22,"population":100653},"geometry":{"type":"Polygon","coordinates":[[[-81.7029,35.3573],[-81.5673,35.5582],[-81.515,35.5578],[-81.3567,35.3306],[-81.3237,35.1896],[-81.3676,35.1641],[-81.7681,35.1797],[-81.7029,35.3573]]]}},{"type":"Feature","properties":{"cbsa":"32940","name":"Meridian, MS","is_metro":false,"region":"South","tax_per_capita":1294.59,"spend_per_capita":3796.22,"gap_per_capita":2501.64,"population":86345},"geometry":{"type":"Polygon","coordinates":[[[-88.9145,32.577],[-88.4213,32.3087],[-88.4311,32.2276],[-88.4687,31.8939],[-88.9105,31.8266],[-88.9145,32.577]]]}},{"type":"Feature","properties":{"cbsa":"35740","name":"Norfolk, NE","is_metro":false,"region":"Midwest","tax_per_capita":3270.31,"spend_per_capita":6089.62,"gap_per_capita":2819.3,"population":48496},"geometry":{"type":"Polygon","coordinates":[[[-97.8344,42.4377],[-97.3676,42.4388],[-97.3684,42.0909],[-97.0199,41.743],[-97.3681,41.7432],[-97.8333,41.9163],[-97.8344,42.4377]]]}},{"type":"Feature","properties":{"cbsa":"25500","name":"Harrisonburg, VA","is_metro":true,"region":"South","tax_per_capita":2326.18,"spend_per_capita":4577.24,"gap_per_capita":2251.05,"population":136564},"geometry":{"type":"Polygon","coordinates":[[[-79.2015,38.5278],[-79.093,38.6595],[-79.0573,38.7614],[-78.999,38.8401],[-78.6418,38.6047],[-78.4857,38.4216],[-78.6631,38.2779],[-78.7264,38.23],[-78.8883,38.3037],[-79.2015,38.5278]]]}},{"type":"Feature","properties":{"cbsa":"36820","name":"Oskaloosa, IA","is_metro":false,"region":"Midwest","tax_per_capita":1782.99,"spend_per_capita":7171.04,"gap_per_capita":5388.06,"population":21971},"geometry":{"type":"Polygon","coordinates":[[[-92.8714,41.5085],[-92.7565,41.5088],[-92.412,41.5095],[-92.4102,41.1619],[-92.6404,41.1614],[-92.8698,41.1611],[-92.8714,41.5085]]]}},{"type":"Feature","properties":{"cbsa":"20740","name":"Eau Claire, WI","is_metro":true,"region":"Midwest","tax_per_capita":1680.61,"spend_per_capita":4764.44,"gap_per_capita":3083.83,"population":173539},"geometry":{"type":"Polygon","coordinates":[[[-91.6656,45.208],[-91.5413,45.2922],[-90.9234,45.0311],[-90.9222,44.8573],[-91.0438,44.5966],[-91.5291,44.5962],[-91.6504,44.6836],[-91.6514,45.0298],[-91.6656,45.208]]]}},{"type":"Feature","properties":{"cbsa":"45220","name":"Tallahassee, FL","is_metro":true,"region":"South","tax_per_capita":1450.31,"spend_per_capita":4724.59,"gap_per_capita":3274.28,"population":390913},"geometry":{"type":"Polygon","coordinates":[[[-84.9325,30.6064],[-84.8647,30.7115],[-84.813,30.7096],[-84.3808,30.6888],[-84.125,30.678],[-84.0075,30.6721],[-83.7437,30.6585],[-83.6042,30.5819],[-83.7217,30.4344],[-83.8202,30.3035],[-83.9923,30.0893],[-84.063,30.1014],[-84.1249,30.0906],[-84.208,30.0848],[-84.3661,30.0087],[-84.4677,30.0019],[-84.5444,30.011],[-84.6704,30.1282],[-84.7151,30.3331],[-84.7811,30.4598],[-84.8826,30.5331],[-84.9325,30.6064]]]}},{"type":"Feature","properties":{"cbsa":"26580","name":"Huntington-Ashland, WV-KY-OH","is_metro":true,"region":"Multi-region","tax_per_capita":1149.41,"spend_per_capita":3598.8,"gap_per_capita":2449.39,"population":369974},"geometry":{"type":"Polygon","coordinates":[[[-83.3413,38.3195],[-83.2372,38.4262],[-83.1162,38.5393],[-83.0303,38.7169],[-82.9431,38.7433],[-82.8712,38.7184],[-82.8513,38.6043],[-82.7404,38.5972],[-82.7068,38.6775],[-82.65,38.8491],[-82.5827,38.7791],[-82.4725,38.6823],[-82.3617,38.5852],[-82.2743,38.5937],[-82.0551,38.4745],[-81.9558,38.6574],[-81.7399,38.6753],[-81.7505,38.591],[-81.9002,38.3986],[-81.9974,38.2666],[-82.0471,38.3744],[-82.2648,38.2292],[-82.1923,38.0463],[-82.4037,37.8629],[-82.4187,37.8724],[-82.4794,37.9386],[-82.6124,37.8793],[-82.952,38.0003],[-83.0221,38.007],[-82.9248,38.1751],[-83.1778,38.267],[-83.3011,38.2097],[-83.3413,38.3195]]]}},{"type":"Feature","properties":{"cbsa":"47660","name":"Warrensburg, MO","is_metro":false,"region":"Midwest","tax_per_capita":1432.77,"spend_per_capita":4823.39,"gap_per_capita":3390.62,"population":54449},"geometry":{"type":"Polygon","coordinates":[[[-94.1191,38.8332],[-93.8347,38.9379],[-93.4931,38.8992],[-94.0643,38.5674],[-94.1191,38.8332]]]}},{"type":"Feature","properties":{"cbsa":"41180","name":"St. Louis, MO-IL","is_metro":true,"region":"Midwest","tax_per_capita":2568.55,"spend_per_capita":4596.1,"gap_per_capita":2027.54,"population":2800245},"geometry":{"type":"Polygon","coordinates":[[[-91.4158,38.8453],[-91.2643,38.9928],[-91.1855,39.139],[-90.7233,39.2241],[-90.8401,39.3404],[-90.9083,39.4003],[-90.5912,39.1986],[-90.6036,39.1176],[-90.3133,39.1743],[-90.1481,39.2619],[-89.926,39.5221],[-89.7017,39.5233],[-89.6393,38.9991],[-89.2503,39.0282],[-89.2542,38.742],[-89.1439,38.5031],[-89.4819,38.4686],[-89.7042,38.4158],[-89.899,38.2208],[-90.0359,38.1357],[-90.2187,38.0944],[-90.2527,38.1278],[-90.416,38.0423],[-90.6181,38.0733],[-90.6848,38.0863],[-91.0958,38.2041],[-91.3675,38.2097],[-91.4186,38.7098],[-91.4158,38.8453]]]}},{"type":"Feature","properties":{"cbsa":"17780","name":"College Station-Bryan, TX","is_metro":true,"region":"South","tax_per_capita":2376.47,"spend_per_capita":3702.8,"gap_per_capita":1326.33,"population":277751},"geometry":{"type":"Polygon","coordinates":[[[-96.9636,30.5572],[-96.6122,30.7577],[-96.7563,30.9272],[-96.8305,31.1052],[-96.3192,31.3571],[-96.241,30.9737],[-96.1684,30.823],[-96.1218,30.4434],[-96.1473,30.3828],[-96.1787,30.3947],[-96.2992,30.3792],[-96.6409,30.2968],[-96.7901,30.3907],[-96.9636,30.5572]]]}},{"type":"Feature","properties":{"cbsa":"28740","name":"Kingston, NY","is_metro":true,"region":"Northeast","tax_per_capita":4414.84,"spend_per_capita":7078.46,"gap_per_capita":2663.62,"population":182320},"geometry":{"type":"Polygon","coordinates":[[[-74.531,42.1465],[-74.3076,42.1143],[-74.0024,42.177],[-73.9296,42.0788],[-73.9537,41.9527],[-73.9396,41.87],[-74.0537,41.5806],[-74.3671,41.591],[-74.5751,41.7453],[-74.7807,42.0164],[-74.531,42.1465]]]}},{"type":"Feature","properties":{"cbsa":"34980","name":"Nashville-Davidson--Murfreesboro--Franklin, TN","is_metro":true,"region":"South","tax_per_capita":2155.24,"spend_per_capita":4578.64,"gap_per_capita":2423.4,"population":2071019},"geometry":{"type":"Polygon","coordinates":[[[-87.7168,35.8387],[-87.5345,35.9931],[-87.5668,36.1779],[-87.5135,36.3347],[-87.2865,36.3219],[-87.1204,36.4555],[-87.115,36.6441],[-86.813,36.6476],[-86.6064,36.6521],[-86.5513,36.638],[-86.4115,36.6482],[-86.0819,36.6338],[-85.8739,36.6236],[-85.797,36.6103],[-85.828,36.4118],[-85.7801,36.238],[-85.8074,36.1316],[-85.9101,36.1169],[-86.0634,36.0701],[-85.8892,35.8575],[-85.9974,35.712],[-86.0889,35.6468],[-86.2454,35.6889],[-86.3419,35.6643],[-86.5431,35.6976],[-86.6862,35.7101],[-86.782,35.7066],[-86.9608,35.417],[-87.2066,35.4332],[-87.2945,35.4447],[-87.3523,35.5846],[-87.4596,35.6151],[-87.6582,35.6093],[-87.7168,35.8387]]]}},{"type":"Feature","properties":{"cbsa":"32820","name":"Memphis, TN-MS-AR","is_metro":true,"region":"South","tax_per_capita":1582.62,"spend_per_capita":5230.97,"gap_per_capita":3648.35,"population":1338667},"geometry":{"type":"Polygon","coordinates":[[[-90.5749,34.6317],[-90.5461,34.7021],[-90.4735,34.7888],[-90.408,34.8353],[-90.4005,35.1483],[-90.5065,35.1788],[-90.2869,35.4384],[-90.1125,35.4102],[-90.0453,35.4154],[-90.0458,35.4965],[-89.9585,35.5417],[-89.9097,35.538],[-89.6229,35.6523],[-89.6041,35.6251],[-89.4699,35.5466],[-89.3751,35.3999],[-89.1839,35.3971],[-89.0265,34.995],[-89.0176,34.8587],[-89.0885,34.5982],[-89.2456,34.5832],[-89.3258,34.526],[-89.4766,34.5542],[-89.7213,34.5543],[-90.1985,34.5111],[-90.3019,34.4245],[-90.5695,34.5243],[-90.5492,34.5681],[-90.5749,34.6317]]]}},{"type":"Feature","properties":{"cbsa":"19340","name":"Davenport-Moline-Rock Island, IA-IL","is_metro":true,"region":"Midwest","tax_per_capita":2279.08,"spend_per_capita":5437.56,"gap_per_capita":3158.48,"population":379439},"geometry":{"type":"Polygon","coordinates":[[[-91.1142,41.25],[-91.0741,41.3343],[-91.0651,41.3691],[-90.9667,41.4301],[-90.8673,41.4482],[-90.7838,41.5965],[-90.8984,41.7714],[-90.4717,41.7736],[-90.3107,41.7422],[-90.2424,41.7828],[-90.1612,41.6439],[-89.8624,41.584],[-89.8576,41.2345],[-89.9846,41.1494],[-90.4377,41.1515],[-90.6677,41.0676],[-90.9519,41.0699],[-90.9572,41.1111],[-91.0415,41.1661],[-91.1142,41.25]]]}},{"type":"Feature","properties":{"cbsa":"49740","name":"Yuma, AZ","is_metro":true,"region":"West","tax_per_capita":1505.69,"spend_per_capita":4381.75,"gap_per_capita":2876.05,"population":208874},"geometry":{"type":"Polygon","coordinates":[[[-114.7997,32.5936],[-114.7649,32.6494],[-114.7057,32.7416],[-114.6157,32.7413],[-114.5403,32.7748],[-114.469,32.8452],[-114.4766,32.9236],[-114.5113,33.0235],[-114.2688,33.03],[-113.9575,33.4644],[-113.335,33.3775],[-113.3337,32.7679],[-113.3338,32.0402],[-114.8136,32.4943],[-114.7956,32.551],[-114.7997,32.5936]]]}},{"type":"Feature","properties":{"cbsa":"24700","name":"Greensburg, IN","is_metro":false,"region":"Midwest","tax_per_capita":1333.11,"spend_per_capita":9882.17,"gap_per_capita":8549.07,"population":26454},"geometry":{"type":"Polygon","coordinates":[[[-85.6845,39.35],[-85.6293,39.4528],[-85.2965,39.2683],[-85.5663,39.1328],[-85.6845,39.35]]]}},{"type":"Feature","properties":{"cbsa":"27540","name":"Jasper, IN","is_metro":false,"region":"Midwest","tax_per_capita":1250.69,"spend_per_capita":11664.08,"gap_per_capita":10413.39,"population":43492},"geometry":{"type":"Polygon","coordinates":[[[-87.0724,38.5147],[-86.9242,38.5054],[-86.8375,38.5265],[-86.6814,38.3948],[-86.7922,38.2491],[-87.0175,38.2036],[-87.0724,38.5147]]]}},{"type":"Feature","properties":{"cbsa":"18060","name":"Columbus, MS","is_metro":false,"region":"South","tax_per_capita":1451.26,"spend_per_capita":3292.53,"gap_per_capita":1841.28,"population":67671},"geometry":{"type":"Polygon","coordinates":[[[-88.8131,33.2864],[-88.6713,33.5062],[-88.5139,33.6502],[-88.3251,33.7456],[-88.2544,33.6988],[-88.3044,33.2883],[-88.3401,32.9913],[-88.8128,32.926],[-88.8131,33.2864]]]}},{"type":"Feature","properties":{"cbsa":"19500","name":"Decatur, IL","is_metro":true,"region":"Midwest","tax_per_capita":1996.94,"spend_per_capita":5594.73,"gap_per_capita":3597.79,"population":101333},"geometry":{"type":"Polygon","coordinates":[[[-89.2178,39.917],[-89.1439,39.9614],[-88.7452,40.0552],[-88.746,39.8581],[-88.7457,39.7921],[-88.8106,39.6532],[-89.139,39.6551],[-89.2175,39.8137],[-89.2178,39.917]]]}},{"type":"Feature","properties":{"cbsa":"13900","name":"Bismarck, ND","is_metro":true,"region":"Midwest","tax_per_capita":1653.16,"spend_per_capita":5035.77,"gap_per_capita":3382.62,"population":134963},"geometry":{"type":"Polygon","coordinates":[[[-102.0959,46.9813],[-101.7646,47.2415],[-101.0346,47.2864],[-100.9654,47.1571],[-100.7493,47.3277],[-100.1133,47.3273],[-100.0812,46.6334],[-100.561,46.5878],[-100.7213,46.3901],[-101.0257,46.2844],[-101.299,46.3714],[-101.7185,46.6313],[-102.0962,46.7178],[-102.0959,46.9813]]]}},{"type":"Feature","properties":{"cbsa":"46100","name":"Tullahoma-Manchester, TN","is_metro":false,"region":"South","tax_per_capita":1124.45,"spend_per_capita":2983.02,"gap_per_capita":1858.58,"population":66495},"geometry":{"type":"Polygon","coordinates":[[[-86.5253,35.3547],[-86.2576,35.4125],[-86.2452,35.6319],[-86.2071,35.7038],[-85.9851,35.6601],[-85.877,35.5241],[-85.9136,35.2892],[-86.158,35.3626],[-86.2453,35.3237],[-86.3182,35.127],[-86.3922,35.2354],[-86.5253,35.3547]]]}},{"type":"Feature","properties":{"cbsa":"23300","name":"Freeport, IL","is_metro":false,"region":"Midwest","tax_per_capita":2135.16,"spend_per_capita":5484.43,"gap_per_capita":3349.27,"population":43556},"geometry":{"type":"Polygon","coordinates":[[[-89.9265,42.5058],[-89.4932,42.5015],[-89.3977,42.332],[-89.3962,42.2019],[-89.9198,42.1969],[-89.9265,42.5058]]]}},{"type":"Feature","properties":{"cbsa":"31380","name":"Macomb, IL","is_metro":false,"region":"Midwest","tax_per_capita":2134.76,"spend_per_capita":8618.97,"gap_per_capita":6484.21,"population":26914},"geometry":{"type":"Polygon","coordinates":[[[-90.9042,40.6392],[-90.7897,40.6358],[-90.4456,40.6276],[-90.4469,40.5398],[-90.4475,40.4521],[-90.4502,40.2763],[-90.9098,40.2844],[-90.9042,40.6392]]]}},{"type":"Feature","properties":{"cbsa":"11180","name":"Ames, IA","is_metro":true,"region":"Midwest","tax_per_capita":1972.22,"spend_per_capita":6451.41,"gap_per_capita":4479.19,"population":124836},"geometry":{"type":"Polygon","coordinates":[[[-94.1647,42.2099],[-93.6984,42.2093],[-93.2317,42.2089],[-93.3479,41.8631],[-93.8157,41.8634],[-94.1647,42.2099]]]}},{"type":"Feature","properties":{"cbsa":"13660","name":"Big Rapids, MI","is_metro":false,"region":"Midwest","tax_per_capita":1325.34,"spend_per_capita":4703.3,"gap_per_capita":3377.96,"population":40782},"geometry":{"type":"Polygon","coordinates":[[[-85.5624,43.8155],[-85.0888,43.8137],[-85.085,43.4662],[-85.5623,43.4681],[-85.5624,43.8155]]]}},{"type":"Feature","properties":{"cbsa":"22100","name":"Farmington, MO","is_metro":false,"region":"Midwest","tax_per_capita":1350.93,"spend_per_capita":3526.62,"gap_per_capita":2175.69,"population":66906},"geometry":{"type":"Polygon","coordinates":[[[-90.6451,37.7348],[-90.6181,38.0733],[-90.416,38.0423],[-90.4591,37.8789],[-90.1105,37.6713],[-90.535,37.6436],[-90.6451,37.7348]]]}},{"type":"Feature","properties":{"cbsa":"32280","name":"Martin, TN","is_metro":false,"region":"South","tax_per_capita":580.24,"spend_per_capita":2525.98,"gap_per_capita":1945.74,"population":33043},"geometry":{"type":"Polygon","coordinates":[[[-88.9492,36.4101],[-88.8272,36.502],[-88.5164,36.5015],[-88.5322,36.1154],[-88.6927,36.0627],[-88.9598,36.2228],[-88.9492,36.4101]]]}},{"type":"Feature","properties":{"cbsa":"36780","name":"Oshkosh-Neenah, WI","is_metro":true,"region":"Midwest","tax_per_capita":1651.47,"spend_per_capita":4789.03,"gap_per_capita":3137.56,"population":170688},"geometry":{"type":"Polygon","coordinates":[[[-88.8867,44.2426],[-88.7398,44.2433],[-88.4041,44.2441],[-88.4042,43.9382],[-88.8857,43.8952],[-88.8867,44.2426]]]}},{"type":"Feature","properties":{"cbsa":"44900","name":"Summerville, GA","is_metro":false,"region":"South","tax_per_capita":1115.01,"spend_per_capita":3605.28,"gap_per_capita":2490.27,"population":24962},"geometry":{"type":"Polygon","coordinates":[[[-85.5269,34.5887],[-85.1077,34.5875],[-85.3349,34.3697],[-85.4631,34.2862],[-85.513,34.5239],[-85.5269,34.5887]]]}},{"type":"Feature","properties":{"cbsa":"20180","name":"DuBois, PA","is_metro":false,"region":"Northeast","tax_per_capita":1343.35,"spend_per_capita":5386.05,"gap_per_capita":4042.7,"population":77824},"geometry":{"type":"Polygon","coordinates":[[[-78.8052,40.906],[-78.7664,41.2028],[-78.6467,41.2538],[-78.0934,41.2169],[-78.0382,41.1536],[-78.0571,41.0375],[-78.1665,40.9615],[-78.2884,40.8497],[-78.3606,40.7332],[-78.4029,40.7252],[-78.8063,40.7297],[-78.8052,40.906]]]}},{"type":"Feature","properties":{"cbsa":"34880","name":"Nantucket, MA","is_metro":false,"region":"Northeast","tax_per_capita":11259.85,"spend_per_capita":15480.86,"gap_per_capita":4221.01,"population":14443},"geometry":{"type":"Polygon","coordinates":[[[-70.2755,41.3105],[-70.0791,41.3195],[-69.9849,41.3588],[-70.0152,41.238],[-70.2115,41.2488],[-70.2755,41.3105]]]}},{"type":"Feature","properties":{"cbsa":"35220","name":"New Castle, IN","is_metro":false,"region":"Midwest","tax_per_capita":1562.86,"spend_per_capita":5371.4,"gap_per_capita":3808.54,"population":48815},"geometry":{"type":"Polygon","coordinates":[[[-85.5967,39.8729],[-85.5762,40.0771],[-85.2135,40.0156],[-85.2009,39.8738],[-85.3016,39.7876],[-85.5967,39.8729]]]}},{"type":"Feature","properties":{"cbsa":"32140","name":"Marshall, MN","is_metro":false,"region":"Midwest","tax_per_capita":1749.18,"spend_per_capita":7934.81,"gap_per_capita":6185.62,"population":25433},"geometry":{"type":"Polygon","coordinates":[[[-96.093,44.6305],[-95.604,44.6299],[-95.5948,44.5423],[-95.5936,44.1955],[-96.0638,44.1964],[-96.0786,44.1966],[-96.0804,44.5431],[-96.093,44.6305]]]}},{"type":"Feature","properties":{"cbsa":"42460","name":"Scottsboro, AL","is_metro":false,"region":"South","tax_per_capita":884.51,"spend_per_capita":4355.35,"gap_per_capita":3470.83,"population":52923},"geometry":{"type":"Polygon","coordinates":[[[-86.359,34.6326],[-86.257,34.9378],[-85.8639,34.987],[-85.5952,34.9242],[-85.6271,34.8319],[-85.985,34.4862],[-86.1398,34.5333],[-86.3269,34.5994],[-86.359,34.6326]]]}},{"type":"Feature","properties":{"cbsa":"31060","name":"Los Alamos, NM","is_metro":false,"region":"West","tax_per_capita":3493.8,"spend_per_capita":7503.45,"gap_per_capita":4009.65,"population":19273},"geometry":{"type":"Polygon","coordinates":[[[-106.3995,35.9601],[-106.2482,35.9663],[-106.2456,35.9307],[-106.2483,35.8392],[-106.1719,35.8278],[-106.2505,35.7558],[-106.4188,35.82],[-106.3995,35.9601]]]}},{"type":"Feature","properties":{"cbsa":"30620","name":"Lima, OH","is_metro":true,"region":"Midwest","tax_per_capita":1766.8,"spend_per_capita":5206.28,"gap_per_capita":3439.48,"population":101097},"geometry":{"type":"Polygon","coordinates":[[[-84.3974,40.8159],[-84.1096,40.861],[-83.8804,40.9204],[-83.8802,40.6447],[-84.2228,40.686],[-84.3974,40.8159]]]}},{"type":"Feature","properties":{"cbsa":"40760","name":"Ruidoso, NM","is_metro":false,"region":"West","tax_per_capita":2825.15,"spend_per_capita":5727.62,"gap_per_capita":2902.47,"population":20343},"geometry":{"type":"Polygon","coordinates":[[[-106.3737,33.6605],[-106.0527,33.8256],[-105.926,34.26],[-105.3131,34.3472],[-104.8934,34.0884],[-104.8852,33.3692],[-104.9038,33.3059],[-105.317,33.1323],[-105.726,33.3048],[-105.9316,33.3899],[-106.3719,33.3918],[-106.3737,33.6605]]]}},{"type":"Feature","properties":{"cbsa":"20820","name":"Effingham, IL","is_metro":false,"region":"Midwest","tax_per_capita":1579.0,"spend_per_capita":3849.51,"gap_per_capita":2270.51,"population":44608},"geometry":{"type":"Polygon","coordinates":[[[-88.8053,39.2163],[-88.4708,39.3745],[-88.0078,39.1739],[-88.3617,38.9108],[-88.6935,38.9146],[-88.8053,39.2163]]]}},{"type":"Feature","properties":{"cbsa":"32380","name":"Mason City, IA","is_metro":false,"region":"Midwest","tax_per_capita":2672.24,"spend_per_capita":6420.35,"gap_per_capita":3748.12,"population":49737},"geometry":{"type":"Polygon","coordinates":[[[-93.4976,43.2555],[-93.2289,43.4996],[-93.0243,43.4996],[-93.0241,43.2128],[-93.4986,42.9085],[-93.4976,43.2555]]]}},{"type":"Feature","properties":{"cbsa":"10460","name":"Alamogordo, NM","is_metro":false,"region":"West","tax_per_capita":1027.57,"spend_per_capita":3559.63,"gap_per_capita":2532.06,"population":68517},"geometry":{"type":"Polygon","coordinates":[[[-106.3766,32.9581],[-106.3405,33.0528],[-105.9316,33.3899],[-105.726,33.3048],[-105.317,33.1323],[-105.316,32.9621],[-104.8515,32.5205],[-104.9184,32.0005],[-105.7505,32.0022],[-106.2007,32.0018],[-106.3766,32.9581]]]}},{"type":"Feature","properties":{"cbsa":"31620","name":"Magnolia, AR","is_metro":false,"region":"South","tax_per_capita":1145.97,"spend_per_capita":4592.08,"gap_per_capita":3446.11,"population":22286},"geometry":{"type":"Polygon","coordinates":[[[-93.4817,33.2601],[-93.3656,33.4445],[-93.1163,33.4529],[-92.9785,33.3771],[-93.1974,33.018],[-93.3771,33.0182],[-93.4817,33.2601]]]}},{"type":"Feature","properties":{"cbsa":"12380","name":"Austin, MN","is_metro":false,"region":"Midwest","tax_per_capita":1457.88,"spend_per_capita":5970.94,"gap_per_capita":4513.06,"population":40050},"geometry":{"type":"Polygon","coordinates":[[[-93.0495,43.8484],[-92.6894,43.8486],[-92.449,43.8341],[-92.5531,43.5003],[-92.8703,43.4995],[-93.0492,43.4996],[-93.0495,43.8484]]]}},{"type":"Feature","properties":{"cbsa":"34380","name":"Mount Pleasant, MI","is_metro":false,"region":"Midwest","tax_per_capita":902.98,"spend_per_capita":5456.61,"gap_per_capita":4553.63,"population":64366},"geometry":{"type":"Polygon","coordinates":[[[-85.0888,43.8137],[-84.606,43.8154],[-84.6075,43.466],[-84.846,43.4662],[-85.085,43.4662],[-85.0888,43.8137]]]}},{"type":"Feature","properties":{"cbsa":"47340","name":"Wabash, IN","is_metro":false,"region":"Midwest","tax_per_capita":1332.66,"spend_per_capita":4079.99,"gap_per_capita":2747.33,"population":30842},"geometry":{"type":"Polygon","coordinates":[[[-85.9456,41.0429],[-85.6832,41.0019],[-85.6386,40.6531],[-85.9395,40.651],[-85.9456,41.0429]]]}},{"type":"Feature","properties":{"cbsa":"48020","name":"Watertown-Fort Atkinson, WI","is_metro":false,"region":"Midwest","tax_per_capita":1821.36,"spend_per_capita":4536.86,"gap_per_capita":2715.5,"population":85725},"geometry":{"type":"Polygon","coordinates":[[[-89.0136,42.8476],[-89.0088,43.1977],[-88.5358,43.196],[-88.5415,42.843],[-88.7771,42.8427],[-89.0135,42.8476],[-89.0136,42.8476]]]}},{"type":"Feature","properties":{"cbsa":"47780","name":"Washington, IN","is_metro":false,"region":"Midwest","tax_per_capita":1917.45,"spend_per_capita":3865.18,"gap_per_capita":1947.73,"population":33496},"geometry":{"type":"Polygon","coordinates":[[[-87.2786,38.6913],[-87.2415,38.8175],[-87.0988,38.904],[-86.9043,38.9042],[-86.9242,38.5054],[-87.0724,38.5147],[-87.2421,38.5449],[-87.2786,38.6913]]]}},{"type":"Feature","properties":{"cbsa":"35700","name":"Nogales, AZ","is_metro":false,"region":"West","tax_per_capita":1450.35,"spend_per_capita":4780.07,"gap_per_capita":3329.72,"population":48680},"geometry":{"type":"Polygon","coordinates":[[[-111.3669,31.5214],[-111.1642,31.7259],[-110.4523,31.7312],[-110.4599,31.3999],[-111.0748,31.3322],[-111.3669,31.5214]]]}},{"type":"Feature","properties":{"cbsa":"43420","name":"Sierra Vista-Douglas, AZ","is_metro":true,"region":"West","tax_per_capita":1426.28,"spend_per_capita":3916.61,"gap_per_capita":2490.34,"population":125487},"geometry":{"type":"Polygon","coordinates":[[[-110.4608,31.6139],[-110.451,32.4275],[-109.2277,32.4248],[-109.1142,32.4264],[-109.0483,32.0841],[-109.05,31.3325],[-109.8297,31.3341],[-110.4599,31.3999],[-110.4608,31.6139]]]}},{"type":"Feature","properties":{"cbsa":"20980","name":"El Dorado, AR","is_metro":false,"region":"South","tax_per_capita":1341.97,"spend_per_capita":3977.49,"gap_per_capita":2635.52,"population":37813},"geometry":{"type":"Polygon","coordinates":[[[-92.9785,33.3771],[-92.5672,33.3672],[-92.3503,33.2988],[-92.2246,33.2533],[-92.1437,33.0983],[-92.2228,33.0091],[-92.7236,33.0143],[-92.9711,33.0172],[-92.9785,33.3771]]]}},{"type":"Feature","properties":{"cbsa":"36460","name":"Olean, NY","is_metro":false,"region":"Northeast","tax_per_capita":2952.11,"spend_per_capita":9497.03,"gap_per_capita":6544.92,"population":76050},"geometry":{"type":"Polygon","coordinates":[[[-79.0608,42.5379],[-78.9198,42.4424],[-78.4639,42.5364],[-78.3088,42.5212],[-78.5966,41.9999],[-78.9831,41.9989],[-79.0608,42.5379]]]}},{"type":"Feature","properties":{"cbsa":"30280","name":"Lewisburg, TN","is_metro":false,"region":"South","tax_per_capita":957.05,"spend_per_capita":2711.6,"gap_per_capita":1754.55,"population":35857},"geometry":{"type":"Polygon","coordinates":[[[-86.9608,35.417],[-86.782,35.7066],[-86.6862,35.7101],[-86.6642,35.4918],[-86.5995,35.365],[-86.7469,35.2529],[-86.9065,35.3141],[-86.9608,35.417]]]}},{"type":"Feature","properties":{"cbsa":"37900","name":"Peoria, IL","is_metro":true,"region":"Midwest","tax_per_capita":2177.06,"spend_per_capita":4952.06,"gap_per_capita":2775.0,"population":362771},"geometry":{"type":"Polygon","coordinates":[[[-89.9861,40.7124],[-89.9855,40.9745],[-89.8682,41.1495],[-89.6387,41.2339],[-89.4661,41.1485],[-89.3584,41.1038],[-89.0474,41.1048],[-88.9314,40.9277],[-88.9869,40.7523],[-89.0444,40.6274],[-89.2694,40.5943],[-89.2637,40.3253],[-89.7149,40.3192],[-89.9247,40.4359],[-89.8725,40.5132],[-89.989,40.6258],[-89.9861,40.7124]]]}},{"type":"Feature","properties":{"cbsa":"30700","name":"Lincoln, NE","is_metro":true,"region":"Midwest","tax_per_capita":2529.22,"spend_per_capita":4842.08,"gap_per_capita":2312.86,"population":342059},"geometry":{"type":"Polygon","coordinates":[[[-97.3681,41.0469],[-96.9085,41.0461],[-96.4639,41.0161],[-96.4636,40.523],[-96.9135,40.6979],[-97.3681,41.0469]]]}},{"type":"Feature","properties":{"cbsa":"43620","name":"Sioux Falls, SD-MN","is_metro":true,"region":"Midwest","tax_per_capita":2368.71,"spend_per_capita":4139.95,"gap_per_capita":1771.23,"population":299079},"geometry":{"type":"Polygon","coordinates":[[[-97.6085,43.8491],[-97.1291,43.848],[-96.4529,43.8495],[-96.0646,43.849],[-96.0532,43.5002],[-96.4533,43.5004],[-96.5846,43.4696],[-96.5216,43.3856],[-96.5304,43.3],[-96.559,43.2576],[-96.5221,43.221],[-96.4589,43.1434],[-96.4521,43.0826],[-96.9241,43.0837],[-97.1605,43.17],[-97.4014,43.4998],[-97.6085,43.8491]]]}},{"type":"Feature","properties":{"cbsa":"11100","name":"Amarillo, TX","is_metro":true,"region":"South","tax_per_capita":2344.68,"spend_per_capita":5244.73,"gap_per_capita":2900.06,"population":270589},"geometry":{"type":"Polygon","coordinates":[[[-103.0416,35.6225],[-102.1628,35.62],[-101.6228,35.6241],[-101.0859,35.6191],[-101.0907,34.7482],[-101.6293,34.7476],[-102.1688,34.7474],[-103.0426,35.1832],[-103.0416,35.6225]]]}},{"type":"Feature","properties":{"cbsa":"21740","name":"Evanston, WY-UT","is_metro":false,"region":"West","tax_per_capita":1649.85,"spend_per_capita":6422.53,"gap_per_capita":4772.67,"population":23376},"geometry":{"type":"Polygon","coordinates":[[[-111.5108,41.4231],[-111.4016,41.6548],[-111.5078,41.9997],[-111.3741,42.0009],[-111.0458,41.5798],[-110.048,41.578],[-110.1216,40.9971],[-110.8721,40.9974],[-111.0466,41.2516],[-111.265,41.144],[-111.2813,41.225],[-111.4207,41.3613],[-111.5108,41.4231]]]}},{"type":"Feature","properties":{"cbsa":"48660","name":"Wichita Falls, TX","is_metro":true,"region":"South","tax_per_capita":1908.95,"spend_per_capita":4746.9,"gap_per_capita":2837.95,"population":149568},"geometry":{"type":"Polygon","coordinates":[[[-98.9532,33.834],[-98.9402,34.2037],[-98.8068,34.1559],[-98.6901,34.1332],[-98.6102,34.1562],[-98.5282,34.095],[-98.4235,34.0819],[-98.3984,34.1285],[-98.3187,34.1464],[-98.1691,34.1142],[-98.1234,34.1545],[-98.0991,34.0486],[-98.0057,33.996],[-97.9537,33.9244],[-97.9779,33.8887],[-98.4214,33.4668],[-98.9539,33.3975],[-98.9532,33.834]]]}},{"type":"Feature","properties":{"cbsa":"18260","name":"Cookeville, TN","is_metro":false,"region":"South","tax_per_capita":966.32,"spend_per_capita":5419.17,"gap_per_capita":4452.85,"population":145478},"geometry":{"type":"Polygon","coordinates":[[[-85.828,36.4118],[-85.7041,36.5224],[-85.4954,36.4031],[-85.2849,36.5313],[-85.1204,36.4072],[-85.0825,36.1962],[-85.1002,36.1386],[-85.2464,36.1007],[-85.2427,35.913],[-85.2484,35.7987],[-85.2651,35.822],[-85.4742,35.8227],[-85.6203,35.8012],[-85.6324,35.8474],[-85.6304,36.0065],[-85.7671,36.0701],[-85.8092,36.2066],[-85.8277,36.2553],[-85.828,36.4118]]]}},{"type":"Feature","properties":{"cbsa":"43940","name":"Spearfish, SD","is_metro":false,"region":"Midwest","tax_per_capita":2515.93,"spend_per_capita":4124.78,"gap_per_capita":1608.85,"population":27240},"geometry":{"type":"Polygon","coordinates":[[[-104.0557,44.571],[-103.5677,44.6041],[-103.453,44.2566],[-104.0554,44.1411],[-104.0554,44.25],[-104.0557,44.571]]]}},{"type":"Feature","properties":{"cbsa":"43320","name":"Show Low, AZ","is_metro":false,"region":"West","tax_per_capita":1305.12,"spend_per_capita":5895.49,"gap_per_capita":4590.37,"population":108800},"geometry":{"type":"Polygon","coordinates":[[[-110.7507,37.0032],[-110.0007,36.998],[-109.827,35.6626],[-109.8446,34.8226],[-109.8652,34.5597],[-109.8592,34.1258],[-109.8918,33.7778],[-109.903,33.5752],[-110.0007,34.0],[-110.7507,34.2633],[-110.7507,37.0032]]]}},{"type":"Feature","properties":{"cbsa":"28140","name":"Kansas City, MO-KS","is_metro":true,"region":"Midwest","tax_per_capita":2517.59,"spend_per_capita":6069.6,"gap_per_capita":3552.02,"population":2208782},"geometry":{"type":"Polygon","coordinates":[[[-95.1871,39.0441],[-95.1809,39.4192],[-94.9657,39.4217],[-95.0498,39.4944],[-94.6012,39.5302],[-94.206,39.7458],[-93.759,39.7847],[-93.7592,39.5246],[-93.6505,39.2482],[-93.4772,39.2928],[-93.4973,38.9284],[-94.1142,38.9173],[-94.1197,38.5687],[-94.0678,38.466],[-94.0752,38.2154],[-94.0583,38.0366],[-94.2378,38.026],[-94.6141,38.0371],[-95.0658,38.3899],[-95.0564,38.7386],[-95.0855,38.9539],[-95.1871,39.0441]]]}},{"type":"Feature","properties":{"cbsa":"38220","name":"Pine Bluff, AR","is_metro":false,"region":"South","tax_per_capita":1158.23,"spend_per_capita":3853.93,"gap_per_capita":2695.7,"population":71762},"geometry":{"type":"Polygon","coordinates":[[[-92.4716,34.0571],[-92.2333,34.0624],[-92.208,34.4928],[-92.0303,34.4895],[-91.7117,34.2339],[-91.5144,34.1423],[-91.4451,34.0806],[-91.5824,34.1251],[-91.7451,34.094],[-91.9537,34.0642],[-91.9759,33.7917],[-92.3309,33.7077],[-92.3342,33.7951],[-92.4756,33.9727],[-92.4716,34.0571]]]}},{"type":"Feature","properties":{"cbsa":"22020","name":"Fargo, ND-MN","is_metro":true,"region":"Midwest","tax_per_capita":1977.63,"spend_per_capita":6474.81,"gap_per_capita":4497.17,"population":258573},"geometry":{"type":"Polygon","coordinates":[[[-97.7059,47.24],[-96.836,47.238],[-96.1947,47.1511],[-96.1746,46.7179],[-96.2812,46.6308],[-96.7898,46.6357],[-97.2799,46.6293],[-97.6815,46.9785],[-97.7059,47.24]]]}},{"type":"Feature","properties":{"cbsa":"27100","name":"Jackson, MI","is_metro":true,"region":"Midwest","tax_per_capita":1252.69,"spend_per_capita":5305.29,"gap_per_capita":4052.6,"population":159758},"geometry":{"type":"Polygon","coordinates":[[[-84.7185,42.4215],[-84.6004,42.422],[-84.1407,42.4246],[-84.1311,42.4246],[-84.132,42.0716],[-84.3633,42.0735],[-84.7096,42.0704],[-84.7185,42.4215]]]}},{"type":"Feature","properties":{"cbsa":"11620","name":"Ardmore, OK","is_metro":false,"region":"South","tax_per_capita":2055.24,"spend_per_capita":4126.49,"gap_per_capita":2071.25,"population":48336},"geometry":{"type":"Polygon","coordinates":[[[-97.5625,34.2892],[-97.3522,34.5068],[-97.0382,34.3757],[-96.9333,34.3326],[-96.9684,34.1727],[-97.5608,34.0712],[-97.5625,34.2892]]]}},{"type":"Feature","properties":{"cbsa":"28700","name":"Kingsport-Bristol, TN-VA","is_metro":true,"region":"South","tax_per_capita":1086.91,"spend_per_capita":3535.48,"gap_per_capita":2448.57,"population":311040},"geometry":{"type":"Polygon","coordinates":[[[-83.2806,36.3947],[-83.0108,36.5637],[-82.8304,36.5938],[-82.9476,36.6759],[-82.7716,36.8],[-82.4111,36.885],[-82.3564,36.7799],[-82.1039,36.7982],[-81.9459,36.8646],[-81.6996,36.7893],[-81.6059,36.6381],[-81.8267,36.6147],[-81.9838,36.5083],[-82.2999,36.3965],[-82.6015,36.4232],[-82.7026,36.4104],[-83.0823,36.2423],[-83.2553,36.2891],[-83.2806,36.3947]]]}},{"type":"Feature","properties":{"cbsa":"38210","name":"Pikeville, KY","is_metro":false,"region":"South","tax_per_capita":999.3,"spend_per_capita":4271.19,"gap_per_capita":3271.89,"population":91235},"geometry":{"type":"Polygon","coordinates":[[[-82.9408,37.7163],[-82.6407,37.7202],[-82.5636,37.6848],[-82.413,37.7125],[-82.2961,37.6862],[-82.1416,37.5952],[-81.9683,37.5378],[-82.3094,37.3001],[-82.3553,37.2652],[-82.5536,37.2015],[-82.5653,37.1959],[-82.6843,37.2288],[-82.7108,37.2853],[-82.7631,37.4255],[-82.8315,37.467],[-82.8791,37.5354],[-82.9408,37.7163]]]}},{"type":"Feature","properties":{"cbsa":"11060","name":"Altus, OK","is_metro":false,"region":"South","tax_per_capita":1272.27,"spend_per_capita":8256.9,"gap_per_capita":6984.63,"population":24659},"geometry":{"type":"Polygon","coordinates":[[[-99.8421,34.5069],[-99.6668,34.7246],[-99.4058,34.813],[-99.1446,34.8495],[-99.0525,34.7016],[-99.0829,34.5909],[-99.2379,34.4267],[-99.2216,34.3254],[-99.3504,34.4371],[-99.4204,34.3805],[-99.475,34.3969],[-99.6,34.3747],[-99.7649,34.4353],[-99.8421,34.5069]]]}},{"type":"Feature","properties":{"cbsa":"16220","name":"Casper, WY","is_metro":true,"region":"West","tax_per_capita":1206.33,"spend_per_capita":6108.3,"gap_per_capita":4901.97,"population":79523},"geometry":{"type":"Polygon","coordinates":[[[-107.5435,42.7816],[-107.5023,43.1281],[-107.5349,43.5014],[-107.0903,43.4924],[-106.0739,43.4726],[-106.0759,42.4332],[-107.5229,42.4344],[-107.5435,42.7816]]]}},{"type":"Feature","properties":{"cbsa":"11020","name":"Altoona, PA","is_metro":true,"region":"Northeast","tax_per_capita":1405.39,"spend_per_capita":4351.05,"gap_per_capita":2945.67,"population":120734},"geometry":{"type":"Polygon","coordinates":[[[-78.5615,40.3697],[-78.4412,40.5972],[-78.3487,40.7234],[-78.1457,40.7425],[-78.222,40.6745],[-78.1971,40.5584],[-78.2573,40.2979],[-78.4343,40.3023],[-78.6189,40.3265],[-78.5615,40.3697]]]}},{"type":"Feature","properties":{"cbsa":"13380","name":"Bellingham, WA","is_metro":true,"region":"West","tax_per_capita":2163.29,"spend_per_capita":5127.62,"gap_per_capita":2964.33,"population":230598},"geometry":{"type":"Polygon","coordinates":[[[-122.8216,48.9414],[-122.2511,49.0025],[-121.7513,48.9974],[-121.1262,49.0014],[-120.7353,48.8644],[-120.6559,48.7243],[-120.9084,48.657],[-122.4988,48.6454],[-122.6713,48.6453],[-122.72,48.7892],[-122.794,48.8831],[-122.8216,48.9414]]]}},{"type":"Feature","properties":{"cbsa":"18860","name":"Crescent City, CA","is_metro":false,"region":"West","tax_per_capita":1490.41,"spend_per_capita":7140.42,"gap_per_capita":5650.01,"population":27112},"geometry":{"type":"Polygon","coordinates":[[[-124.2196,41.8464],[-124.2116,41.9985],[-123.822,41.9956],[-123.5191,41.9992],[-123.6428,41.8894],[-123.6602,41.7141],[-123.648,41.535],[-123.6614,41.3821],[-123.7706,41.4642],[-124.082,41.5478],[-124.1435,41.7093],[-124.191,41.7361],[-124.2196,41.8464]]]}},{"type":"Feature","properties":{"cbsa":"40940","name":"Safford, AZ","is_metro":false,"region":"West","tax_per_capita":1156.92,"spend_per_capita":5579.39,"gap_per_capita":4422.47,"population":38822},"geometry":{"type":"Polygon","coordinates":[[[-110.4415,33.3817],[-110.169,33.4517],[-110.0006,33.5769],[-109.8917,33.5679],[-109.6029,33.6129],[-109.4957,33.0784],[-109.245,32.742],[-109.2261,32.5291],[-109.2131,32.4264],[-109.4321,32.4276],[-110.4515,32.514],[-110.4485,32.7712],[-110.449,33.1945],[-110.4572,33.2953],[-110.4415,33.3817]]]}},{"type":"Feature","properties":{"cbsa":"14220","name":"Bogalusa, LA","is_metro":false,"region":"South","tax_per_capita":1451.89,"spend_per_capita":4507.9,"gap_per_capita":3056.01,"population":44991},"geometry":{"type":"Polygon","coordinates":[[[-90.3473,31.0004],[-90.2596,31.0007],[-89.8359,31.0021],[-89.7282,31.0023],[-89.7917,30.8204],[-89.8262,30.6688],[-90.2557,30.7124],[-90.3468,30.9056],[-90.3473,31.0004]]]}},{"type":"Feature","properties":{"cbsa":"43020","name":"Shawano, WI","is_metro":false,"region":"Midwest","tax_per_capita":1411.24,"spend_per_capita":4674.04,"gap_per_capita":3262.81,"population":45193},"geometry":{"type":"Polygon","coordinates":[[[-89.2238,45.0292],[-88.9822,45.118],[-88.4837,45.1169],[-88.2482,44.8527],[-88.2523,44.6674],[-88.6061,44.5905],[-89.2237,44.6814],[-89.2238,45.0292]]]}},{"type":"Feature","properties":{"cbsa":"31700","name":"Manchester-Nashua, NH","is_metro":true,"region":"Northeast","tax_per_capita":2569.3,"spend_per_capita":4266.28,"gap_per_capita":1696.99,"population":427493},"geometry":{"type":"Polygon","coordinates":[[[-72.0381,43.1288],[-72.0091,43.1879],[-71.8561,43.1151],[-71.6413,43.0542],[-71.5128,43.0496],[-71.3754,42.9393],[-71.4271,42.8248],[-71.3644,42.7852],[-71.2551,42.7364],[-71.2942,42.697],[-71.6362,42.7049],[-71.8988,42.7115],[-71.9747,42.7894],[-72.0622,42.9448],[-72.0381,43.1288]]]}},{"type":"Feature","properties":{"cbsa":"30380","name":"Lewistown, PA","is_metro":false,"region":"Northeast","tax_per_capita":1405.21,"spend_per_capita":4139.85,"gap_per_capita":2734.65,"population":45984},"geometry":{"type":"Polygon","coordinates":[[[-77.9138,40.3987],[-77.8418,40.55],[-77.6813,40.7298],[-77.3642,40.8469],[-77.3541,40.7017],[-77.49,40.6148],[-77.7521,40.3785],[-77.9138,40.3987]]]}},{"type":"Feature","properties":{"cbsa":"43700","name":"Somerset, KY","is_metro":false,"region":"South","tax_per_capita":1059.21,"spend_per_capita":3252.47,"gap_per_capita":2193.26,"population":65767},"geometry":{"type":"Polygon","coordinates":[[[-84.9011,37.1163],[-84.5565,37.3557],[-84.3032,37.1661],[-84.303,37.0384],[-84.4168,36.9469],[-84.6792,36.9809],[-84.8357,36.9976],[-84.9011,37.1163]]]}},{"type":"Feature","properties":{"cbsa":"11500","name":"Anniston-Oxford, AL","is_metro":true,"region":"South","tax_per_capita":1362.36,"spend_per_capita":5668.28,"gap_per_capita":4305.93,"population":115780},"geometry":{"type":"Polygon","coordinates":[[[-86.1456,33.6791],[-86.0653,33.8422],[-85.8462,33.9573],[-85.739,33.9685],[-85.5301,33.9414],[-85.6558,33.6272],[-85.7946,33.5856],[-86.0507,33.6746],[-86.1456,33.6791]]]}},{"type":"Feature","properties":{"cbsa":"23340","name":"Fremont, NE","is_metro":false,"region":"Midwest","tax_per_capita":2744.88,"spend_per_capita":6143.15,"gap_per_capita":3398.27,"population":37045},"geometry":{"type":"Polygon","coordinates":[[[-96.9059,41.7428],[-96.4442,41.7418],[-96.4348,41.4949],[-96.4707,41.3932],[-96.9059,41.4534],[-96.9059,41.7428]]]}},{"type":"Feature","properties":{"cbsa":"17020","name":"Chico, CA","is_metro":true,"region":"West","tax_per_capita":1622.05,"spend_per_capita":7956.71,"gap_per_capita":6334.66,"population":207369},"geometry":{"type":"Polygon","coordinates":[[[-122.0449,39.8838],[-121.7032,39.9842],[-121.5864,40.1005],[-121.3668,40.0861],[-121.43,39.9003],[-121.2109,39.7257],[-121.0767,39.5973],[-121.3051,39.5196],[-121.5693,39.3084],[-121.6381,39.3056],[-121.8991,39.3573],[-121.8565,39.5369],[-121.9943,39.6715],[-122.0465,39.7976],[-122.0449,39.8838]]]}},{"type":"Feature","properties":{"cbsa":"29470","name":"Lake of the Woods, VA","is_metro":false,"region":"South","tax_per_capita":1660.94,"spend_per_capita":3646.17,"gap_per_capita":1985.23,"population":38055},"geometry":{"type":"Polygon","coordinates":[[[-78.369,38.1841],[-78.2318,38.2305],[-78.0399,38.3116],[-77.7825,38.3645],[-77.703,38.3609],[-77.9471,38.12],[-78.2094,38.1311],[-78.369,38.1841]]]}},{"type":"Feature","properties":{"cbsa":"43500","name":"Silver City, NM","is_metro":false,"region":"West","tax_per_capita":1410.32,"spend_per_capita":7835.55,"gap_per_capita":6425.23,"population":27693},"geometry":{"type":"Polygon","coordinates":[[[-109.0472,33.2089],[-108.45,33.201],[-107.8583,33.2009],[-107.8567,33.0025],[-107.7731,32.8538],[-107.7369,32.6295],[-107.924,32.6044],[-108.2293,32.5168],[-108.2171,31.8641],[-108.5377,32.0798],[-108.6468,32.5165],[-108.8529,32.6034],[-109.0471,32.7778],[-109.0472,33.2089]]]}},{"type":"Feature","properties":{"cbsa":"35660","name":"Niles, MI","is_metro":true,"region":"Midwest","tax_per_capita":1713.07,"spend_per_capita":5615.62,"gap_per_capita":3902.55,"population":152835},"geometry":{"type":"Polygon","coordinates":[[[-86.8248,41.7602],[-86.5979,41.9183],[-86.5013,42.0845],[-86.3664,42.2431],[-86.2229,42.0715],[-86.5018,41.7596],[-86.64,41.7597],[-86.8248,41.7602]]]}},{"type":"Feature","properties":{"cbsa":"18340","name":"Corbin, KY","is_metro":false,"region":"South","tax_per_capita":792.62,"spend_per_capita":3405.66,"gap_per_capita":2613.04,"population":149434},"geometry":{"type":"Polygon","coordinates":[[[-84.358,36.9594],[-84.2891,37.1517],[-84.1379,37.3198],[-84.0056,37.2533],[-83.9016,37.2537],[-83.6533,37.3581],[-83.5079,37.2359],[-83.5531,37.0793],[-83.5895,36.9558],[-83.7982,36.7852],[-83.9563,36.6454],[-83.9876,36.5896],[-84.2272,36.5922],[-84.356,36.811],[-84.2974,36.9459],[-84.358,36.9594]]]}},{"type":"Feature","properties":{"cbsa":"13420","name":"Bemidji, MN","is_metro":false,"region":"Midwest","tax_per_capita":1377.89,"spend_per_capita":6034.21,"gap_per_capita":4656.32,"population":46511},"geometry":{"type":"Polygon","coordinates":[[[-95.6023,48.5389],[-95.212,48.5399],[-94.4287,48.3674],[-94.4185,47.8458],[-94.4164,47.4118],[-94.7127,47.4096],[-95.1935,47.8722],[-95.2725,47.9596],[-95.5829,48.0207],[-95.5939,48.1729],[-95.6023,48.5389]]]}},{"type":"Feature","properties":{"cbsa":"40860","name":"Rutland, VT","is_metro":false,"region":"Northeast","tax_per_capita":1340.81,"spend_per_capita":5063.15,"gap_per_capita":3722.33,"population":60353},"geometry":{"type":"Polygon","coordinates":[[[-73.4145,43.6582],[-73.3611,43.7532],[-73.219,43.8373],[-72.9597,43.8261],[-72.7912,43.8241],[-72.6998,43.6846],[-72.7899,43.4945],[-72.7585,43.3533],[-72.8686,43.3005],[-72.9876,43.305],[-73.2528,43.3635],[-73.2921,43.5845],[-73.3958,43.5681],[-73.4145,43.6582]]]}},{"type":"Feature","properties":{"cbsa":"11380","name":"Andrews, TX","is_metro":false,"region":"South","tax_per_capita":5771.94,"spend_per_capita":8899.09,"gap_per_capita":3127.16,"population":18324},"geometry":{"type":"Polygon","coordinates":[[[-103.0647,32.5222],[-102.2112,32.0868],[-102.7991,32.0858],[-103.0644,32.0871],[-103.0647,32.5222]]]}},{"type":"Feature","properties":{"cbsa":"45180","name":"Talladega-Sylacauga, AL","is_metro":false,"region":"South","tax_per_capita":1047.98,"spend_per_capita":2893.02,"gap_per_capita":1845.04,"population":91055},"geometry":{"type":"Polygon","coordinates":[[[-86.5173,33.0206],[-86.491,33.1029],[-86.458,33.2414],[-86.3411,33.3546],[-86.282,33.5099],[-86.1695,33.6192],[-86.1456,33.6791],[-85.9949,33.5865],[-85.7961,33.5562],[-85.8519,33.4987],[-85.9238,33.3962],[-85.9803,33.2942],[-86.1206,33.1945],[-86.1744,33.1044],[-86.0092,33.0903],[-86.0072,32.755],[-86.375,32.7536],[-86.4515,32.8637],[-86.5173,33.0206]]]}},{"type":"Feature","properties":{"cbsa":"17300","name":"Clarksville, TN-KY","is_metro":true,"region":"South","tax_per_capita":945.25,"spend_per_capita":3214.5,"gap_per_capita":2269.25,"population":335527},"geometry":{"type":"Polygon","coordinates":[[[-88.1573,36.8672],[-87.877,36.9601],[-87.7334,37.0021],[-87.6806,37.1492],[-87.3337,37.1572],[-87.2594,37.0724],[-87.115,36.6441],[-87.1204,36.4555],[-87.2865,36.3219],[-87.5135,36.3347],[-87.5924,36.3677],[-87.8218,36.3287],[-87.9909,36.3601],[-88.0534,36.5],[-88.0338,36.5517],[-88.0705,36.6781],[-88.1108,36.7471],[-88.1573,36.8672]]]}},{"type":"Feature","properties":{"cbsa":"24330","name":"Grand Rapids, MN","is_metro":false,"region":"Midwest","tax_per_capita":1818.45,"spend_per_capita":8750.25,"gap_per_capita":6931.81,"population":45194},"geometry":{"type":"Polygon","coordinates":[[[-94.4185,47.8458],[-93.7758,47.8989],[-93.0615,47.7204],[-93.0568,47.0264],[-93.7739,47.2113],[-93.774,47.3051],[-93.9333,47.3046],[-94.0279,47.4086],[-94.3275,47.4158],[-94.4185,47.8458]]]}},{"type":"Feature","properties":{"cbsa":"12020","name":"Athens-Clarke County, GA","is_metro":true,"region":"South","tax_per_capita":1866.11,"spend_per_capita":4150.68,"gap_per_capita":2284.58,"population":220331},"geometry":{"type":"Polygon","coordinates":[[[-83.5374,33.9659],[-83.3595,34.0403],[-83.3571,34.1162],[-83.3553,34.2237],[-83.1727,34.2385],[-83.078,34.2236],[-82.9763,34.0432],[-82.7795,33.9711],[-82.9863,33.7854],[-82.9956,33.6936],[-83.2803,33.7618],[-83.4062,33.6983],[-83.5059,33.8178],[-83.647,33.9062],[-83.5374,33.9659]]]}},{"type":"Feature","properties":{"cbsa":"23140","name":"Frankfort, IN","is_metro":false,"region":"Midwest","tax_per_capita":1319.48,"spend_per_capita":4467.48,"gap_per_capita":3148.01,"population":32769},"geometry":{"type":"Polygon","coordinates":[[[-86.6956,40.2144],[-86.3758,40.4319],[-86.3093,40.3884],[-86.2427,40.2158],[-86.3988,40.1772],[-86.6956,40.2144]]]}},{"type":"Feature","properties":{"cbsa":"10100","name":"Aberdeen, SD","is_metro":false,"region":"Midwest","tax_per_capita":2147.17,"spend_per_capita":4249.62,"gap_per_capita":2102.45,"population":41972},"geometry":{"type":"Polygon","coordinates":[[[-99.7077,45.5934],[-98.7244,45.9387],[-98.4145,45.9365],[-98.0081,45.936],[-97.9796,45.5885],[-98.7178,45.2437],[-99.5733,45.2454],[-99.7077,45.5934]]]}},{"type":"Feature","properties":{"cbsa":"36980","name":"Owensboro, KY","is_metro":true,"region":"South","tax_per_capita":1567.95,"spend_per_capita":4423.93,"gap_per_capita":2855.98,"population":112296},"geometry":{"type":"Polygon","coordinates":[[[-87.4953,37.6475],[-87.4085,37.6836],[-87.2716,37.7801],[-87.3041,37.8934],[-87.2553,37.8673],[-87.1375,37.8073],[-87.0578,37.8275],[-87.0103,37.9197],[-86.9873,37.8972],[-86.9125,37.8375],[-86.8234,37.7378],[-86.9488,37.6305],[-87.1356,37.4852],[-87.211,37.3809],[-87.3285,37.3985],[-87.4827,37.6009],[-87.4953,37.6475]]]}},{"type":"Feature","properties":{"cbsa":"19260","name":"Danville, VA","is_metro":false,"region":"South","tax_per_capita":1212.94,"spend_per_capita":4774.97,"gap_per_capita":3562.03,"population":101841},"geometry":{"type":"Polygon","coordinates":[[[-79.6407,36.8561],[-79.4799,37.006],[-79.3414,37.1372],[-79.1945,37.0558],[-79.2185,36.5414],[-79.4701,36.5408],[-79.5136,36.5407],[-79.6407,36.8561]]]}},{"type":"Feature","properties":{"cbsa":"47580","name":"Warner Robins, GA","is_metro":true,"region":"South","tax_per_capita":1662.39,"spend_per_capita":4144.02,"gap_per_capita":2481.63,"population":198261},"geometry":{"type":"Polygon","coordinates":[[[-84.0085,32.5218],[-83.7668,32.6926],[-83.7012,32.6922],[-83.5977,32.6643],[-83.5481,32.5719],[-83.4979,32.4522],[-83.5235,32.4023],[-83.6851,32.2899],[-83.8484,32.291],[-83.837,32.3888],[-84.0182,32.5065],[-84.0085,32.5218]]]}},{"type":"Feature","properties":{"cbsa":"39480","name":"Putnam, CT","is_metro":false,"region":"Northeast","tax_per_capita":2141.56,"spend_per_capita":4540.41,"gap_per_capita":2398.84,"population":96148},"geometry":{"type":"Polygon","coordinates":[[[-72.2054,42.0302],[-71.9873,42.0269],[-71.8007,42.0236],[-71.7928,41.807],[-71.7897,41.7247],[-71.7894,41.5969],[-71.8634,41.5149],[-72.1198,41.6618],[-72.1645,41.8349],[-72.2054,42.0302]]]}},{"type":"Feature","properties":{"cbsa":"35300","name":"New Haven, CT","is_metro":true,"region":"Northeast","tax_per_capita":3044.75,"spend_per_capita":6537.04,"gap_per_capita":3492.29,"population":568402},"geometry":{"type":"Polygon","coordinates":[[[-73.1224,41.1798],[-73.0407,41.3139],[-72.9524,41.4646],[-72.8503,41.5157],[-72.8485,41.5673],[-72.7489,41.5443],[-72.7461,41.4233],[-72.6537,41.4381],[-72.5346,41.2538],[-72.598,41.2687],[-72.6544,41.2656],[-72.7603,41.2412],[-72.8814,41.2426],[-72.9356,41.2585],[-72.9862,41.2335],[-73.0794,41.194],[-73.1224,41.1798]]]}},{"type":"Feature","properties":{"cbsa":"22580","name":"Forest City, NC","is_metro":false,"region":"South","tax_per_capita":1305.23,"spend_per_capita":3713.25,"gap_per_capita":2408.02,"population":64945},"geometry":{"type":"Polygon","coordinates":[[[-82.2658,35.4678],[-82.169,35.5278],[-82.0028,35.5518],[-81.8567,35.5422],[-81.7534,35.6136],[-81.7029,35.3573],[-81.8744,35.1835],[-81.9639,35.2495],[-82.2613,35.3932],[-82.2658,35.4678]]]}},{"type":"Feature","properties":{"cbsa":"23940","name":"Gillette, WY","is_metro":false,"region":"West","tax_per_capita":3548.74,"spend_per_capita":11462.72,"gap_per_capita":7913.98,"population":47059},"geometry":{"type":"Polygon","coordinates":[[[-106.0249,44.9976],[-105.0766,45.0003],[-105.0793,44.1762],[-106.0174,43.495],[-106.0145,44.521],[-106.0249,44.9976]]]}},{"type":"Feature","properties":{"cbsa":"13140","name":"Beaumont-Port Arthur, TX","is_metro":true,"region":"South","tax_per_capita":2550.09,"spend_per_capita":5264.73,"gap_per_capita":2714.64,"population":394489},"geometry":{"type":"Polygon","coordinates":[[[-94.7327,30.4901],[-94.5457,30.527],[-94.1194,30.4263],[-94.1176,30.2417],[-93.7111,30.244],[-93.7038,30.1739],[-93.7039,30.0543],[-93.7411,30.0216],[-93.8304,29.8944],[-93.8724,29.8516],[-93.8908,29.7617],[-93.838,29.6906],[-93.9619,29.6822],[-94.1615,29.6366],[-94.358,29.8875],[-94.4422,29.8895],[-94.5963,30.1121],[-94.7327,30.4901]]]}},{"type":"Feature","properties":{"cbsa":"11200","name":"Amherst Town-Northampton, MA","is_metro":true,"region":"Northeast","tax_per_capita":2209.91,"spend_per_capita":4292.09,"gap_per_capita":2082.18,"population":162518},"geometry":{"type":"Polygon","coordinates":[[[-73.0117,42.3797],[-72.8768,42.5412],[-72.7009,42.4529],[-72.4899,42.4338],[-72.3554,42.3407],[-72.3143,42.3437],[-72.214,42.2943],[-72.3955,42.1857],[-72.6065,42.2153],[-72.6131,42.2863],[-72.7934,42.2369],[-72.8852,42.3326],[-73.0629,42.329],[-73.0117,42.3797]]]}},{"type":"Feature","properties":{"cbsa":"14300","name":"Bonham, TX","is_metro":false,"region":"South","tax_per_capita":1438.11,"spend_per_capita":2867.38,"gap_per_capita":1429.27,"population":37075},"geometry":{"type":"Polygon","coordinates":[[[-96.3846,33.3978],[-96.3631,33.6942],[-96.2773,33.7697],[-96.173,33.8006],[-96.0639,33.8415],[-95.8875,33.8639],[-95.8551,33.8279],[-95.8587,33.4095],[-96.3845,33.3411],[-96.3846,33.3978]]]}},{"type":"Feature","properties":{"cbsa":"40660","name":"Rome, GA","is_metro":true,"region":"South","tax_per_capita":1908.84,"spend_per_capita":6683.91,"gap_per_capita":4775.07,"population":99437},"geometry":{"type":"Polygon","coordinates":[[[-85.4631,34.2862],[-85.3349,34.3697],[-85.1077,34.5875],[-85.1044,34.4043],[-85.0231,34.3471],[-85.2576,34.1007],[-85.4211,34.0808],[-85.4631,34.2862]]]}},{"type":"Feature","properties":{"cbsa":"25580","name":"Hastings, NE","is_metro":false,"region":"Midwest","tax_per_capita":3886.92,"spend_per_capita":8691.34,"gap_per_capita":4804.41,"population":40335},"geometry":{"type":"Polygon","coordinates":[[[-98.7268,40.3504],[-98.7244,40.6898],[-98.2829,40.6983],[-97.8257,40.6986],[-97.8241,40.3505],[-98.274,40.0023],[-98.6138,40.0024],[-98.7268,40.3504]]]}},{"type":"Feature","properties":{"cbsa":"13460","name":"Bend, OR","is_metro":true,"region":"West","tax_per_capita":2380.05,"spend_per_capita":5606.04,"gap_per_capita":3225.98,"population":258184},"geometry":{"type":"Polygon","coordinates":[[[-121.9649,43.627],[-121.9645,43.8082],[-121.87,43.9117],[-121.7994,44.2583],[-121.8431,44.3926],[-121.7939,44.5941],[-121.82,44.8006],[-121.753,44.8299],[-121.0895,44.8233],[-120.4047,44.7947],[-120.3861,44.4361],[-120.0207,44.3897],[-119.899,44.3066],[-119.6572,43.9589],[-119.7775,43.698],[-119.8966,43.6112],[-120.3778,43.6159],[-122.0024,43.6155],[-121.9649,43.627]]]}},{"type":"Feature","properties":{"cbsa":"40180","name":"Riverton, WY","is_metro":false,"region":"West","tax_per_capita":1351.46,"spend_per_capita":7649.35,"gap_per_capita":6297.88,"population":39566},"geometry":{"type":"Polygon","coordinates":[[[-110.0532,44.008],[-109.8588,43.958],[-109.8435,43.8199],[-109.6659,43.8457],[-109.5423,43.9614],[-109.3129,43.8133],[-109.1716,43.6198],[-108.8143,43.6053],[-108.6947,43.5758],[-108.5762,43.5326],[-108.457,43.5032],[-108.3379,43.4598],[-107.5951,43.4723],[-107.5349,43.5014],[-107.5023,43.1281],[-107.5435,42.7816],[-107.5229,42.4344],[-107.6391,42.2614],[-109.0439,42.2637],[-109.0729,42.6935],[-109.1323,42.7375],[-109.3978,42.9392],[-109.5526,43.0125],[-109.6515,43.167],[-109.6949,43.3662],[-109.7547,43.4632],[-110.0532,44.008]]]}},{"type":"Feature","properties":{"cbsa":"36180","name":"Ocean Pines, MD","is_metro":false,"region":"South","tax_per_capita":5587.68,"spend_per_capita":7658.58,"gap_per_capita":2070.9,"population":53934},"geometry":{"type":"Polygon","coordinates":[[[-75.6618,38.0419],[-75.5459,38.1787],[-75.3646,38.2904],[-75.3413,38.4524],[-75.0489,38.4513],[-75.1029,38.3115],[-75.1774,38.13],[-75.2423,38.0272],[-75.6618,38.0419]]]}},{"type":"Feature","properties":{"cbsa":"19060","name":"Cumberland, MD-WV","is_metro":false,"region":"South","tax_per_capita":1375.41,"spend_per_capita":4706.12,"gap_per_capita":3330.71,"population":94168},"geometry":{"type":"Polygon","coordinates":[[[-79.1665,39.4009],[-79.0674,39.4728],[-78.9284,39.723],[-78.7236,39.7231],[-78.3428,39.7227],[-78.3328,39.6285],[-78.4382,39.5635],[-78.4683,39.5262],[-78.655,39.5444],[-78.8509,39.3309],[-79.1345,39.3125],[-79.1665,39.4009]]]}},{"type":"Feature","properties":{"cbsa":"12900","name":"Batesville, AR","is_metro":false,"region":"South","tax_per_capita":968.55,"spend_per_capita":3500.99,"gap_per_capita":2532.44,"population":38254},"geometry":{"type":"Polygon","coordinates":[[[-91.8495,35.8673],[-91.7105,35.9418],[-91.4647,35.8925],[-91.1986,35.89],[-91.3539,35.7095],[-91.5821,35.5303],[-91.7936,35.5341],[-91.8372,35.705],[-91.8495,35.8673]]]}},{"type":"Feature","properties":{"cbsa":"32580","name":"McAllen-Edinburg-Mission, TX","is_metro":true,"region":"South","tax_per_capita":1537.94,"spend_per_capita":4876.74,"gap_per_capita":3338.79,"population":888286},"geometry":{"type":"Polygon","coordinates":[[[-98.5932,26.2429],[-97.9855,26.7809],[-97.9574,26.6118],[-97.8619,26.4336],[-97.8623,26.0577],[-97.9443,26.0596],[-98.0392,26.0413],[-98.091,26.0592],[-98.197,26.0562],[-98.303,26.1101],[-98.4425,26.1992],[-98.5762,26.2352],[-98.5932,26.2429]]]}},{"type":"Feature","properties":{"cbsa":"25860","name":"Hickory-Lenoir-Morganton, NC","is_metro":true,"region":"South","tax_per_capita":1576.65,"spend_per_capita":4618.25,"gap_per_capita":3041.6,"population":367802},"geometry":{"type":"Polygon","coordinates":[[[-81.9067,35.8834],[-81.8999,35.9999],[-81.7357,36.0676],[-81.6748,36.1226],[-81.3978,36.0661],[-81.2636,36.0258],[-81.0055,35.9583],[-81.1095,35.7766],[-80.9944,35.7021],[-80.96,35.547],[-81.5376,35.5642],[-81.692,35.58],[-81.8241,35.575],[-81.9869,35.8071],[-81.9067,35.8834]]]}},{"type":"Feature","properties":{"cbsa":"16580","name":"Champaign-Urbana, IL","is_metro":true,"region":"Midwest","tax_per_capita":2429.55,"spend_per_capita":5246.59,"gap_per_capita":2817.04,"population":236100},"geometry":{"type":"Polygon","coordinates":[[[-88.746,39.8581],[-88.7452,40.0552],[-88.5749,40.2815],[-88.4603,40.311],[-88.4593,40.53],[-88.2349,40.6182],[-88.1319,40.9978],[-87.9353,40.4859],[-87.93,40.3134],[-87.9421,40.2255],[-87.9376,39.8798],[-88.4622,39.8791],[-88.4732,39.7918],[-88.746,39.8509],[-88.746,39.8581]]]}},{"type":"Feature","properties":{"cbsa":"11740","name":"Ashland, OH","is_metro":false,"region":"Midwest","tax_per_capita":1582.44,"spend_per_capita":4683.4,"gap_per_capita":3100.95,"population":52024},"geometry":{"type":"Polygon","coordinates":[[[-82.4369,41.0654],[-82.1715,41.0635],[-82.1293,40.9918],[-82.2211,40.6674],[-82.2203,40.5682],[-82.3392,40.7267],[-82.4329,40.9929],[-82.4369,41.0654]]]}},{"type":"Feature","properties":{"cbsa":"16100","name":"Carlsbad-Artesia, NM","is_metro":false,"region":"West","tax_per_capita":4885.52,"spend_per_capita":6741.14,"gap_per_capita":1855.62,"population":60203},"geometry":{"type":"Polygon","coordinates":[[[-104.8515,32.5205],[-104.8416,32.9632],[-104.1076,32.9654],[-103.8145,32.7702],[-103.7229,32.5223],[-103.9802,32.0],[-104.6435,32.0004],[-104.8515,32.5205]]]}},{"type":"Feature","properties":{"cbsa":"49420","name":"Yakima, WA","is_metro":true,"region":"West","tax_per_capita":1346.05,"spend_per_capita":5866.17,"gap_per_capita":4520.12,"population":257019},"geometry":{"type":"Polygon","coordinates":[[[-121.4564,46.9236],[-121.3797,47.0875],[-121.0901,46.991],[-120.6346,46.9121],[-120.5086,46.8249],[-119.973,46.7371],[-119.874,46.6283],[-120.8013,46.041],[-121.5223,46.3882],[-121.4513,46.5339],[-121.4552,46.7838],[-121.4564,46.9236]]]}},{"type":"Feature","properties":{"cbsa":"40380","name":"Rochester, NY","is_metro":true,"region":"Northeast","tax_per_capita":3440.61,"spend_per_capita":6938.33,"gap_per_capita":3497.71,"population":1054829},"geometry":{"type":"Polygon","coordinates":[[[-78.4656,43.3709],[-78.1452,43.3755],[-77.9948,43.3653],[-77.7602,43.3412],[-77.551,43.2358],[-77.3761,43.274],[-77.2642,43.2774],[-76.9997,43.2715],[-76.8417,43.3054],[-76.722,43.3376],[-76.7138,43.024],[-76.9813,42.8612],[-77.313,42.7613],[-77.3665,42.5764],[-77.6599,42.5804],[-77.7206,42.5351],[-77.8402,42.4746],[-78.0383,42.5215],[-77.9559,42.6679],[-77.9555,42.9059],[-77.951,43.0395],[-77.9973,43.133],[-78.4655,43.1286],[-78.4664,43.3028],[-78.4656,43.3709]]]}},{"type":"Feature","properties":{"cbsa":"38820","name":"Port Angeles, WA","is_metro":false,"region":"West","tax_per_capita":1861.76,"spend_per_capita":8321.21,"gap_per_capita":6459.45,"population":77684},"geometry":{"type":"Polygon","coordinates":[[[-124.7258,48.386],[-124.5463,48.3536],[-124.2509,48.2648],[-124.0507,48.1777],[-123.7287,48.1628],[-123.5511,48.1514],[-123.3146,48.1137],[-123.1448,48.1759],[-123.0041,48.0905],[-122.9107,48.1098],[-122.9492,48.0652],[-123.5059,47.8811],[-124.6255,47.888],[-124.6854,48.0492],[-124.7217,48.1532],[-124.6693,48.2964],[-124.7258,48.386]]]}},{"type":"Feature","properties":{"cbsa":"23500","name":"Gaffney, SC","is_metro":false,"region":"South","tax_per_capita":1192.66,"spend_per_capita":3099.75,"gap_per_capita":1907.09,"population":56121},"geometry":{"type":"Polygon","coordinates":[[[-81.8744,35.1835],[-81.4943,35.1699],[-81.4088,35.0471],[-81.4921,34.949],[-81.4819,34.8665],[-81.7551,34.9303],[-81.8076,35.0356],[-81.8744,35.1835]]]}},{"type":"Feature","properties":{"cbsa":"38540","name":"Pocatello, ID","is_metro":true,"region":"West","tax_per_capita":967.84,"spend_per_capita":3568.48,"gap_per_capita":2600.64,"population":89625},"geometry":{"type":"Polygon","coordinates":[[[-112.7506,42.9515],[-112.063,43.0224],[-112.1498,42.8956],[-112.141,42.7631],[-111.9694,42.718],[-111.8756,42.4162],[-111.9838,42.2856],[-112.1907,42.3508],[-112.2981,42.4545],[-112.3797,42.6463],[-112.5155,42.91],[-112.7475,42.9127],[-112.7506,42.9515]]]}},{"type":"Feature","properties":{"cbsa":"28020","name":"Kalamazoo-Portage, MI","is_metro":true,"region":"Midwest","tax_per_capita":1512.72,"spend_per_capita":4613.09,"gap_per_capita":3100.36,"population":260892},"geometry":{"type":"Polygon","coordinates":[[[-85.7647,42.4207],[-85.2989,42.4198],[-85.2954,42.1583],[-85.7629,42.0693],[-85.7647,42.4207]]]}},{"type":"Feature","properties":{"cbsa":"23190","name":"Franklin, KY","is_metro":false,"region":"South","tax_per_capita":1448.67,"spend_per_capita":3321.29,"gap_per_capita":1872.62,"population":19948},"geometry":{"type":"Polygon","coordinates":[[[-86.7513,36.7271],[-86.6559,36.8763],[-86.5833,36.8303],[-86.4058,36.7762],[-86.4115,36.6482],[-86.5513,36.638],[-86.6064,36.6521],[-86.7513,36.7271]]]}},{"type":"Feature","properties":{"cbsa":"44540","name":"Sterling, CO","is_metro":false,"region":"West","tax_per_capita":2318.1,"spend_per_capita":4469.17,"gap_per_capita":2151.07,"population":20792},"geometry":{"type":"Polygon","coordinates":[[[-103.5738,41.0017],[-103.0765,41.0023],[-102.6513,40.7494],[-102.6648,40.4385],[-103.4654,40.4363],[-103.5818,40.5234],[-103.5738,41.0017]]]}},{"type":"Feature","properties":{"cbsa":"42140","name":"Santa Fe, NM","is_metro":true,"region":"West","tax_per_capita":2685.0,"spend_per_capita":4245.65,"gap_per_capita":1560.65,"population":155761},"geometry":{"type":"Polygon","coordinates":[[[-106.2505,35.7558],[-106.2483,35.8392],[-106.0543,35.9308],[-105.7168,36.0023],[-105.7205,35.8712],[-106.0295,35.0407],[-106.2442,35.2157],[-106.2488,35.4433],[-106.2505,35.7558]]]}},{"type":"Feature","properties":{"cbsa":"39220","name":"Price, UT","is_metro":false,"region":"West","tax_per_capita":2833.11,"spend_per_capita":7692.11,"gap_per_capita":4859.01,"population":20540},"geometry":{"type":"Polygon","coordinates":[[[-111.2475,39.813],[-109.9768,39.8062],[-109.9915,39.7394],[-110.0381,39.5666],[-110.024,39.4693],[-111.0813,39.4675],[-111.1321,39.6138],[-111.2475,39.7044],[-111.2475,39.813]]]}},{"type":"Feature","properties":{"cbsa":"12460","name":"Bainbridge, GA","is_metro":false,"region":"South","tax_per_capita":1876.6,"spend_per_capita":6136.6,"gap_per_capita":4260.0,"population":29019},"geometry":{"type":"Polygon","coordinates":[[[-84.8635,30.7115],[-84.7309,31.0692],[-84.5427,31.079],[-84.3766,31.0789],[-84.4745,30.6928],[-84.8635,30.7115]]]}},{"type":"Feature","properties":{"cbsa":"37940","name":"Peru, IN","is_metro":false,"region":"Midwest","tax_per_capita":1047.83,"spend_per_capita":3842.49,"gap_per_capita":2794.66,"population":35546},"geometry":{"type":"Polygon","coordinates":[[[-86.1685,40.9961],[-85.9464,40.9992],[-85.9395,40.651],[-85.8648,40.6517],[-85.8636,40.5655],[-86.165,40.5626],[-86.169,40.9098],[-86.1685,40.9961]]]}},{"type":"Feature","properties":{"cbsa":"17340","name":"Clearlake, CA","is_metro":false,"region":"West","tax_per_capita":1748.36,"spend_per_capita":6518.81,"gap_per_capita":4770.45,"population":68172},"geometry":{"type":"Polygon","coordinates":[[[-123.0778,39.1738],[-123.0197,39.3218],[-123.0632,39.5035],[-122.8854,39.5801],[-122.7391,39.3833],[-122.7435,39.3681],[-122.6809,39.2387],[-122.492,39.0535],[-122.4091,38.9628],[-122.4219,38.9038],[-122.3742,38.8118],[-122.6268,38.6708],[-122.8216,38.8501],[-122.9866,38.9973],[-123.093,39.072],[-123.0778,39.1738]]]}},{"type":"Feature","properties":{"cbsa":"25770","name":"Hemlock Farms, PA","is_metro":false,"region":"Northeast","tax_per_capita":1560.72,"spend_per_capita":2895.11,"gap_per_capita":1334.39,"population":60576},"geometry":{"type":"Polygon","coordinates":[[[-75.3111,41.3314],[-75.2657,41.3724],[-75.0439,41.5751],[-74.8904,41.4553],[-74.7563,41.4276],[-74.6949,41.3574],[-74.8157,41.2962],[-74.8793,41.205],[-74.9799,41.1104],[-74.9924,41.093],[-75.1297,41.2521],[-75.3111,41.3314]]]}},{"type":"Feature","properties":{"cbsa":"20540","name":"Dyersburg, TN","is_metro":false,"region":"South","tax_per_capita":1211.69,"spend_per_capita":4086.75,"gap_per_capita":2875.05,"population":36440},"geometry":{"type":"Polygon","coordinates":[[[-89.6924,36.0205],[-89.643,36.1036],[-89.6238,36.1831],[-89.4883,36.1875],[-89.1545,36.2047],[-89.2063,36.0118],[-89.2802,35.8864],[-89.3982,35.9414],[-89.6491,35.9047],[-89.6869,35.9477],[-89.6924,36.0205]]]}},{"type":"Feature","properties":{"cbsa":"23460","name":"Gadsden, AL","is_metro":true,"region":"South","tax_per_capita":1079.36,"spend_per_capita":3352.4,"gap_per_capita":2273.04,"population":102903},"geometry":{"type":"Polygon","coordinates":[[[-86.3702,33.9398],[-86.2061,34.1726],[-86.1061,34.2008],[-85.8414,34.1107],[-85.739,33.9685],[-85.8462,33.9573],[-86.0653,33.8422],[-86.1992,33.9889],[-86.3256,33.9401],[-86.3702,33.9398]]]}},{"type":"Feature","properties":{"cbsa":"28620","name":"Kill Devil Hills, NC","is_metro":false,"region":"South","tax_per_capita":6139.73,"spend_per_capita":7340.85,"gap_per_capita":1201.12,"population":37987},"geometry":{"type":"Polygon","coordinates":[[[-76.0083,35.8958],[-75.84,36.0288],[-75.8131,36.2236],[-75.7183,36.1137],[-75.5698,35.8633],[-75.4961,35.7285],[-75.4868,35.3917],[-75.6355,35.2203],[-75.814,35.5002],[-76.0275,35.6688],[-76.0083,35.8958]]]}},{"type":"Feature","properties":{"cbsa":"49820","name":"Zapata, TX","is_metro":false,"region":"South","tax_per_capita":1617.72,"spend_per_capita":4692.15,"gap_per_capita":3074.43,"population":13838},"geometry":{"type":"Polygon","coordinates":[[[-99.4608,27.2622],[-99.3336,27.2732],[-98.9542,26.7857],[-99.1768,26.5697],[-99.2089,26.7248],[-99.2686,26.8432],[-99.3611,26.9289],[-99.447,27.026],[-99.43,27.1591],[-99.4608,27.2622]]]}},{"type":"Feature","properties":{"cbsa":"45940","name":"Trenton-Princeton, NJ","is_metro":true,"region":"Northeast","tax_per_capita":3894.65,"spend_per_capita":6715.56,"gap_per_capita":2820.91,"population":380779},"geometry":{"type":"Polygon","coordinates":[[[-74.9281,40.3398],[-74.7481,40.4242],[-74.6202,40.3737],[-74.5734,40.3009],[-74.485,40.2533],[-74.5878,40.1383],[-74.7108,40.168],[-74.7063,40.1618],[-74.7234,40.1529],[-74.7485,40.1849],[-74.8239,40.2415],[-74.9033,40.3156],[-74.9281,40.3398]]]}},{"type":"Feature","properties":{"cbsa":"24640","name":"Greenfield, MA","is_metro":false,"region":"Northeast","tax_per_capita":2743.18,"spend_per_capita":6133.88,"gap_per_capita":3390.7,"population":70995},"geometry":{"type":"Polygon","coordinates":[[[-73.023,42.741],[-72.8643,42.7377],[-72.4585,42.7269],[-72.2249,42.6389],[-72.2913,42.4795],[-72.356,42.3033],[-72.375,42.4208],[-72.7044,42.4055],[-72.8556,42.4809],[-72.9754,42.556],[-73.023,42.741]]]}},{"type":"Feature","properties":{"cbsa":"13700","name":"Big Spring, TX","is_metro":false,"region":"South","tax_per_capita":3105.4,"spend_per_capita":6405.51,"gap_per_capita":3300.11,"population":30732},"geometry":{"type":"Polygon","coordinates":[[[-101.6887,32.5252],[-101.1746,32.5241],[-101.184,32.0872],[-101.2642,32.0871],[-101.695,32.0875],[-101.6887,32.5252]]]}},{"type":"Feature","properties":{"cbsa":"14660","name":"Brainerd, MN","is_metro":false,"region":"Midwest","tax_per_capita":1925.25,"spend_per_capita":5904.77,"gap_per_capita":3979.52,"population":99192},"geometry":{"type":"Polygon","coordinates":[[[-94.7871,46.8039],[-94.6639,47.0355],[-94.4164,47.4118],[-94.3275,47.4158],[-94.0279,47.4086],[-93.9333,47.3046],[-93.774,47.3051],[-93.7739,47.2113],[-93.776,46.8029],[-93.8104,46.2509],[-93.8108,46.2343],[-94.3746,46.1571],[-94.3417,46.2777],[-94.5347,46.3028],[-94.7171,46.3514],[-94.7791,46.3942],[-94.7871,46.8039]]]}},{"type":"Feature","properties":{"cbsa":"40300","name":"Rochelle, IL","is_metro":false,"region":"Midwest","tax_per_capita":3175.6,"spend_per_capita":6338.67,"gap_per_capita":3163.07,"population":51345},"geometry":{"type":"Polygon","coordinates":[[[-89.6885,42.1991],[-89.173,42.2042],[-88.9397,42.1523],[-88.9413,41.8918],[-89.4219,41.9049],[-89.6854,41.9303],[-89.6885,42.1991]]]}},{"type":"Feature","properties":{"cbsa":"14010","name":"Bloomington, IL","is_metro":true,"region":"Midwest","tax_per_capita":2812.12,"spend_per_capita":5013.83,"gap_per_capita":2201.7,"population":170918},"geometry":{"type":"Polygon","coordinates":[[[-89.2694,40.5943],[-89.0444,40.6274],[-88.9869,40.7523],[-88.5843,40.7576],[-88.4595,40.6173],[-88.46,40.3989],[-88.4604,40.2819],[-89.0347,40.2828],[-89.2626,40.2809],[-89.2654,40.4275],[-89.2694,40.5943]]]}},{"type":"Feature","properties":{"cbsa":"41700","name":"San Antonio-New Braunfels, TX","is_metro":true,"region":"South","tax_per_capita":2510.13,"spend_per_capita":5398.4,"gap_per_capita":2888.26,"population":2655928},"geometry":{"type":"Polygon","coordinates":[[[-99.6028,29.9077],[-98.9177,29.7814],[-98.5879,30.139],[-98.2976,30.038],[-98.0187,29.8122],[-97.9993,29.7524],[-97.8753,29.8582],[-97.6478,29.6621],[-97.8404,29.3768],[-97.7284,29.2217],[-98.0983,28.7869],[-98.335,28.6483],[-98.8008,28.6475],[-99.4139,29.0913],[-99.6031,29.6272],[-99.6028,29.9077]]]}},{"type":"Feature","properties":{"cbsa":"43300","name":"Sherman-Denison, TX","is_metro":true,"region":"South","tax_per_capita":2282.44,"spend_per_capita":4590.87,"gap_per_capita":2308.43,"population":143198},"geometry":{"type":"Polygon","coordinates":[[[-96.9446,33.945],[-96.9053,33.9472],[-96.8506,33.8472],[-96.7768,33.842],[-96.6821,33.8766],[-96.5947,33.883],[-96.5929,33.8309],[-96.5239,33.8181],[-96.4365,33.7801],[-96.3797,33.7155],[-96.7273,33.4029],[-96.8537,33.4136],[-96.9446,33.945]]]}},{"type":"Feature","properties":{"cbsa":"11980","name":"Athens, TX","is_metro":false,"region":"South","tax_per_capita":2004.44,"spend_per_capita":3386.54,"gap_per_capita":1382.1,"population":84490},"geometry":{"type":"Polygon","coordinates":[[[-96.4524,32.3587],[-96.0759,32.3575],[-95.4887,32.2325],[-95.4599,32.1356],[-96.0528,32.0059],[-96.1054,32.0753],[-96.197,32.2069],[-96.452,32.3454],[-96.4524,32.3587]]]}},{"type":"Feature","properties":{"cbsa":"34860","name":"Nacogdoches, TX","is_metro":false,"region":"South","tax_per_capita":1602.18,"spend_per_capita":4416.25,"gap_per_capita":2814.08,"population":64994},"geometry":{"type":"Polygon","coordinates":[[[-94.9375,31.8456],[-94.4339,31.8245],[-94.311,31.5893],[-94.3312,31.363],[-94.3266,31.2248],[-94.4494,31.3213],[-94.5314,31.3985],[-94.8229,31.484],[-94.9242,31.5795],[-94.9375,31.8456]]]}},{"type":"Feature","properties":{"cbsa":"13940","name":"Blackfoot, ID","is_metro":false,"region":"West","tax_per_capita":757.59,"spend_per_capita":3511.66,"gap_per_capita":2754.07,"population":49973},"geometry":{"type":"Polygon","coordinates":[[[-113.0077,43.1109],[-112.947,43.2848],[-112.8167,43.4492],[-112.6989,43.5401],[-112.6392,43.6266],[-112.52,43.4252],[-112.0437,43.4101],[-111.8225,43.366],[-111.588,43.2818],[-112.063,43.0224],[-112.7506,42.9515],[-113.0078,42.8631],[-113.0077,43.1109]]]}},{"type":"Feature","properties":{"cbsa":"35440","name":"Newport, OR","is_metro":false,"region":"West","tax_per_capita":2929.52,"spend_per_capita":4808.85,"gap_per_capita":1879.33,"population":50752},"geometry":{"type":"Polygon","coordinates":[[[-124.1152,44.2865],[-124.0836,44.5011],[-124.0634,44.7032],[-124.0632,44.8353],[-124.0101,45.045],[-123.7253,45.0251],[-123.725,44.739],[-123.6026,44.7212],[-123.7201,44.4334],[-123.8165,44.3153],[-123.9411,44.283],[-124.1144,44.2762],[-124.1152,44.2865]]]}},{"type":"Feature","properties":{"cbsa":"43740","name":"Somerset, PA","is_metro":false,"region":"Northeast","tax_per_capita":1438.16,"spend_per_capita":3598.92,"gap_per_capita":2160.76,"population":72629},"geometry":{"type":"Polygon","coordinates":[[[-79.4176,39.8538],[-79.1836,40.1107],[-79.0561,40.2849],[-78.8847,40.2446],[-78.7632,40.057],[-78.8083,39.7231],[-79.0456,39.7229],[-79.41,39.735],[-79.4176,39.8538]]]}},{"type":"Feature","properties":{"cbsa":"28420","name":"Kennewick-Richland, WA","is_metro":true,"region":"West","tax_per_capita":1792.4,"spend_per_capita":5979.95,"gap_per_capita":4187.56,"population":311411},"geometry":{"type":"Polygon","coordinates":[[[-119.874,46.6283],[-119.5114,46.7277],[-119.3692,46.6782],[-119.0808,46.7378],[-118.2491,46.7341],[-118.2286,46.5934],[-118.6156,46.5045],[-118.7462,46.3595],[-119.0234,46.2167],[-118.9747,46.1395],[-118.9872,45.9998],[-119.1261,45.9329],[-119.3644,45.9216],[-119.4878,45.9063],[-119.6005,45.9196],[-119.8027,45.8475],[-119.8658,46.0409],[-119.874,46.6283]]]}},{"type":"Feature","properties":{"cbsa":"29380","name":"Lake City, FL","is_metro":false,"region":"South","tax_per_capita":1064.12,"spend_per_capita":3630.53,"gap_per_capita":2566.41,"population":71870},"geometry":{"type":"Polygon","coordinates":[[[-82.8005,29.9321],[-82.794,29.9862],[-82.6896,30.3333],[-82.7266,30.5595],[-82.584,30.5916],[-82.4584,30.1364],[-82.5297,29.9409],[-82.6586,29.8301],[-82.7704,29.9281],[-82.8005,29.9321]]]}},{"type":"Feature","properties":{"cbsa":"33740","name":"Monroe, LA","is_metro":true,"region":"South","tax_per_capita":2187.01,"spend_per_capita":4733.07,"gap_per_capita":2546.06,"population":222631},"geometry":{"type":"Polygon","coordinates":[[[-92.7255,32.8181],[-92.7236,33.0143],[-92.2228,33.0091],[-92.0689,33.0085],[-91.4892,33.0062],[-91.4359,33.0058],[-91.5664,32.8556],[-91.5962,32.5821],[-91.4576,32.5378],[-91.4765,32.4056],[-91.7644,32.33],[-91.8947,32.1516],[-92.0345,32.2772],[-92.3122,32.2773],[-92.4156,32.408],[-92.4152,32.5829],[-92.519,32.6708],[-92.7254,32.7594],[-92.7255,32.8181]]]}},{"type":"Feature","properties":{"cbsa":"25220","name":"Hammond, LA","is_metro":true,"region":"South","tax_per_capita":1588.97,"spend_per_capita":3769.82,"gap_per_capita":2180.85,"population":136799},"geometry":{"type":"Polygon","coordinates":[[[-90.5672,30.9999],[-90.3473,31.0004],[-90.317,30.8912],[-90.2434,30.6447],[-90.2436,30.3616],[-90.3205,30.299],[-90.4745,30.3486],[-90.5669,30.4871],[-90.5672,30.9999]]]}},{"type":"Feature","properties":{"cbsa":"37860","name":"Pensacola-Ferry Pass-Brent, FL","is_metro":true,"region":"South","tax_per_capita":1394.17,"spend_per_capita":3602.68,"gap_per_capita":2208.51,"population":522059},"geometry":{"type":"Polygon","coordinates":[[[-87.5921,30.9515],[-87.5988,30.9974],[-87.4258,30.9981],[-87.1636,30.999],[-86.9279,30.9977],[-86.81,30.9972],[-86.7996,30.3846],[-86.9189,30.369],[-87.2289,30.3197],[-87.3195,30.3178],[-87.5183,30.2804],[-87.4318,30.4032],[-87.4147,30.4573],[-87.4314,30.5503],[-87.4002,30.6572],[-87.5236,30.7383],[-87.6349,30.8659],[-87.5921,30.9515]]]}},{"type":"Feature","properties":{"cbsa":"45860","name":"Torrington, CT","is_metro":false,"region":"Northeast","tax_per_capita":3379.46,"spend_per_capita":5686.7,"gap_per_capita":2307.24,"population":113277},"geometry":{"type":"Polygon","coordinates":[[[-73.505,41.8238],[-73.2311,42.0449],[-73.0534,42.0401],[-72.8637,42.0371],[-72.9406,41.8952],[-72.9241,41.8087],[-72.962,41.7156],[-73.142,41.6723],[-73.2523,41.5121],[-73.3821,41.6833],[-73.505,41.8238]]]}},{"type":"Feature","properties":{"cbsa":"33380","name":"Minden, LA","is_metro":false,"region":"South","tax_per_capita":1913.76,"spend_per_capita":3774.96,"gap_per_capita":1861.2,"population":35527},"geometry":{"type":"Polygon","coordinates":[[[-93.521,33.0187],[-93.3771,33.0182],[-93.2377,32.716],[-93.1736,32.6331],[-93.1472,32.4552],[-93.3727,32.4102],[-93.4449,32.7614],[-93.4479,32.8667],[-93.5305,32.9756],[-93.521,33.0187]]]}},{"type":"Feature","properties":{"cbsa":"48200","name":"Waynesville, NC","is_metro":false,"region":"South","tax_per_capita":3054.49,"spend_per_capita":5522.83,"gap_per_capita":2468.34,"population":62615},"geometry":{"type":"Polygon","coordinates":[[[-83.2561,35.7151],[-83.1983,35.7255],[-83.0972,35.7761],[-82.9784,35.7826],[-82.9571,35.7467],[-82.8461,35.6143],[-82.7982,35.4698],[-82.8316,35.3186],[-83.1637,35.5092],[-83.1558,35.5526],[-83.2647,35.7031],[-83.2561,35.7151]]]}},{"type":"Feature","properties":{"cbsa":"24620","name":"Greeneville, TN","is_metro":false,"region":"South","tax_per_capita":1004.92,"spend_per_capita":2773.99,"gap_per_capita":1769.06,"population":71292},"geometry":{"type":"Polygon","coordinates":[[[-83.1661,36.1809],[-83.0823,36.2423],[-82.7026,36.4104],[-82.6478,36.1464],[-82.6057,36.0372],[-82.7251,36.0182],[-82.7875,35.9522],[-82.8607,35.9474],[-83.1028,36.1209],[-83.1661,36.1809]]]}},{"type":"Feature","properties":{"cbsa":"12620","name":"Bangor, ME","is_metro":true,"region":"Northeast","tax_per_capita":1832.34,"spend_per_capita":4043.74,"gap_per_capita":2211.4,"population":154728},"geometry":{"type":"Polygon","coordinates":[[[-69.3557,45.0735],[-68.8809,45.2249],[-68.8573,45.5273],[-68.9589,45.6622],[-68.8194,46.3958],[-68.4364,46.3821],[-68.4276,45.9446],[-68.4093,45.5736],[-67.9398,45.2678],[-68.3037,45.2215],[-68.3969,45.0833],[-68.5011,44.9807],[-68.6167,44.741],[-68.691,44.7217],[-68.8158,44.6838],[-69.2052,44.7296],[-69.2813,44.8087],[-69.3557,45.0735]]]}},{"type":"Feature","properties":{"cbsa":"44940","name":"Sumter, SC","is_metro":true,"region":"South","tax_per_capita":1434.32,"spend_per_capita":3421.62,"gap_per_capita":1987.31,"population":103936},"geometry":{"type":"Polygon","coordinates":[[[-80.6162,34.0996],[-80.5801,34.0999],[-80.4813,34.1126],[-80.2283,33.9952],[-80.0006,34.0479],[-79.9746,33.9465],[-80.3834,33.7698],[-80.392,33.7156],[-80.5341,33.6439],[-80.6201,33.7432],[-80.6335,33.8527],[-80.6365,34.083],[-80.6162,34.0996]]]}},{"type":"Feature","properties":{"cbsa":"33900","name":"Monticello, IN","is_metro":false,"region":"Midwest","tax_per_capita":1728.79,"spend_per_capita":4959.29,"gap_per_capita":3230.49,"population":24660},"geometry":{"type":"Polygon","coordinates":[[[-87.0998,40.8376],[-86.9874,40.9122],[-86.5815,40.9109],[-86.75,40.736],[-87.0954,40.5629],[-87.0984,40.7365],[-87.0998,40.8376]]]}},{"type":"Feature","properties":{"cbsa":"33700","name":"Modesto, CA","is_metro":true,"region":"West","tax_per_capita":1631.19,"spend_per_capita":7386.69,"gap_per_capita":5755.5,"population":551226},"geometry":{"type":"Polygon","coordinates":[[[-121.4719,37.4818],[-121.1811,37.6881],[-121.1102,37.7301],[-120.9206,37.7385],[-120.9264,38.0774],[-120.6533,37.8319],[-120.3877,37.6334],[-120.9898,37.3959],[-121.2268,37.1348],[-121.4046,37.156],[-121.4097,37.382],[-121.4719,37.4818]]]}},{"type":"Feature","properties":{"cbsa":"43260","name":"Sheridan, WY","is_metro":false,"region":"West","tax_per_capita":1174.9,"spend_per_capita":10818.23,"gap_per_capita":9643.33,"population":32035},"geometry":{"type":"Polygon","coordinates":[[[-107.9115,45.0015],[-106.8888,44.9959],[-106.2636,44.9938],[-106.0097,44.564],[-106.4289,44.5568],[-107.6159,44.7013],[-107.8323,44.7902],[-107.9115,45.0015]]]}},{"type":"Feature","properties":{"cbsa":"17060","name":"Chillicothe, OH","is_metro":false,"region":"Midwest","tax_per_capita":1427.35,"spend_per_capita":4123.87,"gap_per_capita":2696.52,"population":76508},"geometry":{"type":"Polygon","coordinates":[[[-83.3727,39.3774],[-82.9846,39.5068],[-82.7407,39.4684],[-82.7629,39.208],[-83.3535,39.1976],[-83.3727,39.3774]]]}},{"type":"Feature","properties":{"cbsa":"20940","name":"El Centro, CA","is_metro":true,"region":"West","tax_per_capita":1533.36,"spend_per_capita":10602.65,"gap_per_capita":9069.29,"population":178940},"geometry":{"type":"Polygon","coordinates":[[[-116.1033,33.0747],[-115.4675,33.427],[-114.6291,33.4335],[-114.6739,33.4183],[-114.7073,33.3766],[-114.7233,33.2881],[-114.6781,33.2303],[-114.7062,33.1053],[-114.6283,33.0311],[-114.5175,33.0247],[-114.4813,32.9721],[-114.4631,32.9019],[-114.5317,32.7825],[-114.5707,32.7474],[-114.6675,32.7342],[-114.7196,32.7188],[-115.4652,32.6671],[-116.1062,32.6186],[-116.1033,33.0747]]]}},{"type":"Feature","properties":{"cbsa":"48700","name":"Williamsport, PA","is_metro":true,"region":"Northeast","tax_per_capita":1887.64,"spend_per_capita":4622.26,"gap_per_capita":2734.61,"population":113034},"geometry":{"type":"Polygon","coordinates":[[[-77.5993,41.5423],[-76.8747,41.5969],[-76.7724,41.4717],[-76.5925,41.3043],[-76.5926,41.1578],[-76.6788,41.1542],[-76.7908,41.1757],[-76.8961,41.1391],[-76.9779,41.0879],[-77.3498,41.2199],[-77.5973,41.4411],[-77.5993,41.5423]]]}},{"type":"Feature","properties":{"cbsa":"13300","name":"Beeville, TX","is_metro":false,"region":"South","tax_per_capita":1482.06,"spend_per_capita":4761.07,"gap_per_capita":3279.01,"population":30992},"geometry":{"type":"Polygon","coordinates":[[[-98.0053,28.6902],[-97.7785,28.668],[-97.5585,28.5141],[-97.3756,28.3887],[-97.5676,28.1297],[-97.8088,28.1834],[-98.0053,28.6902]]]}},{"type":"Feature","properties":{"cbsa":"36830","name":"Othello, WA","is_metro":false,"region":"West","tax_per_capita":1656.0,"spend_per_capita":7491.1,"gap_per_capita":5835.1,"population":20898},"geometry":{"type":"Polygon","coordinates":[[[-119.3687,46.9126],[-118.9827,46.9113],[-117.9609,47.2606],[-118.0156,46.7849],[-119.0808,46.7378],[-119.3687,46.9126]]]}},{"type":"Feature","properties":{"cbsa":"17740","name":"Coldwater, MI","is_metro":false,"region":"Midwest","tax_per_capita":1235.52,"spend_per_capita":5699.9,"gap_per_capita":4464.38,"population":44502},"geometry":{"type":"Polygon","coordinates":[[[-85.2936,42.0716],[-84.8265,42.0725],[-84.8251,41.7602],[-85.1968,41.7599],[-85.2328,41.7598],[-85.2922,41.7598],[-85.2936,42.0716]]]}},{"type":"Feature","properties":{"cbsa":"22700","name":"Fort Dodge, IA","is_metro":false,"region":"Midwest","tax_per_capita":1990.67,"spend_per_capita":7201.3,"gap_per_capita":5210.63,"population":36652},"geometry":{"type":"Polygon","coordinates":[[[-94.4431,42.6452],[-93.9716,42.5581],[-93.9316,42.2099],[-94.3975,42.2092],[-94.443,42.4734],[-94.4431,42.6452]]]}},{"type":"Feature","properties":{"cbsa":"42420","name":"Scottsbluff, NE","is_metro":false,"region":"Midwest","tax_per_capita":2787.76,"spend_per_capita":7561.55,"gap_per_capita":4773.79,"population":36426},"geometry":{"type":"Polygon","coordinates":[[[-104.053,41.8855],[-103.4015,42.0035],[-103.3626,41.7435],[-103.369,41.4378],[-104.0523,41.3932],[-104.0526,41.5643],[-104.0528,41.6978],[-104.053,41.8855]]]}},{"type":"Feature","properties":{"cbsa":"19820","name":"Detroit-Warren-Dearborn, MI","is_metro":true,"region":"Midwest","tax_per_capita":1712.44,"spend_per_capita":5549.3,"gap_per_capita":3836.85,"population":4348636},"geometry":{"type":"Polygon","coordinates":[[[-84.1582,42.7766],[-83.894,42.7814],[-83.6894,42.8713],[-83.4607,43.2231],[-83.3544,43.3223],[-83.119,43.2837],[-82.9963,43.1541],[-82.486,43.1025],[-82.4286,42.952],[-82.4675,42.7619],[-82.584,42.554],[-82.7064,42.6211],[-82.7079,42.6755],[-82.766,42.6001],[-82.8593,42.5419],[-82.8703,42.4509],[-82.9886,42.3324],[-83.1255,42.2008],[-83.1335,42.0881],[-83.195,42.0331],[-83.5394,42.0856],[-83.6648,42.4312],[-84.1311,42.4246],[-84.1582,42.7766]]]}},{"type":"Feature","properties":{"cbsa":"39020","name":"Portsmouth, OH","is_metro":false,"region":"Midwest","tax_per_capita":1170.25,"spend_per_capita":5168.85,"gap_per_capita":3998.6,"population":72189},"geometry":{"type":"Polygon","coordinates":[[[-83.2708,39.0158],[-82.8071,38.9481],[-82.7607,38.8549],[-82.6629,38.748],[-82.7639,38.68],[-82.8115,38.5724],[-82.8696,38.6782],[-82.8892,38.7561],[-83.0118,38.7301],[-83.0423,38.7083],[-83.129,38.6402],[-83.2395,38.6286],[-83.2683,38.634],[-83.2708,39.0158]]]}},{"type":"Feature","properties":{"cbsa":"11700","name":"Asheville, NC","is_metro":true,"region":"South","tax_per_capita":1933.7,"spend_per_capita":6349.47,"gap_per_capita":4415.78,"population":413969},"geometry":{"type":"Polygon","coordinates":[[[-82.9666,35.7954],[-82.8997,35.8746],[-82.8938,35.9339],[-82.8161,35.924],[-82.7794,35.9925],[-82.6284,36.0621],[-82.5955,36.026],[-82.5579,35.9539],[-82.495,35.9101],[-82.362,35.8212],[-82.291,35.5913],[-82.2332,35.5194],[-82.2806,35.4431],[-82.3592,35.2445],[-82.4113,35.2025],[-82.5326,35.1556],[-82.6192,35.3037],[-82.7982,35.4698],[-82.8461,35.6143],[-82.9571,35.7467],[-82.9666,35.7954]]]}},{"type":"Feature","properties":{"cbsa":"16620","name":"Charleston, WV","is_metro":true,"region":"South","tax_per_capita":1863.08,"spend_per_capita":4784.92,"gap_per_capita":2921.85,"population":204611},"geometry":{"type":"Polygon","coordinates":[[[-81.9325,38.0254],[-81.8788,38.1372],[-81.8128,38.3114],[-81.9002,38.3986],[-81.7505,38.591],[-81.6328,38.5544],[-81.4717,38.5463],[-81.1308,38.5659],[-81.0317,38.6678],[-80.8812,38.507],[-80.9114,38.4148],[-81.2316,38.2635],[-81.3808,37.9691],[-81.4566,37.9873],[-81.5142,37.7912],[-81.6075,37.7887],[-81.7856,37.9364],[-81.9325,38.0254]]]}},{"type":"Feature","properties":{"cbsa":"12520","name":"Baker City, OR","is_metro":false,"region":"West","tax_per_capita":1356.91,"spend_per_capita":6819.27,"gap_per_capita":5462.36,"population":16937},"geometry":{"type":"Polygon","coordinates":[[[-118.5194,44.7059],[-118.2854,44.751],[-118.2282,44.8652],[-118.1304,45.045],[-117.8434,45.0585],[-117.564,44.9929],[-117.266,45.0806],[-116.7837,45.077],[-116.8583,44.9788],[-116.8653,44.8706],[-116.9318,44.7872],[-117.0623,44.7271],[-117.1429,44.5572],[-117.2259,44.4794],[-117.243,44.391],[-117.1922,44.3286],[-117.487,44.3003],[-117.5908,44.4446],[-118.1529,44.2707],[-118.4975,44.2552],[-118.3058,44.5888],[-118.5043,44.6653],[-118.5194,44.7059]]]}},{"type":"Feature","properties":{"cbsa":"30150","name":"Lebanon-Claremont, NH-VT","is_metro":false,"region":"Northeast","tax_per_capita":3246.76,"spend_per_capita":5360.41,"gap_per_capita":2113.65,"population":225079},"geometry":{"type":"Polygon","coordinates":[[[-72.9801,43.8829],[-72.8653,43.8617],[-72.7422,44.0296],[-72.5866,44.1603],[-72.4192,44.2208],[-72.1744,44.1927],[-72.0613,44.185],[-72.0463,44.292],[-71.9452,44.3377],[-71.8378,44.3478],[-71.7786,44.3998],[-71.6969,44.3321],[-71.5758,44.2546],[-71.4159,44.2122],[-71.3836,44.0226],[-71.5646,43.8932],[-71.5317,43.761],[-71.6483,43.6845],[-71.7276,43.5634],[-71.8492,43.6112],[-72.0114,43.4369],[-72.0901,43.3226],[-72.0355,43.1803],[-72.1785,43.1319],[-72.4504,43.1612],[-72.4336,43.2329],[-72.8196,43.256],[-72.8686,43.3005],[-72.7585,43.3533],[-72.7899,43.4945],[-72.6998,43.6846],[-72.7912,43.8241],[-72.9597,43.8261],[-72.9801,43.8829]]]}},{"type":"Feature","properties":{"cbsa":"46180","name":"Tupelo, MS","is_metro":false,"region":"South","tax_per_capita":1209.31,"spend_per_capita":4051.22,"gap_per_capita":2841.91,"population":131686},"geometry":{"type":"Polygon","coordinates":[[[-88.8251,34.3939],[-88.7894,34.4949],[-88.7354,34.5965],[-88.7185,34.7568],[-88.3307,34.7407],[-88.1549,34.463],[-88.2036,34.0865],[-88.7125,34.0892],[-88.8245,34.0749],[-88.8251,34.3939]]]}},{"type":"Feature","properties":{"cbsa":"15620","name":"Cadillac, MI","is_metro":false,"region":"Midwest","tax_per_capita":1235.78,"spend_per_capita":4418.58,"gap_per_capita":3182.8,"population":49250},"geometry":{"type":"Polygon","coordinates":[[[-85.8178,44.513],[-85.334,44.5123],[-84.8517,44.1614],[-85.3348,44.1651],[-85.8212,44.1642],[-85.8178,44.513]]]}},{"type":"Feature","properties":{"cbsa":"41060","name":"St. Cloud, MN","is_metro":true,"region":"Midwest","tax_per_capita":1587.9,"spend_per_capita":5178.13,"gap_per_capita":3590.23,"population":201751},"geometry":{"type":"Polygon","coordinates":[[[-95.1397,45.7734],[-94.2718,45.7752],[-93.7639,45.8221],[-94.1495,45.5591],[-94.0477,45.4228],[-94.2615,45.2977],[-94.3834,45.2828],[-94.7631,45.3261],[-95.1319,45.4125],[-95.1397,45.7734]]]}},{"type":"Feature","properties":{"cbsa":"27700","name":"Jesup, GA","is_metro":false,"region":"South","tax_per_capita":1557.31,"spend_per_capita":7798.71,"gap_per_capita":6241.4,"population":30737},"geometry":{"type":"Polygon","coordinates":[[[-82.133,31.7734],[-82.0486,31.8271],[-81.9755,31.7827],[-81.8506,31.6677],[-81.6819,31.5418],[-81.6121,31.4694],[-81.692,31.4005],[-81.8011,31.3637],[-82.0411,31.3737],[-82.1328,31.4713],[-82.133,31.7734]]]}},{"type":"Feature","properties":{"cbsa":"41540","name":"Salisbury, MD","is_metro":true,"region":"South","tax_per_capita":1728.73,"spend_per_capita":5833.83,"gap_per_capita":4105.09,"population":129094},"geometry":{"type":"MultiPolygon","coordinates":[[[[-75.9424,38.1871],[-75.8754,38.2197],[-75.9238,38.2463],[-75.8642,38.3508],[-75.7018,38.5608],[-75.6937,38.4601],[-75.3413,38.4524],[-75.3646,38.2904],[-75.5459,38.1787],[-75.6618,38.0419],[-75.6697,37.9508],[-75.7838,37.9726],[-75.8927,37.9168],[-75.8575,38.0388],[-75.8638,38.101],[-75.9424,38.1871]]],[[[-76.0462,38.0255],[-76.0073,38.0367],[-75.9801,38.0049],[-75.9846,37.9381],[-76.0465,37.9536],[-76.0462,38.0255]]]]}},{"type":"Feature","properties":{"cbsa":"10180","name":"Abilene, TX","is_metro":true,"region":"South","tax_per_capita":1915.02,"spend_per_capita":4227.68,"gap_per_capita":2312.66,"population":179665},"geometry":{"type":"Polygon","coordinates":[[[-100.1465,32.5228],[-99.9888,32.9601],[-99.612,32.5147],[-99.1143,32.5148],[-99.1959,32.0792],[-99.714,32.0821],[-100.1465,32.5228]]]}},{"type":"Feature","properties":{"cbsa":"11360","name":"Anderson Creek, NC","is_metro":false,"region":"South","tax_per_capita":222.92,"spend_per_capita":2513.63,"gap_per_capita":2290.71,"population":138478},"geometry":{"type":"Polygon","coordinates":[[[-79.1836,35.3072],[-78.9696,35.5217],[-78.7089,35.5195],[-78.5299,35.3349],[-78.5835,35.2968],[-78.7946,35.266],[-78.8784,35.2316],[-79.0958,35.1921],[-79.1836,35.3072]]]}},{"type":"Feature","properties":{"cbsa":"33180","name":"Middlesborough, KY","is_metro":false,"region":"South","tax_per_capita":875.35,"spend_per_capita":3995.17,"gap_per_capita":3119.82,"population":23611},"geometry":{"type":"Polygon","coordinates":[[[-83.9563,36.6454],[-83.7982,36.7852],[-83.5895,36.9558],[-83.4898,36.8954],[-83.461,36.6661],[-83.6145,36.634],[-83.6907,36.5826],[-83.9308,36.5877],[-83.9563,36.6454]]]}},{"type":"Feature","properties":{"cbsa":"12980","name":"Battle Creek, MI","is_metro":true,"region":"Midwest","tax_per_capita":1450.14,"spend_per_capita":5981.92,"gap_per_capita":4531.78,"population":133424},"geometry":{"type":"Polygon","coordinates":[[[-85.2989,42.4198],[-85.0649,42.4215],[-84.7096,42.0704],[-85.2936,42.0716],[-85.297,42.2461],[-85.2989,42.4198]]]}},{"type":"Feature","properties":{"cbsa":"45140","name":"Tahlequah, OK","is_metro":false,"region":"South","tax_per_capita":1185.48,"spend_per_capita":5583.91,"gap_per_capita":4398.43,"population":48074},"geometry":{"type":"Polygon","coordinates":[[[-95.2787,35.9641],[-95.1184,36.0745],[-95.0113,36.1618],[-94.8078,35.6385],[-95.1272,35.8128],[-95.2315,35.8512],[-95.2787,35.9641]]]}},{"type":"Feature","properties":{"cbsa":"35460","name":"Newport, TN","is_metro":false,"region":"South","tax_per_capita":851.1,"spend_per_capita":2643.27,"gap_per_capita":1792.18,"population":36849},"geometry":{"type":"Polygon","coordinates":[[[-83.3108,35.8958],[-83.2346,36.0851],[-83.1751,36.1274],[-83.1661,36.1809],[-83.1028,36.1209],[-82.9106,35.9269],[-82.9374,35.8273],[-82.9784,35.7826],[-83.0972,35.7761],[-83.1983,35.7255],[-83.2561,35.7151],[-83.3108,35.8958]]]}},{"type":"Feature","properties":{"cbsa":"32540","name":"McAlester, OK","is_metro":false,"region":"South","tax_per_capita":1644.17,"spend_per_capita":6468.19,"gap_per_capita":4824.02,"population":43476},"geometry":{"type":"Polygon","coordinates":[[[-96.092,34.7675],[-95.9831,35.1517],[-95.8707,35.186],[-95.6157,35.2497],[-95.4513,35.296],[-95.3495,35.16],[-95.5077,35.0293],[-95.5145,34.5942],[-95.882,34.5935],[-96.092,34.6806],[-96.092,34.7675]]]}},{"type":"Feature","properties":{"cbsa":"34660","name":"Murray, KY","is_metro":false,"region":"South","tax_per_capita":964.77,"spend_per_capita":6726.98,"gap_per_capita":5762.21,"population":38093},"geometry":{"type":"Polygon","coordinates":[[[-88.4857,36.7503],[-88.0801,36.7067],[-88.0557,36.6305],[-88.0505,36.5001],[-88.1274,36.4985],[-88.4857,36.7503]]]}},{"type":"Feature","properties":{"cbsa":"13780","name":"Binghamton, NY","is_metro":true,"region":"Northeast","tax_per_capita":3071.7,"spend_per_capita":7049.05,"gap_per_capita":3977.35,"population":245024},"geometry":{"type":"Polygon","coordinates":[[[-76.5636,42.1525],[-76.4162,42.263],[-76.2501,42.2967],[-76.1302,42.4103],[-75.864,42.4157],[-75.6383,42.2487],[-75.4184,42.195],[-75.3599,41.9937],[-75.4831,41.9994],[-76.1058,41.9989],[-76.4622,41.9989],[-76.5636,42.1525]]]}},{"type":"Feature","properties":{"cbsa":"45880","name":"Town of Pecos, TX","is_metro":false,"region":"South","tax_per_capita":21879.58,"spend_per_capita":28442.35,"gap_per_capita":6562.78,"population":11692},"geometry":{"type":"Polygon","coordinates":[[[-104.0245,32.0],[-103.8856,31.8704],[-103.7972,31.7702],[-103.6109,31.6518],[-103.4424,31.4338],[-103.2617,31.4276],[-103.011,31.3713],[-104.1024,31.1052],[-104.0245,32.0]]]}},{"type":"Feature","properties":{"cbsa":"19700","name":"Deming, NM","is_metro":false,"region":"West","tax_per_capita":1225.86,"spend_per_capita":5319.31,"gap_per_capita":4093.45,"population":25693},"geometry":{"type":"Polygon","coordinates":[[[-108.2293,32.5168],[-107.924,32.6044],[-107.2996,32.6054],[-107.4222,31.7836],[-108.2171,31.8205],[-108.23,32.0799],[-108.2293,32.5168]]]}},{"type":"Feature","properties":{"cbsa":"27340","name":"Jacksonville, NC","is_metro":true,"region":"South","tax_per_capita":1213.65,"spend_per_capita":3593.36,"gap_per_capita":2379.7,"population":209031},"geometry":{"type":"Polygon","coordinates":[[[-77.6534,34.9405],[-77.5028,34.9696],[-77.2674,34.9255],[-77.0961,34.6712],[-77.1368,34.6329],[-77.3225,34.5356],[-77.5152,34.4374],[-77.6801,34.7206],[-77.6534,34.9405]]]}},{"type":"Feature","properties":{"cbsa":"21180","name":"Elkins, WV","is_metro":false,"region":"South","tax_per_capita":800.89,"spend_per_capita":3348.14,"gap_per_capita":2547.26,"population":27552},"geometry":{"type":"Polygon","coordinates":[[[-80.2368,38.7438],[-80.0851,38.9472],[-79.8251,39.1158],[-79.5088,38.9752],[-79.3499,38.9575],[-79.5101,38.7807],[-79.7392,38.6796],[-79.8632,38.5508],[-80.1169,38.474],[-80.1839,38.5254],[-80.2368,38.7438]]]}},{"type":"Feature","properties":{"cbsa":"46020","name":"Truckee-Grass Valley, CA","is_metro":false,"region":"West","tax_per_capita":2799.36,"spend_per_capita":7965.91,"gap_per_capita":5166.55,"population":102401},"geometry":{"type":"Polygon","coordinates":[[[-121.2797,39.1433],[-121.1275,39.3802],[-120.7557,39.4527],[-120.5751,39.5223],[-120.003,39.445],[-120.6458,39.3152],[-120.8579,39.2062],[-121.0675,39.0054],[-121.2218,39.012],[-121.2797,39.1433]]]}},{"type":"Feature","properties":{"cbsa":"25180","name":"Hagerstown-Martinsburg, MD-WV","is_metro":true,"region":"South","tax_per_capita":1633.18,"spend_per_capita":3879.74,"gap_per_capita":2246.57,"population":302071},"geometry":{"type":"Polygon","coordinates":[[[-78.461,39.526],[-78.383,39.6222],[-78.3133,39.6925],[-78.3426,39.7227],[-78.0759,39.7224],[-77.4693,39.7202],[-77.5702,39.62],[-77.7195,39.3213],[-77.74,39.4017],[-77.8109,39.5007],[-77.9309,39.3812],[-77.9882,39.3201],[-78.0332,39.2646],[-78.2291,39.3907],[-78.4577,39.5109],[-78.461,39.526]]]}},{"type":"Feature","properties":{"cbsa":"46620","name":"Uvalde, TX","is_metro":false,"region":"South","tax_per_capita":2458.02,"spend_per_capita":21299.2,"gap_per_capita":18841.18,"population":24890},"geometry":{"type":"Polygon","coordinates":[[[-100.1121,29.6233],[-100.0142,29.6235],[-99.6031,29.6272],[-99.4118,29.6275],[-99.4139,29.0913],[-100.1114,29.0863],[-100.1121,29.6233]]]}},{"type":"Feature","properties":{"cbsa":"43980","name":"Spencer, IA","is_metro":false,"region":"Midwest","tax_per_capita":2117.83,"spend_per_capita":12129.52,"gap_per_capita":10011.69,"population":16507},"geometry":{"type":"Polygon","coordinates":[[[-95.3881,43.2552],[-94.9137,43.2551],[-94.9139,42.9097],[-95.3882,42.9099],[-95.3881,43.2552]]]}},{"type":"Feature","properties":{"cbsa":"47300","name":"Visalia, CA","is_metro":true,"region":"West","tax_per_capita":1508.18,"spend_per_capita":10130.93,"gap_per_capita":8622.75,"population":477884},"geometry":{"type":"Polygon","coordinates":[[[-119.5732,36.4888],[-119.3051,36.5737],[-119.1748,36.6589],[-118.9824,36.7416],[-118.3663,36.6916],[-118.2905,36.5585],[-118.2148,36.435],[-118.1271,36.2797],[-118.0036,35.9837],[-118.0055,35.8627],[-118.0589,35.7915],[-119.5381,35.7899],[-119.4746,36.269],[-119.4751,36.3709],[-119.5272,36.4889],[-119.5732,36.4888]]]}},{"type":"Feature","properties":{"cbsa":"39300","name":"Providence-Warwick, RI-MA","is_metro":true,"region":"Northeast","tax_per_capita":2470.18,"spend_per_capita":4947.37,"gap_per_capita":2477.2,"population":1673586},"geometry":{"type":"MultiPolygon","coordinates":[[[[-71.6315,41.1667],[-71.5933,41.2374],[-71.5454,41.2427],[-71.5341,41.1819],[-71.5192,41.1496],[-71.5937,41.1463],[-71.6315,41.1667]]],[[[-71.8605,41.3202],[-71.8396,41.4121],[-71.7936,41.5058],[-71.7894,41.5969],[-71.7897,41.7252],[-71.7992,42.0081],[-71.5911,42.0135],[-71.4982,42.0159],[-71.3814,41.9851],[-71.1687,42.0612],[-71.0805,42.0955],[-71.0542,41.9827],[-70.9873,41.9058],[-71.0366,41.8165],[-71.0263,41.7789],[-70.9072,41.7635],[-70.804,41.6015],[-70.8531,41.5873],[-70.9418,41.5401],[-71.0355,41.499],[-71.1206,41.4974],[-71.193,41.4579],[-71.2856,41.4878],[-71.3511,41.4508],[-71.4172,41.456],[-71.4554,41.408],[-71.5554,41.3733],[-71.7016,41.337],[-71.8628,41.3098],[-71.8605,41.3202]]]]}},{"type":"Feature","properties":{"cbsa":"49020","name":"Winchester, VA-WV","is_metro":true,"region":"South","tax_per_capita":2152.18,"spend_per_capita":4507.41,"gap_per_capita":2355.23,"population":146126},"geometry":{"type":"Polygon","coordinates":[[[-78.8509,39.3309],[-78.655,39.5444],[-78.4683,39.5262],[-78.3471,39.466],[-78.1874,39.364],[-78.0332,39.2646],[-78.1516,39.0366],[-78.3141,39.008],[-78.3916,39.1019],[-78.5323,39.0528],[-78.5613,39.1314],[-78.9799,39.2376],[-78.8509,39.3309]]]}},{"type":"Feature","properties":{"cbsa":"44740","name":"Storm Lake, IA","is_metro":false,"region":"Midwest","tax_per_capita":2346.49,"spend_per_capita":9594.65,"gap_per_capita":7248.16,"population":20644},"geometry":{"type":"Polygon","coordinates":[[[-95.3882,42.9099],[-94.9139,42.9097],[-94.9145,42.5603],[-95.388,42.5617],[-95.3882,42.9099]]]}},{"type":"Feature","properties":{"cbsa":"24820","name":"Greenville, OH","is_metro":false,"region":"Midwest","tax_per_capita":1717.46,"spend_per_capita":3665.8,"gap_per_capita":1948.34,"population":51526},"geometry":{"type":"Polygon","coordinates":[[[-84.8102,40.0051],[-84.8073,40.1802],[-84.8041,40.3528],[-84.4346,40.3253],[-84.4299,40.0944],[-84.4854,39.9185],[-84.8102,40.0051]]]}},{"type":"Feature","properties":{"cbsa":"31220","name":"Ludington, MI","is_metro":false,"region":"Midwest","tax_per_capita":2712.16,"spend_per_capita":6549.97,"gap_per_capita":3837.81,"population":29318},"geometry":{"type":"Polygon","coordinates":[[[-86.5147,44.0581],[-86.3878,44.1787],[-86.0379,43.8156],[-86.4312,43.8407],[-86.4631,43.971],[-86.5147,44.0581]]]}},{"type":"Feature","properties":{"cbsa":"27500","name":"Janesville-Beloit, WI","is_metro":true,"region":"Midwest","tax_per_capita":1894.17,"spend_per_capita":5754.01,"gap_per_capita":3859.83,"population":163841},"geometry":{"type":"Polygon","coordinates":[[[-89.3691,42.845],[-89.0135,42.8476],[-88.7766,42.4941],[-89.0429,42.4963],[-89.3658,42.5],[-89.3691,42.845]]]}},{"type":"Feature","properties":{"cbsa":"21260","name":"Ellensburg, WA","is_metro":false,"region":"West","tax_per_capita":2202.56,"spend_per_capita":8059.33,"gap_per_capita":5856.77,"population":45122},"geometry":{"type":"Polygon","coordinates":[[[-121.466,47.3678],[-121.3115,47.4796],[-121.1136,47.5973],[-120.9966,47.5185],[-120.8025,47.4226],[-120.5305,47.3343],[-120.0945,47.2622],[-120.0071,47.2201],[-120.0429,47.0735],[-119.9274,46.7984],[-120.51,46.7379],[-120.634,46.8258],[-121.0266,46.9113],[-121.2807,47.0887],[-121.4081,47.1181],[-121.3176,47.2121],[-121.3412,47.2813],[-121.466,47.3678]]]}},{"type":"Feature","properties":{"cbsa":"42540","name":"Scranton--Wilkes-Barre, PA","is_metro":true,"region":"Northeast","tax_per_capita":2034.09,"spend_per_capita":4800.34,"gap_per_capita":2766.25,"population":568270},"geometry":{"type":"Polygon","coordinates":[[[-76.3103,41.3102],[-76.2281,41.5111],[-76.198,41.6478],[-76.0975,41.6442],[-75.4624,41.6416],[-75.5056,41.2325],[-75.6007,41.1615],[-75.6931,41.131],[-75.7322,41.0081],[-76.028,40.9023],[-76.2078,40.9497],[-76.2774,41.1318],[-76.3103,41.3102]]]}},{"type":"Feature","properties":{"cbsa":"39700","name":"Raymondville, TX","is_metro":false,"region":"South","tax_per_capita":1875.83,"spend_per_capita":5241.83,"gap_per_capita":3366.0,"population":20254},"geometry":{"type":"Polygon","coordinates":[[[-97.9574,26.6118],[-97.2875,26.6003],[-97.2273,26.4112],[-97.447,26.3249],[-97.8619,26.3482],[-98.0042,26.4488],[-97.9574,26.6118]]]}},{"type":"Feature","properties":{"cbsa":"26090","name":"Holland, MI","is_metro":false,"region":"Midwest","tax_per_capita":1294.76,"spend_per_capita":3862.9,"gap_per_capita":2568.13,"population":121290},"geometry":{"type":"Polygon","coordinates":[[[-86.2406,42.54],[-86.2083,42.7628],[-85.7825,42.7682],[-85.5432,42.4214],[-86.277,42.4193],[-86.2406,42.54]]]}},{"type":"Feature","properties":{"cbsa":"33540","name":"Missoula, MT","is_metro":true,"region":"West","tax_per_capita":1706.5,"spend_per_capita":4454.05,"gap_per_capita":2747.55,"population":126031},"geometry":{"type":"Polygon","coordinates":[[[-115.6929,47.4572],[-115.2491,47.4804],[-114.969,47.3126],[-114.55,47.2515],[-114.2542,47.1207],[-113.9335,47.1383],[-113.8214,47.1817],[-113.8708,47.2882],[-113.9512,47.476],[-113.9303,47.5985],[-113.6341,47.6],[-113.4664,47.1792],[-113.3029,46.8322],[-113.4799,46.7447],[-113.668,46.6584],[-114.3178,46.6606],[-114.3607,46.6691],[-114.5473,46.6445],[-114.6215,46.6581],[-114.6768,46.7318],[-114.7672,46.7388],[-114.8806,46.8118],[-114.9274,46.9142],[-115.0317,46.9715],[-115.1209,47.0612],[-115.2558,47.1747],[-115.3269,47.2559],[-115.471,47.2849],[-115.5786,47.367],[-115.6929,47.4572]]]}},{"type":"Feature","properties":{"cbsa":"10820","name":"Alexandria, MN","is_metro":false,"region":"Midwest","tax_per_capita":1700.99,"spend_per_capita":9537.22,"gap_per_capita":7836.23,"population":39684},"geometry":{"type":"Polygon","coordinates":[[[-95.7698,46.1075],[-95.1459,46.1068],[-95.1397,45.7734],[-95.1397,45.7589],[-95.7585,45.7599],[-95.7698,46.1075]]]}},{"type":"Feature","properties":{"cbsa":"45660","name":"Tiffin, OH","is_metro":false,"region":"Midwest","tax_per_capita":1735.65,"spend_per_capita":4445.26,"gap_per_capita":2709.61,"population":54534},"geometry":{"type":"Polygon","coordinates":[[[-83.4211,41.1668],[-83.4198,41.254],[-82.8401,41.2553],[-82.8295,40.9966],[-82.8556,40.9937],[-83.1127,40.9934],[-83.4203,40.9919],[-83.4211,41.1668]]]}},{"type":"Feature","properties":{"cbsa":"14740","name":"Bremerton-Silverdale-Port Orchard, WA","is_metro":true,"region":"West","tax_per_capita":2058.55,"spend_per_capita":5402.51,"gap_per_capita":3343.96,"population":277813},"geometry":{"type":"Polygon","coordinates":[[[-122.9506,47.6063],[-122.722,47.7877],[-122.6341,47.923],[-122.5737,47.951],[-122.4296,47.8281],[-122.445,47.5427],[-122.8012,47.4036],[-123.0384,47.5202],[-122.9506,47.6063]]]}},{"type":"Feature","properties":{"cbsa":"42740","name":"Sedalia, MO","is_metro":false,"region":"Midwest","tax_per_capita":1384.75,"spend_per_capita":7623.45,"gap_per_capita":6238.7,"population":43397},"geometry":{"type":"Polygon","coordinates":[[[-93.511,38.5562],[-93.4973,38.9284],[-93.0505,38.9282],[-93.0673,38.53],[-93.2919,38.5063],[-93.511,38.5562]]]}},{"type":"Feature","properties":{"cbsa":"28380","name":"Kennett, MO","is_metro":false,"region":"Midwest","tax_per_capita":2052.42,"spend_per_capita":3604.76,"gap_per_capita":1552.33,"population":27411},"geometry":{"type":"Polygon","coordinates":[[[-90.3393,36.0471],[-90.2356,36.1395],[-90.1891,36.199],[-90.1149,36.2656],[-90.0635,36.3569],[-90.131,36.4151],[-90.1539,36.4953],[-90.21,36.542],[-89.9588,36.6293],[-89.9613,36.3888],[-90.1038,35.9981],[-90.3687,35.9958],[-90.3393,36.0471]]]}},{"type":"Feature","properties":{"cbsa":"29540","name":"Lancaster, PA","is_metro":true,"region":"Northeast","tax_per_capita":2091.49,"spend_per_capita":4679.38,"gap_per_capita":2587.89,"population":556660},"geometry":{"type":"Polygon","coordinates":[[[-76.6977,40.1563],[-76.5663,40.1966],[-76.1512,40.316],[-75.8734,40.1371],[-75.9359,40.0375],[-75.9916,39.8687],[-76.1357,39.7218],[-76.2335,39.7216],[-76.4736,39.9474],[-76.6445,40.0581],[-76.7216,40.1201],[-76.6977,40.1563]]]}},{"type":"Feature","properties":{"cbsa":"44660","name":"Stillwater, OK","is_metro":false,"region":"South","tax_per_capita":1667.78,"spend_per_capita":2986.02,"gap_per_capita":1318.24,"population":82701},"geometry":{"type":"Polygon","coordinates":[[[-97.3541,36.1591],[-97.141,36.2464],[-96.819,36.2465],[-96.6221,36.1599],[-96.6197,35.9416],[-97.2036,35.9448],[-97.3539,35.9849],[-97.3541,36.1591]]]}},{"type":"Feature","properties":{"cbsa":"38300","name":"Pittsburgh, PA","is_metro":true,"region":"Northeast","tax_per_capita":2353.69,"spend_per_capita":5762.48,"gap_per_capita":3408.8,"population":2432532},"geometry":{"type":"Polygon","coordinates":[[[-80.5199,40.9067],[-80.2579,41.1282],[-80.0983,41.0711],[-79.9998,41.1719],[-79.695,41.1729],[-79.6208,40.9752],[-79.2152,41.0505],[-79.2153,40.9113],[-79.2152,40.776],[-79.4538,40.4843],[-78.9738,40.3954],[-79.0561,40.2849],[-79.1836,40.1107],[-79.4176,39.8538],[-79.41,39.735],[-79.4767,39.7211],[-79.916,39.7211],[-79.998,39.9833],[-80.5192,39.9622],[-80.5191,40.1597],[-80.519,40.3996],[-80.519,40.6388],[-80.5199,40.9003],[-80.5199,40.9067]]]}},{"type":"Feature","properties":{"cbsa":"45580","name":"Thomaston, GA","is_metro":false,"region":"South","tax_per_capita":2064.43,"spend_per_capita":4540.06,"gap_per_capita":2475.63,"population":28093},"geometry":{"type":"Polygon","coordinates":[[[-84.527,32.9705],[-84.4897,32.9937],[-84.1224,32.9896],[-84.1243,32.8496],[-84.2026,32.69],[-84.2862,32.7476],[-84.5069,32.8818],[-84.527,32.9705]]]}},{"type":"Feature","properties":{"cbsa":"25980","name":"Hinesville, GA","is_metro":true,"region":"South","tax_per_capita":1411.29,"spend_per_capita":4160.07,"gap_per_capita":2748.78,"population":86314},"geometry":{"type":"Polygon","coordinates":[[[-81.9814,31.7946],[-81.7617,32.0479],[-81.6927,32.0883],[-81.5933,31.9712],[-81.4077,31.9443],[-81.2599,31.7538],[-81.1353,31.7106],[-81.1335,31.6233],[-81.1748,31.5396],[-81.3145,31.6594],[-81.4918,31.6996],[-81.6632,31.5387],[-81.7018,31.5849],[-81.9691,31.7893],[-81.9814,31.7946]]]}},{"type":"Feature","properties":{"cbsa":"10780","name":"Alexandria, LA","is_metro":true,"region":"South","tax_per_capita":1948.92,"spend_per_capita":4263.32,"gap_per_capita":2314.4,"population":149068},"geometry":{"type":"Polygon","coordinates":[[[-92.9815,31.3469],[-92.7189,31.5175],[-92.9083,31.6252],[-92.9735,31.7089],[-92.6209,31.7096],[-92.3626,31.7966],[-92.3844,31.6204],[-92.2766,31.4954],[-92.0729,31.3454],[-92.1261,31.306],[-92.2343,31.1315],[-92.2807,30.9651],[-92.4803,30.9523],[-92.5978,30.896],[-92.7402,30.8915],[-92.8295,31.2521],[-92.9643,31.3324],[-92.9815,31.3469]]]}},{"type":"Feature","properties":{"cbsa":"33660","name":"Mobile, AL","is_metro":true,"region":"South","tax_per_capita":1912.35,"spend_per_capita":4000.09,"gap_per_capita":2087.73,"population":411398},"geometry":{"type":"Polygon","coordinates":[[[-88.432,31.1143],[-88.0226,31.1443],[-87.9401,31.1472],[-87.9412,31.0482],[-87.9243,30.9354],[-87.9445,30.827],[-88.0084,30.685],[-88.0649,30.5883],[-88.1038,30.5009],[-88.1362,30.3207],[-88.2578,30.3189],[-88.364,30.388],[-88.4039,30.5434],[-88.4125,30.7356],[-88.432,31.1143]]]}},{"type":"Feature","properties":{"cbsa":"17860","name":"Columbia, MO","is_metro":true,"region":"Midwest","tax_per_capita":1857.51,"spend_per_capita":5234.53,"gap_per_capita":3377.02,"population":214663},"geometry":{"type":"Polygon","coordinates":[[[-93.0505,38.9282],[-92.9346,39.0645],[-92.8492,39.2262],[-92.7074,39.3216],[-92.3145,39.2465],[-92.1104,39.0642],[-92.1498,38.9543],[-92.2164,38.7145],[-92.3578,38.6795],[-92.3813,38.8087],[-92.6171,38.68],[-93.06,38.6931],[-93.0505,38.9282]]]}},{"type":"Feature","properties":{"cbsa":"28880","name":"Kiryas Joel-Poughkeepsie-Newburgh, NY","is_metro":true,"region":"Northeast","tax_per_capita":4114.54,"spend_per_capita":7022.44,"gap_per_capita":2907.9,"population":704100},"geometry":{"type":"Polygon","coordinates":[[[-74.7614,41.4902],[-74.3671,41.591],[-74.0537,41.5806],[-73.9396,41.87],[-73.9537,41.9527],[-73.9296,42.0788],[-73.5271,41.978],[-73.4873,42.0496],[-73.5179,41.6667],[-73.5218,41.6197],[-73.5798,41.5265],[-73.9338,41.4883],[-73.9473,41.3948],[-74.2345,41.1429],[-74.367,41.2042],[-74.6949,41.3574],[-74.7563,41.4276],[-74.7614,41.4902]]]}},{"type":"Feature","properties":{"cbsa":"47940","name":"Waterloo-Cedar Falls, IA","is_metro":true,"region":"Midwest","tax_per_capita":2034.62,"spend_per_capita":7114.64,"gap_per_capita":5080.01,"population":167661},"geometry":{"type":"Polygon","coordinates":[[[-93.027,42.5568],[-92.5545,42.6423],[-92.0816,42.907],[-92.0642,42.4682],[-92.2988,42.2975],[-92.7681,42.2967],[-93.0017,42.2093],[-93.027,42.5568]]]}},{"type":"Feature","properties":{"cbsa":"27220","name":"Jackson, WY-ID","is_metro":false,"region":"West","tax_per_capita":3847.02,"spend_per_capita":14219.57,"gap_per_capita":10372.54,"population":35816},"geometry":{"type":"Polygon","coordinates":[[[-111.3988,43.9229],[-111.0472,43.9834],[-111.0491,44.3749],[-111.0552,44.6249],[-110.6679,44.6663],[-110.3753,44.583],[-110.2765,44.5157],[-110.2284,44.3738],[-110.1511,44.2925],[-110.1192,44.1326],[-110.0532,44.008],[-110.0573,43.3778],[-110.344,43.2912],[-110.5787,43.2352],[-110.814,43.3139],[-111.0454,43.5011],[-111.2438,43.6219],[-111.3988,43.9229]]]}},{"type":"Feature","properties":{"cbsa":"27060","name":"Ithaca, NY","is_metro":true,"region":"Northeast","tax_per_capita":3204.34,"spend_per_capita":5540.23,"gap_per_capita":2335.89,"population":104299},"geometry":{"type":"Polygon","coordinates":[[[-76.6967,42.5468],[-76.6665,42.6235],[-76.2656,42.6236],[-76.2501,42.2967],[-76.4162,42.263],[-76.6193,42.2829],[-76.6967,42.5468]]]}},{"type":"Feature","properties":{"cbsa":"24340","name":"Grand Rapids-Wyoming-Kentwood, MI","is_metro":true,"region":"Midwest","tax_per_capita":1462.95,"spend_per_capita":4859.92,"gap_per_capita":3396.97,"population":1157285},"geometry":{"type":"Polygon","coordinates":[[[-86.2739,43.1184],[-85.9084,43.2059],[-85.7904,43.293],[-85.5623,43.4681],[-84.846,43.4662],[-84.8371,42.7705],[-85.0742,42.7708],[-85.0716,42.4214],[-85.5432,42.4214],[-85.7825,42.7682],[-86.2141,42.8836],[-86.2263,42.9883],[-86.2739,43.1184]]]}},{"type":"Feature","properties":{"cbsa":"14940","name":"Brigham City, UT-ID","is_metro":false,"region":"West","tax_per_capita":1245.64,"spend_per_capita":4985.83,"gap_per_capita":3740.19,"population":66263},"geometry":{"type":"Polygon","coordinates":[[[-114.0421,40.9999],[-114.0402,41.4917],[-114.0417,41.9937],[-113.4965,41.9933],[-113.0008,41.9982],[-113.0,42.3274],[-112.654,42.4162],[-112.4981,42.503],[-112.2981,42.4545],[-112.1907,42.3508],[-112.071,42.2383],[-112.1094,41.9976],[-112.1592,41.9987],[-112.0428,41.7104],[-111.8733,41.4857],[-111.9591,41.4337],[-112.0287,41.3365],[-112.4935,41.0769],[-114.0421,40.9999]]]}},{"type":"Feature","properties":{"cbsa":"18460","name":"Cornelia, GA","is_metro":false,"region":"South","tax_per_capita":1608.17,"spend_per_capita":5516.82,"gap_per_capita":3908.65,"population":47465},"geometry":{"type":"Polygon","coordinates":[[[-83.6522,34.823],[-83.5349,34.74],[-83.3496,34.717],[-83.365,34.6753],[-83.5375,34.4917],[-83.6664,34.5036],[-83.6628,34.6598],[-83.6816,34.8009],[-83.6522,34.823]]]}},{"type":"Feature","properties":{"cbsa":"34060","name":"Morgantown, WV","is_metro":true,"region":"South","tax_per_capita":1295.85,"spend_per_capita":3038.4,"gap_per_capita":1742.55,"population":141200},"geometry":{"type":"Polygon","coordinates":[[[-80.4214,39.7212],[-79.916,39.7211],[-79.4767,39.7211],[-79.4844,39.3443],[-79.4872,39.1949],[-79.8097,39.2305],[-79.8955,39.2996],[-79.9389,39.4525],[-80.3958,39.6373],[-80.4214,39.7212]]]}},{"type":"Feature","properties":{"cbsa":"41420","name":"Salem, OR","is_metro":true,"region":"West","tax_per_capita":1541.07,"spend_per_capita":5607.72,"gap_per_capita":4066.64,"population":436312},"geometry":{"type":"Polygon","coordinates":[[[-123.7253,45.0251],[-123.7244,45.0762],[-122.9967,45.1189],[-122.9687,45.2847],[-122.9004,45.2571],[-122.8329,45.2741],[-122.7472,45.2233],[-122.7051,45.059],[-122.536,44.9372],[-122.401,44.8857],[-121.7342,44.8857],[-121.7759,44.8198],[-121.7996,44.6839],[-122.1387,44.7252],[-122.2767,44.7461],[-122.6156,44.7884],[-122.7835,44.7944],[-122.9334,44.7161],[-123.0076,44.6879],[-123.0185,44.6985],[-123.0138,44.7134],[-123.113,44.7595],[-123.149,44.7202],[-123.7045,44.7212],[-123.7254,45.0236],[-123.7253,45.0251]]]}},{"type":"Feature","properties":{"cbsa":"49780","name":"Zanesville, OH","is_metro":false,"region":"Midwest","tax_per_capita":1826.15,"spend_per_capita":4685.87,"gap_per_capita":2859.72,"population":86114},"geometry":{"type":"Polygon","coordinates":[[[-82.1988,39.9501],[-81.7163,40.1522],[-81.6941,39.8426],[-82.0766,39.771],[-82.17,39.8207],[-82.234,39.9133],[-82.1988,39.9501]]]}},{"type":"Feature","properties":{"cbsa":"19860","name":"Dickinson, ND","is_metro":false,"region":"Midwest","tax_per_capita":1966.8,"spend_per_capita":8620.66,"gap_per_capita":6653.87,"population":37737},"geometry":{"type":"Polygon","coordinates":[[[-103.6667,47.3293],[-103.0997,47.6745],[-102.6423,47.8237],[-102.3858,47.758],[-102.2621,47.782],[-102.2053,47.5745],[-102.1445,47.3281],[-102.0959,46.9813],[-102.0967,46.631],[-103.2317,46.6298],[-103.6096,46.9799],[-103.6667,47.3293]]]}},{"type":"Feature","properties":{"cbsa":"12180","name":"Auburn, NY","is_metro":false,"region":"Northeast","tax_per_capita":3074.3,"spend_per_capita":6908.5,"gap_per_capita":3834.2,"population":74679},"geometry":{"type":"Polygon","coordinates":[[[-76.7367,42.9703],[-76.7023,43.0802],[-76.6849,43.3527],[-76.6172,43.4202],[-76.4792,43.2275],[-76.4504,42.8457],[-76.2747,42.7713],[-76.4584,42.6186],[-76.7316,42.7207],[-76.7367,42.9703]]]}},{"type":"Feature","properties":{"cbsa":"39500","name":"Quincy, IL-MO","is_metro":false,"region":"Midwest","tax_per_capita":1734.28,"spend_per_capita":4114.12,"gap_per_capita":2379.84,"population":74442},"geometry":{"type":"Polygon","coordinates":[[[-91.9472,40.2138],[-91.497,40.2487],[-90.912,40.1931],[-90.9167,39.8449],[-91.3646,39.7587],[-91.3979,39.8211],[-91.429,39.9077],[-91.8404,39.9482],[-91.9472,40.2138]]]}},{"type":"Feature","properties":{"cbsa":"40080","name":"Richmond-Berea, KY","is_metro":false,"region":"South","tax_per_capita":1064.08,"spend_per_capita":3163.8,"gap_per_capita":2099.72,"population":125400},"geometry":{"type":"Polygon","coordinates":[[[-84.462,37.8034],[-84.4357,37.8472],[-84.3374,37.892],[-84.2612,37.876],[-84.0751,37.8233],[-83.9875,37.8488],[-83.7776,37.7568],[-83.8224,37.6651],[-83.9652,37.5814],[-84.1718,37.5575],[-84.1291,37.3578],[-84.2543,37.2391],[-84.3032,37.1661],[-84.4467,37.4859],[-84.3478,37.5391],[-84.5256,37.7695],[-84.462,37.8034]]]}},{"type":"Feature","properties":{"cbsa":"41500","name":"Salinas, CA","is_metro":true,"region":"West","tax_per_capita":2921.33,"spend_per_capita":10695.13,"gap_per_capita":7773.8,"population":432884},"geometry":{"type":"Polygon","coordinates":[[[-121.9704,36.5828],[-121.8606,36.6111],[-121.7968,36.7775],[-121.8127,36.85],[-121.7575,36.9],[-121.6558,36.9131],[-121.5977,36.8374],[-121.4681,36.6855],[-121.3184,36.61],[-121.2441,36.5069],[-121.0408,36.324],[-120.9206,36.311],[-120.7615,36.2036],[-120.7177,36.26],[-120.6786,36.2673],[-120.6676,36.1381],[-120.3151,35.9072],[-120.214,35.7893],[-121.3471,35.7952],[-121.4623,35.8856],[-121.5319,36.0144],[-121.622,36.0997],[-121.7799,36.2274],[-121.8885,36.3028],[-121.9416,36.4856],[-121.9704,36.5828]]]}},{"type":"Feature","properties":{"cbsa":"27620","name":"Jefferson City, MO","is_metro":true,"region":"Midwest","tax_per_capita":1709.29,"spend_per_capita":3129.97,"gap_per_capita":1420.69,"population":150337},"geometry":{"type":"Polygon","coordinates":[[[-92.8398,38.684],[-92.4984,38.9221],[-92.3949,38.7391],[-92.2207,38.6432],[-92.1352,38.8144],[-92.1323,39.0602],[-91.634,39.0591],[-91.6404,38.7038],[-91.8631,38.2936],[-92.1945,38.3355],[-92.4035,38.4253],[-92.6252,38.4308],[-92.8398,38.684]]]}},{"type":"Feature","properties":{"cbsa":"10740","name":"Albuquerque, NM","is_metro":true,"region":"West","tax_per_capita":1798.91,"spend_per_capita":4104.99,"gap_per_capita":2306.08,"population":920138},"geometry":{"type":"Polygon","coordinates":[[[-107.6243,36.2198],[-106.8853,35.999],[-106.2482,35.9663],[-106.4188,35.82],[-106.2488,35.4433],[-106.2442,35.2157],[-106.0295,35.0407],[-105.2908,35.042],[-105.3131,34.3472],[-105.926,34.26],[-106.4169,34.4397],[-106.5646,34.4739],[-106.8828,34.5796],[-107.2029,34.9576],[-107.1972,35.2195],[-107.3094,35.3057],[-107.6265,36.0003],[-107.6243,36.2198]]]}},{"type":"Feature","properties":{"cbsa":"10540","name":"Albany, OR","is_metro":true,"region":"West","tax_per_capita":1747.62,"spend_per_capita":5629.19,"gap_per_capita":3881.57,"population":130622},"geometry":{"type":"Polygon","coordinates":[[[-123.2534,44.5728],[-123.1856,44.5872],[-123.0731,44.6524],[-123.1438,44.7489],[-123.0151,44.7199],[-123.0187,44.7004],[-123.0138,44.6918],[-123.0068,44.6869],[-122.865,44.7583],[-122.6909,44.7754],[-122.4801,44.7558],[-122.2304,44.6977],[-122.033,44.6857],[-121.7939,44.5941],[-121.8431,44.3926],[-121.7994,44.2583],[-122.3846,44.2171],[-122.6468,44.2666],[-122.8655,44.2873],[-122.9058,44.2007],[-123.1804,44.2837],[-123.2277,44.4069],[-123.2293,44.4142],[-123.2144,44.491],[-123.212,44.5012],[-123.2147,44.5077],[-123.2534,44.5289],[-123.2602,44.5551],[-123.2534,44.5728]]]}},{"type":"Feature","properties":{"cbsa":"12420","name":"Austin-Round Rock-San Marcos, TX","is_metro":true,"region":"South","tax_per_capita":3350.99,"spend_per_capita":5538.01,"gap_per_capita":2187.01,"population":2423170},"geometry":{"type":"Polygon","coordinates":[[[-98.173,30.3563],[-98.1234,30.4865],[-97.9629,30.7856],[-97.7299,30.8876],[-97.3155,30.7524],[-97.2189,30.6119],[-97.3345,30.4028],[-97.0245,30.0514],[-97.3158,29.7865],[-97.5977,29.6307],[-97.6478,29.6621],[-97.8753,29.8582],[-97.9993,29.7524],[-98.0187,29.8122],[-98.2976,30.038],[-98.173,30.3563]]]}},{"type":"Feature","properties":{"cbsa":"27740","name":"Johnson City, TN","is_metro":true,"region":"South","tax_per_capita":1070.09,"spend_per_capita":2895.38,"gap_per_capita":1825.29,"population":210223},"geometry":{"type":"Polygon","coordinates":[[[-82.6807,36.4318],[-82.4216,36.4473],[-82.1887,36.4004],[-82.0589,36.3675],[-81.9601,36.2281],[-82.0801,36.1057],[-82.1271,36.1044],[-82.2113,36.159],[-82.2657,36.1276],[-82.3469,36.1152],[-82.4169,36.073],[-82.508,35.982],[-82.6109,35.9744],[-82.6057,36.0372],[-82.6478,36.1464],[-82.7026,36.4104],[-82.6807,36.4318]]]}},{"type":"Feature","properties":{"cbsa":"25850","name":"Hermitage, PA","is_metro":false,"region":"Northeast","tax_per_capita":1481.95,"spend_per_capita":4615.06,"gap_per_capita":3133.11,"population":109137},"geometry":{"type":"Polygon","coordinates":[[[-80.5192,41.1332],[-80.5192,41.4891],[-79.9998,41.49],[-80.082,41.085],[-80.1473,41.1139],[-80.5192,41.1251],[-80.5192,41.1332]]]}},{"type":"Feature","properties":{"cbsa":"48680","name":"Wildwood-The Villages, FL","is_metro":true,"region":"South","tax_per_capita":1504.33,"spend_per_capita":3853.75,"gap_per_capita":2349.42,"population":144767},"geometry":{"type":"Polygon","coordinates":[[[-82.3113,28.9604],[-81.9542,28.9601],[-81.9576,28.3452],[-82.0558,28.3128],[-82.0545,28.5214],[-82.2748,28.6562],[-82.1691,28.793],[-82.3113,28.9604]]]}},{"type":"Feature","properties":{"cbsa":"20500","name":"Durham-Chapel Hill, NC","is_metro":true,"region":"South","tax_per_capita":2144.53,"spend_per_capita":4067.17,"gap_per_capita":1922.64,"population":602827},"geometry":{"type":"Polygon","coordinates":[[[-79.5424,35.8433],[-79.2495,35.8768],[-79.258,36.2434],[-79.1432,36.4471],[-78.942,36.5421],[-78.8023,36.2358],[-78.7513,36.0708],[-78.7591,35.9184],[-78.9061,35.8681],[-78.947,35.7414],[-78.9161,35.5841],[-79.1171,35.6282],[-79.3501,35.518],[-79.5424,35.8433]]]}},{"type":"Feature","properties":{"cbsa":"22900","name":"Fort Smith, AR-OK","is_metro":true,"region":"South","tax_per_capita":1095.89,"spend_per_capita":3773.08,"gap_per_capita":2677.19,"population":229951},"geometry":{"type":"Polygon","coordinates":[[[-95.1272,35.6388],[-94.4731,35.6385],[-94.1249,35.7503],[-93.9108,35.7598],[-94.074,35.6625],[-94.0229,35.5743],[-94.0648,35.1999],[-94.0312,35.1409],[-94.1405,35.0997],[-94.2306,34.9685],[-94.4364,35.2467],[-94.4315,35.3696],[-94.4924,35.3018],[-94.6688,35.295],[-94.8136,35.3233],[-94.9145,35.3475],[-95.0065,35.4146],[-95.0856,35.4614],[-95.1272,35.6388]]]}},{"type":"Feature","properties":{"cbsa":"14540","name":"Bowling Green, KY","is_metro":true,"region":"South","tax_per_capita":1320.01,"spend_per_capita":3230.19,"gap_per_capita":1910.18,"population":185996},"geometry":{"type":"Polygon","coordinates":[[[-86.8941,37.0883],[-86.8993,37.2123],[-86.7595,37.3041],[-86.4872,37.3625],[-86.1875,37.3408],[-86.0491,37.2153],[-86.0743,37.0533],[-86.1667,36.934],[-86.0653,36.8991],[-85.9769,36.7227],[-85.9757,36.6286],[-86.2056,36.6392],[-86.419,36.6763],[-86.4005,36.8072],[-86.6116,36.8831],[-86.6745,36.9998],[-86.9414,37.069],[-86.8941,37.0883]]]}},{"type":"Feature","properties":{"cbsa":"36420","name":"Oklahoma City, OK","is_metro":true,"region":"South","tax_per_capita":1931.71,"spend_per_capita":3782.48,"gap_per_capita":1850.77,"population":1459957},"geometry":{"type":"Polygon","coordinates":[[[-98.3132,35.7252],[-97.8341,35.7259],[-97.6744,35.861],[-97.4608,36.1645],[-97.3541,36.1591],[-97.3236,36.0109],[-97.1406,35.942],[-96.6208,35.639],[-97.1415,35.464],[-97.1423,34.9282],[-96.9306,34.9644],[-97.6681,34.8552],[-98.0891,34.6812],[-98.0931,34.855],[-98.3058,35.3772],[-98.3132,35.7252]]]}},{"type":"Feature","properties":{"cbsa":"38180","name":"Pierre, SD","is_metro":false,"region":"Midwest","tax_per_capita":2084.11,"spend_per_capita":3831.92,"gap_per_capita":1747.8,"population":20698},"geometry":{"type":"Polygon","coordinates":[[[-101.1552,44.3431],[-101.1368,44.7471],[-100.9103,44.7837],[-100.6138,44.7071],[-100.5265,44.5474],[-99.6637,44.5391],[-99.6958,44.1724],[-99.6122,44.1037],[-99.8845,44.1296],[-100.3672,44.1946],[-101.0469,44.1685],[-101.1552,44.3431]]]}},{"type":"Feature","properties":{"cbsa":"25420","name":"Harrisburg-Carlisle, PA","is_metro":true,"region":"Northeast","tax_per_capita":2439.84,"spend_per_capita":5245.73,"gap_per_capita":2805.89,"population":603332},"geometry":{"type":"Polygon","coordinates":[[[-77.6718,40.2898],[-77.1829,40.5821],[-76.9193,40.6035],[-76.5354,40.5552],[-76.5663,40.1966],[-76.6977,40.1563],[-76.7527,40.1758],[-76.9029,40.2246],[-77.0288,40.1478],[-77.1856,40.0295],[-77.4036,39.9945],[-77.4541,39.9724],[-77.6147,40.1985],[-77.6718,40.2898]]]}},{"type":"Feature","properties":{"cbsa":"45520","name":"The Dalles, OR","is_metro":false,"region":"West","tax_per_capita":1835.62,"spend_per_capita":5897.46,"gap_per_capita":4061.83,"population":26555},"geometry":{"type":"Polygon","coordinates":[[[-121.8049,45.0124],[-121.717,45.038],[-121.6872,45.0674],[-121.6514,45.0888],[-121.685,45.1237],[-121.7081,45.1341],[-121.7314,45.1706],[-121.6984,45.2264],[-121.4819,45.2581],[-121.4407,45.6991],[-121.3378,45.7049],[-121.1838,45.6064],[-121.0849,45.6479],[-120.9139,45.6481],[-120.8264,45.515],[-120.9565,45.3103],[-121.0241,45.2187],[-120.7236,45.1309],[-120.5037,45.0835],[-120.4552,44.8656],[-121.0895,44.8233],[-121.753,44.8299],[-121.7653,44.8857],[-121.8049,45.0124]]]}},{"type":"Feature","properties":{"cbsa":"42620","name":"Searcy, AR","is_metro":false,"region":"South","tax_per_capita":843.91,"spend_per_capita":3170.17,"gap_per_capita":2326.26,"population":77616},"geometry":{"type":"Polygon","coordinates":[[[-92.1115,35.3626],[-91.85,35.4365],[-91.7936,35.5341],[-91.5821,35.5303],[-91.3473,35.4391],[-91.4384,35.3689],[-91.383,35.2484],[-91.4588,35.155],[-91.584,35.0916],[-91.7011,35.063],[-91.9026,35.0277],[-92.1197,35.0666],[-92.1115,35.3626]]]}},{"type":"Feature","properties":{"cbsa":"23380","name":"Fremont, OH","is_metro":false,"region":"Midwest","tax_per_capita":2174.09,"spend_per_capita":4707.51,"gap_per_capita":2533.42,"population":58567},"geometry":{"type":"Polygon","coordinates":[[[-83.4146,41.5002],[-83.3382,41.4575],[-82.9522,41.4582],[-82.8477,41.4305],[-82.8415,41.29],[-82.8401,41.2553],[-83.4198,41.254],[-83.4146,41.5002]]]}},{"type":"Feature","properties":{"cbsa":"21580","name":"Espa\u00f1ola, NM","is_metro":false,"region":"West","tax_per_capita":1036.96,"spend_per_capita":3418.84,"gap_per_capita":2381.89,"population":39991},"geometry":{"type":"Polygon","coordinates":[[[-107.6182,36.8043],[-107.4514,36.904],[-107.4209,37.0],[-106.8698,36.9924],[-106.3431,36.9942],[-105.9719,36.8862],[-105.9725,36.6481],[-105.9598,36.3544],[-105.8569,36.2304],[-105.5304,36.013],[-105.7175,35.9787],[-106.0712,36.0016],[-106.2456,35.9307],[-106.2472,36.0014],[-106.8851,36.2166],[-107.6182,36.8043]]]}},{"type":"Feature","properties":{"cbsa":"22800","name":"Fort Madison, IA","is_metro":false,"region":"Midwest","tax_per_capita":1670.05,"spend_per_capita":4454.93,"gap_per_capita":2784.89,"population":32829},"geometry":{"type":"Polygon","coordinates":[[[-91.7188,40.8135],[-91.2082,40.7136],[-91.1208,40.6728],[-91.187,40.6373],[-91.3397,40.6135],[-91.3945,40.5345],[-91.3799,40.4521],[-91.4194,40.3783],[-91.5191,40.4328],[-91.6083,40.5],[-91.671,40.5509],[-91.7167,40.6037],[-91.7188,40.8135]]]}},{"type":"Feature","properties":{"cbsa":"47620","name":"Warren, PA","is_metro":false,"region":"Northeast","tax_per_capita":1400.42,"spend_per_capita":4578.06,"gap_per_capita":3177.64,"population":37818},"geometry":{"type":"Polygon","coordinates":[[[-79.6121,41.8503],[-79.4725,41.9983],[-78.9831,41.9989],[-78.9156,41.8409],[-78.9561,41.6233],[-79.6131,41.6239],[-79.6121,41.8503]]]}},{"type":"Feature","properties":{"cbsa":"28340","name":"Kendallville, IN","is_metro":false,"region":"Midwest","tax_per_capita":895.48,"spend_per_capita":4043.74,"gap_per_capita":3148.26,"population":47234},"geometry":{"type":"Polygon","coordinates":[[[-85.6547,41.5233],[-85.1941,41.5264],[-85.1921,41.2642],[-85.3078,41.2642],[-85.5372,41.2663],[-85.6519,41.2948],[-85.6535,41.4369],[-85.6547,41.5233]]]}},{"type":"Feature","properties":{"cbsa":"22190","name":"Fayetteville, TN","is_metro":false,"region":"South","tax_per_capita":751.26,"spend_per_capita":4989.59,"gap_per_capita":4238.32,"population":36006},"geometry":{"type":"Polygon","coordinates":[[[-86.8283,35.2637],[-86.6026,35.327],[-86.5253,35.3547],[-86.3922,35.2354],[-86.3182,35.127],[-86.4678,34.9907],[-86.7836,34.9919],[-86.8283,35.2637]]]}},{"type":"Feature","properties":{"cbsa":"41400","name":"Salem, OH","is_metro":false,"region":"Midwest","tax_per_capita":1344.96,"spend_per_capita":3722.16,"gap_per_capita":2377.2,"population":100569},"geometry":{"type":"Polygon","coordinates":[[[-81.0867,40.9016],[-80.8219,40.9009],[-80.5197,40.8513],[-80.5836,40.6155],[-80.668,40.5825],[-80.862,40.5994],[-80.9172,40.7269],[-81.0867,40.9016]]]}},{"type":"Feature","properties":{"cbsa":"27460","name":"Jamestown-Dunkirk, NY","is_metro":false,"region":"Northeast","tax_per_capita":2860.47,"spend_per_capita":6773.22,"gap_per_capita":3912.74,"population":125344},"geometry":{"type":"Polygon","coordinates":[[[-79.762,42.2699],[-79.4535,42.4112],[-79.2834,42.5112],[-79.1386,42.5645],[-79.1078,42.57],[-79.0613,41.9988],[-79.6108,41.9985],[-79.7621,42.1312],[-79.762,42.2699]]]}},{"type":"Feature","properties":{"cbsa":"34500","name":"Mount Vernon, IL","is_metro":false,"region":"Midwest","tax_per_capita":1897.69,"spend_per_capita":5442.05,"gap_per_capita":3544.36,"population":36419},"geometry":{"type":"Polygon","coordinates":[[[-89.1476,38.2129],[-89.1444,38.4739],[-88.699,38.4749],[-88.7024,38.2567],[-88.7046,38.1252],[-89.1296,38.1248],[-89.1498,38.1251],[-89.1476,38.2129]]]}},{"type":"Feature","properties":{"cbsa":"42980","name":"Seymour, IN","is_metro":false,"region":"Midwest","tax_per_capita":1213.56,"spend_per_capita":10309.56,"gap_per_capita":9096.0,"population":46230},"geometry":{"type":"Polygon","coordinates":[[[-86.3181,39.0488],[-85.8606,39.0409],[-85.7954,38.8075],[-85.8883,38.7344],[-86.0917,38.7834],[-86.2804,38.991],[-86.3181,39.0488]]]}},{"type":"Feature","properties":{"cbsa":"49260","name":"Woodward, OK","is_metro":false,"region":"South","tax_per_capita":3386.96,"spend_per_capita":3387.71,"gap_per_capita":0.75,"population":20015},"geometry":{"type":"Polygon","coordinates":[[[-99.6056,36.5928],[-99.2952,36.8196],[-99.1399,36.783],[-98.9603,36.5069],[-99.3821,36.1643],[-99.6056,36.5928]]]}},{"type":"Feature","properties":{"cbsa":"34020","name":"Morgan City, LA","is_metro":false,"region":"South","tax_per_capita":2559.99,"spend_per_capita":6679.37,"gap_per_capita":4119.39,"population":47819},"geometry":{"type":"Polygon","coordinates":[[[-91.9353,29.6719],[-91.6243,29.9455],[-91.3736,29.8344],[-91.1777,29.7278],[-91.1,29.6994],[-91.0826,29.6268],[-91.2211,29.5809],[-91.2198,29.398],[-91.3341,29.3915],[-91.3475,29.4444],[-91.44,29.4785],[-91.4856,29.4991],[-91.5374,29.5659],[-91.6002,29.6312],[-91.6238,29.6992],[-91.7373,29.7494],[-91.8531,29.7029],[-91.9353,29.6719]]]}},{"type":"Feature","properties":{"cbsa":"34700","name":"Muscatine, IA","is_metro":false,"region":"Midwest","tax_per_capita":1853.1,"spend_per_capita":4828.73,"gap_per_capita":2975.63,"population":42395},"geometry":{"type":"Polygon","coordinates":[[[-91.3685,41.4232],[-90.8999,41.5971],[-90.7863,41.4529],[-90.9243,41.4229],[-91.0278,41.4236],[-91.0716,41.3397],[-91.0744,41.3336],[-91.3685,41.4232]]]}},{"type":"Feature","properties":{"cbsa":"23980","name":"Glasgow, KY","is_metro":false,"region":"South","tax_per_capita":1037.99,"spend_per_capita":4090.7,"gap_per_capita":3052.71,"population":55280},"geometry":{"type":"Polygon","coordinates":[[[-86.1135,37.0611],[-86.0564,37.1672],[-85.7442,37.1698],[-85.6323,37.1251],[-85.5036,37.0077],[-85.4518,36.9381],[-85.6016,36.8722],[-85.613,36.8327],[-85.7723,36.8363],[-86.07,36.8058],[-86.1064,36.8651],[-86.1135,37.0611]]]}},{"type":"Feature","properties":{"cbsa":"38420","name":"Platteville, WI","is_metro":false,"region":"Midwest","tax_per_capita":1252.25,"spend_per_capita":4728.58,"gap_per_capita":3476.33,"population":51315},"geometry":{"type":"Polygon","coordinates":[[[-91.1591,42.9875],[-90.9401,43.0619],[-90.6668,43.1718],[-90.4298,43.2009],[-90.4264,42.5072],[-90.6428,42.5085],[-90.7009,42.6264],[-90.8525,42.6648],[-90.9416,42.6838],[-91.0707,42.7755],[-91.138,42.9038],[-91.1591,42.9875]]]}},{"type":"Feature","properties":{"cbsa":"39420","name":"Pullman, WA","is_metro":false,"region":"West","tax_per_capita":1461.49,"spend_per_capita":7353.81,"gap_per_capita":5892.33,"population":47579},"geometry":{"type":"Polygon","coordinates":[[[-118.2491,46.7341],[-118.0156,46.7849],[-117.9609,47.2606],[-117.0402,47.2593],[-117.0398,47.1273],[-117.0398,46.4718],[-117.2086,46.4237],[-117.2543,46.5451],[-117.4648,46.6996],[-117.7409,46.6946],[-117.8819,46.5922],[-118.2157,46.5889],[-118.2491,46.7341]]]}},{"type":"Feature","properties":{"cbsa":"21540","name":"Escanaba, MI","is_metro":false,"region":"Midwest","tax_per_capita":1171.18,"spend_per_capita":5705.39,"gap_per_capita":4534.22,"population":36781},"geometry":{"type":"Polygon","coordinates":[[[-87.3678,45.9853],[-87.2415,46.1591],[-86.6156,46.1587],[-86.4903,45.8963],[-86.5414,45.7081],[-86.6369,45.5421],[-86.7052,45.6909],[-86.7733,45.8114],[-86.9643,45.6728],[-87.1722,45.6618],[-87.3275,45.5513],[-87.3678,45.9853]]]}},{"type":"Feature","properties":{"cbsa":"34340","name":"Mount Airy, NC","is_metro":false,"region":"South","tax_per_capita":1296.62,"spend_per_capita":5919.9,"gap_per_capita":4623.28,"population":71482},"geometry":{"type":"Polygon","coordinates":[[[-80.9736,36.4535],[-80.8402,36.5619],[-80.6122,36.5582],[-80.4519,36.2615],[-80.5479,36.2854],[-80.8732,36.2363],[-80.9672,36.402],[-80.9736,36.4535]]]}},{"type":"Feature","properties":{"cbsa":"19760","name":"DeRidder, LA","is_metro":false,"region":"South","tax_per_capita":1643.84,"spend_per_capita":5049.09,"gap_per_capita":3405.25,"population":36624},"geometry":{"type":"Polygon","coordinates":[[[-93.7027,30.4299],[-93.7292,30.5448],[-93.6851,30.6252],[-93.6177,30.7385],[-93.5586,30.8694],[-93.4784,30.8594],[-92.9787,30.8781],[-93.1307,30.5981],[-93.1312,30.4031],[-93.3845,30.4902],[-93.4862,30.4025],[-93.7027,30.4299]]]}},{"type":"Feature","properties":{"cbsa":"14140","name":"Bluefield, WV-VA","is_metro":false,"region":"South","tax_per_capita":1120.63,"spend_per_capita":5622.03,"gap_per_capita":4501.4,"population":98175},"geometry":{"type":"Polygon","coordinates":[[[-81.9009,37.1426],[-81.7391,37.2395],[-81.5606,37.2067],[-81.4836,37.2506],[-81.3622,37.3377],[-81.2896,37.4158],[-81.2221,37.5104],[-81.0946,37.5887],[-80.8581,37.421],[-80.8832,37.3839],[-80.9193,37.3062],[-80.996,37.2995],[-81.2251,37.2349],[-81.2701,37.093],[-81.4367,37.0101],[-81.6828,36.9329],[-81.8185,37.0428],[-81.9009,37.1426]]]}},{"type":"Feature","properties":{"cbsa":"25540","name":"Hartford-West Hartford-East Hartford, CT","is_metro":true,"region":"Northeast","tax_per_capita":3327.34,"spend_per_capita":6494.27,"gap_per_capita":3166.93,"population":1148050},"geometry":{"type":"Polygon","coordinates":[[[-72.9406,41.8952],[-72.8637,42.0371],[-72.8101,41.9983],[-72.7667,42.003],[-72.6079,42.0308],[-72.3171,42.0319],[-72.2177,41.8352],[-72.1563,41.7535],[-72.3342,41.6436],[-72.4667,41.5839],[-72.3234,41.5343],[-72.2484,41.2959],[-72.3486,41.2774],[-72.4059,41.2784],[-72.5346,41.2538],[-72.6537,41.4381],[-72.7461,41.4233],[-72.7489,41.5443],[-72.8485,41.5673],[-72.9463,41.5568],[-72.8834,41.6495],[-72.9241,41.8087],[-72.9406,41.8952]]]}},{"type":"Feature","properties":{"cbsa":"47180","name":"Vincennes, IN","is_metro":false,"region":"Midwest","tax_per_capita":2107.12,"spend_per_capita":12530.77,"gap_per_capita":10423.65,"population":35876},"geometry":{"type":"Polygon","coordinates":[[[-87.741,38.4356],[-87.6542,38.5119],[-87.6484,38.5666],[-87.6201,38.6395],[-87.4989,38.7578],[-87.5353,38.8525],[-87.5287,38.9059],[-87.241,38.9079],[-87.0988,38.904],[-87.2415,38.8175],[-87.2786,38.6913],[-87.2421,38.5449],[-87.3518,38.5422],[-87.4942,38.4946],[-87.741,38.4356]]]}},{"type":"Feature","properties":{"cbsa":"21820","name":"Fairbanks-College, AK","is_metro":true,"region":"West","tax_per_capita":2034.69,"spend_per_capita":4238.82,"gap_per_capita":2204.12,"population":95202},"geometry":{"type":"Polygon","coordinates":[[[-148.6612,65.2099],[-147.2791,65.2798],[-146.5487,65.345],[-146.397,65.4184],[-146.1193,65.404],[-146.0079,65.3594],[-146.0799,65.248],[-145.6894,65.1891],[-145.7787,65.08],[-145.4407,65.0667],[-144.9835,65.137],[-144.4437,65.0584],[-143.9736,65.1193],[-144.0985,65.0204],[-144.1278,64.7991],[-144.1164,64.7251],[-144.0725,64.6541],[-144.4601,64.5833],[-144.798,64.5683],[-145.0828,64.5073],[-145.3741,64.4552],[-145.74,64.4601],[-146.0038,64.3811],[-146.2323,64.3108],[-146.4864,64.2818],[-146.9999,64.2572],[-148.0467,64.3438],[-148.2709,64.4918],[-148.4249,64.5749],[-148.6633,64.5908],[-148.6612,65.2099]]]}},{"type":"Feature","properties":{"cbsa":"49700","name":"Yuba City, CA","is_metro":true,"region":"West","tax_per_capita":1669.49,"spend_per_capita":6801.29,"gap_per_capita":5131.8,"population":182922},"geometry":{"type":"Polygon","coordinates":[[[-121.9083,39.3039],[-121.6238,39.2956],[-121.406,39.3406],[-121.1499,39.5264],[-121.0095,39.6395],[-121.0221,39.3916],[-121.2661,39.2727],[-121.2795,39.0346],[-121.4148,38.9965],[-121.4694,38.926],[-121.6029,38.7358],[-121.7231,38.8513],[-121.8355,38.9245],[-121.8891,39.0724],[-121.9083,39.3039]]]}},{"type":"Feature","properties":{"cbsa":"42820","name":"Selma, AL","is_metro":false,"region":"South","tax_per_capita":1051.78,"spend_per_capita":4236.03,"gap_per_capita":3184.24,"population":36729},"geometry":{"type":"Polygon","coordinates":[[[-87.4731,32.3076],[-87.4232,32.483],[-87.0178,32.7295],[-86.9176,32.6642],[-86.8149,32.3408],[-86.8103,32.2247],[-86.907,32.048],[-87.3248,32.1991],[-87.4731,32.3076]]]}},{"type":"Feature","properties":{"cbsa":"11540","name":"Appleton, WI","is_metro":true,"region":"Midwest","tax_per_capita":1546.07,"spend_per_capita":5211.28,"gap_per_capita":3665.21,"population":244981},"geometry":{"type":"Polygon","coordinates":[[[-88.7368,44.5906],[-88.2452,44.5847],[-88.1926,44.2419],[-88.0421,43.9792],[-88.1623,43.8915],[-88.4042,43.9382],[-88.4041,44.2441],[-88.7398,44.2433],[-88.7368,44.5906]]]}},{"type":"Feature","properties":{"cbsa":"24260","name":"Grand Island, NE","is_metro":true,"region":"Midwest","tax_per_capita":2137.2,"spend_per_capita":5936.75,"gap_per_capita":3799.55,"population":76320},"geometry":{"type":"Polygon","coordinates":[[[-98.7443,41.3942],[-98.2866,41.3939],[-98.1015,41.264],[-97.7055,41.3091],[-97.5985,41.3951],[-97.5982,41.328],[-97.8283,41.1734],[-98.0105,41.0728],[-98.2829,40.6983],[-98.722,41.0467],[-98.7443,41.3942]]]}},{"type":"Feature","properties":{"cbsa":"45740","name":"Toccoa, GA","is_metro":false,"region":"South","tax_per_capita":1481.49,"spend_per_capita":5373.21,"gap_per_capita":3891.72,"population":26746},"geometry":{"type":"Polygon","coordinates":[[[-83.4584,34.4839],[-83.34,34.6863],[-83.278,34.6449],[-83.1546,34.5882],[-83.1778,34.477],[-83.4584,34.4839]]]}},{"type":"Feature","properties":{"cbsa":"39900","name":"Reno, NV","is_metro":true,"region":"West","tax_per_capita":1580.1,"spend_per_capita":4897.26,"gap_per_capita":3317.17,"population":562773},"geometry":{"type":"Polygon","coordinates":[[[-120.0048,39.3165],[-120.0017,39.5389],[-119.9976,39.9565],[-119.9962,40.3212],[-119.9992,40.8659],[-119.9983,41.6188],[-119.9992,41.9945],[-119.3601,41.9941],[-119.324,41.4145],[-119.3297,40.9738],[-119.313,40.5231],[-119.2252,39.9994],[-119.1706,39.6805],[-119.0586,39.7371],[-118.9091,39.2346],[-118.7922,39.1415],[-118.7551,39.0747],[-118.923,39.0694],[-119.0002,38.852],[-118.9062,38.4154],[-119.2793,38.4999],[-119.3296,38.5881],[-119.406,38.7335],[-119.4019,38.9837],[-119.3108,39.0847],[-119.5615,39.1944],[-119.7121,39.251],[-119.7709,39.2153],[-119.8808,39.1655],[-120.0051,39.2913],[-120.0048,39.3165]]]}},{"type":"Feature","properties":{"cbsa":"21500","name":"Erie, PA","is_metro":true,"region":"Northeast","tax_per_capita":1838.59,"spend_per_capita":6217.65,"gap_per_capita":4379.06,"population":268840},"geometry":{"type":"Polygon","coordinates":[[[-80.5194,41.9775],[-80.1541,42.1148],[-80.0885,42.1732],[-79.9239,42.2075],[-79.762,42.2699],[-79.7613,41.9988],[-79.6121,41.8503],[-80.5194,41.9775]]]}},{"type":"Feature","properties":{"cbsa":"46660","name":"Valdosta, GA","is_metro":true,"region":"South","tax_per_capita":1448.12,"spend_per_capita":7303.9,"gap_per_capita":5855.77,"population":149646},"geometry":{"type":"Polygon","coordinates":[[[-83.7362,31.0377],[-83.5749,31.0781],[-83.4756,31.032],[-83.198,31.0254],[-83.0382,31.1467],[-82.9712,31.184],[-82.8464,30.835],[-82.5812,30.6962],[-82.6895,30.5979],[-83.1314,30.6236],[-83.3093,30.6342],[-83.5,30.6457],[-83.7437,30.6585],[-83.7362,31.0377]]]}},{"type":"Feature","properties":{"cbsa":"22140","name":"Farmington, NM","is_metro":true,"region":"West","tax_per_capita":1259.98,"spend_per_capita":5504.96,"gap_per_capita":4244.98,"population":120569},"geometry":{"type":"Polygon","coordinates":[[[-109.0457,36.117],[-109.0452,36.9991],[-108.3793,36.9996],[-107.4817,37.0],[-107.4572,36.955],[-107.598,36.8343],[-107.6243,36.2198],[-108.1651,36.0028],[-109.0457,36.117]]]}},{"type":"Feature","properties":{"cbsa":"34620","name":"Muncie, IN","is_metro":true,"region":"Midwest","tax_per_capita":1585.22,"spend_per_capita":6124.02,"gap_per_capita":4538.8,"population":112163},"geometry":{"type":"Polygon","coordinates":[[[-85.5786,40.3795],[-85.4443,40.3791],[-85.2199,40.379],[-85.2188,40.3067],[-85.2164,40.1786],[-85.2144,40.0769],[-85.5762,40.0771],[-85.5786,40.3795]]]}},{"type":"Feature","properties":{"cbsa":"39540","name":"Racine-Mount Pleasant, WI","is_metro":true,"region":"Midwest","tax_per_capita":1760.7,"spend_per_capita":4888.42,"gap_per_capita":3127.72,"population":195961},"geometry":{"type":"Polygon","coordinates":[[[-88.3064,42.8421],[-87.8212,42.8423],[-87.7851,42.7008],[-88.1883,42.6697],[-88.3059,42.6108],[-88.3064,42.8421]]]}},{"type":"Feature","properties":{"cbsa":"48900","name":"Wilmington, NC","is_metro":true,"region":"South","tax_per_capita":1931.47,"spend_per_capita":4082.05,"gap_per_capita":2150.58,"population":454390},"geometry":{"type":"Polygon","coordinates":[[[-78.6407,34.0099],[-78.5452,34.1457],[-78.4229,34.1395],[-78.2546,34.2163],[-78.2025,34.3533],[-78.1765,34.4654],[-78.2544,34.5536],[-78.114,34.7218],[-77.6801,34.7206],[-77.5152,34.4374],[-77.7135,34.2902],[-77.8292,34.1626],[-77.9155,33.9717],[-77.9602,33.8533],[-78.0187,33.8883],[-78.2761,33.9124],[-78.5411,33.8511],[-78.6509,33.9451],[-78.6407,34.0099]]]}},{"type":"Feature","properties":{"cbsa":"29460","name":"Lakeland-Winter Haven, FL","is_metro":true,"region":"South","tax_per_capita":1303.13,"spend_per_capita":3951.95,"gap_per_capita":2648.83,"population":788382},"geometry":{"type":"Polygon","coordinates":[[[-82.1062,28.2592],[-82.0555,28.2589],[-81.9578,28.3089],[-81.8665,28.3457],[-81.6738,28.347],[-81.6206,28.2543],[-81.5173,28.1428],[-81.4558,28.0849],[-81.3465,28.0731],[-81.4574,28.0551],[-81.3087,27.9219],[-81.2081,27.8211],[-81.1422,27.6432],[-82.0543,27.6464],[-82.0563,28.1716],[-82.1062,28.2592]]]}},{"type":"Feature","properties":{"cbsa":"44460","name":"Steamboat Springs, CO","is_metro":false,"region":"West","tax_per_capita":5029.0,"spend_per_capita":9325.73,"gap_per_capita":4296.73,"population":38277},"geometry":{"type":"Polygon","coordinates":[[[-109.0482,40.6536],[-109.0485,40.8261],[-108.2506,41.0001],[-107.3674,41.0031],[-106.8604,41.0007],[-106.825,40.9321],[-106.6917,40.8882],[-106.6369,40.7895],[-106.6531,40.4947],[-106.6529,40.3462],[-106.637,40.0021],[-106.6476,39.9197],[-107.032,40.0029],[-107.0381,40.2254],[-107.6442,40.2242],[-109.0507,40.2227],[-109.0482,40.6536]]]}},{"type":"Feature","properties":{"cbsa":"24900","name":"Greenwood, MS","is_metro":false,"region":"South","tax_per_capita":1202.12,"spend_per_capita":6834.04,"gap_per_capita":5631.92,"population":36400},"geometry":{"type":"Polygon","coordinates":[[[-90.4516,33.8114],[-90.1856,33.7655],[-90.2991,33.6976],[-90.1368,33.7216],[-89.7869,33.6767],[-89.6463,33.4025],[-89.7015,33.2854],[-90.1746,33.3334],[-90.2796,33.3395],[-90.4132,33.2353],[-90.4516,33.8114]]]}},{"type":"Feature","properties":{"cbsa":"13340","name":"Bellefontaine, OH","is_metro":false,"region":"Midwest","tax_per_capita":2015.2,"spend_per_capita":4860.3,"gap_per_capita":2845.1,"population":46062},"geometry":{"type":"Polygon","coordinates":[[[-84.0101,40.3176],[-84.0024,40.4831],[-83.88,40.5387],[-83.5202,40.5041],[-83.7842,40.26],[-84.0101,40.3176]]]}},{"type":"Feature","properties":{"cbsa":"31420","name":"Macon-Bibb County, GA","is_metro":true,"region":"South","tax_per_capita":1639.32,"spend_per_capita":4423.36,"gap_per_capita":2784.03,"population":233952},"geometry":{"type":"Polygon","coordinates":[[[-84.1243,32.8009],[-84.1233,32.9322],[-84.0415,33.2026],[-83.8223,33.1802],[-83.5459,33.1719],[-83.4291,33.1854],[-83.3577,32.9261],[-83.2265,32.5842],[-83.4979,32.4522],[-83.5481,32.5719],[-83.5977,32.6643],[-83.7012,32.6922],[-83.7668,32.6926],[-84.0627,32.5784],[-84.2026,32.69],[-84.1243,32.8009]]]}},{"type":"Feature","properties":{"cbsa":"26300","name":"Hot Springs, AR","is_metro":true,"region":"South","tax_per_capita":1127.5,"spend_per_capita":3429.89,"gap_per_capita":2302.38,"population":99982},"geometry":{"type":"Polygon","coordinates":[[[-93.4022,34.6852],[-93.3945,34.7724],[-93.0752,34.7719],[-92.98,34.6372],[-92.808,34.5904],[-92.9151,34.5061],[-93.4072,34.3974],[-93.4022,34.6852]]]}},{"type":"Feature","properties":{"cbsa":"36260","name":"Ogden, UT","is_metro":true,"region":"West","tax_per_capita":1866.23,"spend_per_capita":4442.11,"gap_per_capita":2575.88,"population":652184},"geometry":{"type":"Polygon","coordinates":[[[-112.4935,41.0769],[-112.0287,41.3365],[-111.9591,41.4337],[-111.7606,41.3688],[-111.5108,41.4231],[-111.4207,41.3613],[-111.2813,41.225],[-111.265,41.144],[-111.3805,41.0872],[-111.593,40.993],[-111.4796,40.8583],[-111.6411,40.7989],[-111.7389,40.8612],[-111.8912,40.8218],[-111.9587,40.9218],[-112.2602,40.7691],[-112.4935,41.0769]]]}},{"type":"Feature","properties":{"cbsa":"34300","name":"Mountain Home, ID","is_metro":false,"region":"West","tax_per_capita":991.63,"spend_per_capita":2854.79,"gap_per_capita":1863.16,"population":29391},"geometry":{"type":"Polygon","coordinates":[[[-116.2662,43.1123],[-115.9749,43.365],[-115.8759,43.5913],[-115.6975,43.6654],[-115.5928,43.7983],[-115.5087,43.8849],[-115.1971,44.069],[-115.1819,44.0905],[-115.0675,43.9413],[-114.9714,43.9383],[-114.9893,43.8586],[-115.0338,43.6186],[-115.0862,43.1981],[-115.0378,42.9119],[-115.4542,42.7679],[-115.6229,42.9557],[-115.7918,42.9723],[-115.965,42.9437],[-116.2017,43.0489],[-116.2662,43.1123]]]}},{"type":"Feature","properties":{"cbsa":"29980","name":"Lawrenceburg, TN","is_metro":false,"region":"South","tax_per_capita":968.2,"spend_per_capita":2726.47,"gap_per_capita":1758.27,"population":45502},"geometry":{"type":"Polygon","coordinates":[[[-87.5727,35.0491],[-87.5754,35.3985],[-87.4485,35.4578],[-87.2279,35.4293],[-87.2321,35.2927],[-87.2241,34.9992],[-87.5727,35.0491]]]}},{"type":"Feature","properties":{"cbsa":"35840","name":"North Port-Bradenton-Sarasota, FL","is_metro":true,"region":"South","tax_per_capita":2327.94,"spend_per_capita":6106.46,"gap_per_capita":3778.52,"population":891721},"geometry":{"type":"Polygon","coordinates":[[[-82.7199,27.5289],[-82.5846,27.596],[-82.5447,27.6581],[-82.0558,27.3383],[-82.0575,27.0321],[-82.2555,26.9453],[-82.4527,27.0794],[-82.6106,27.3488],[-82.6918,27.4372],[-82.7199,27.5289]]]}},{"type":"Feature","properties":{"cbsa":"17380","name":"Cleveland, MS","is_metro":false,"region":"South","tax_per_capita":1562.61,"spend_per_capita":4316.08,"gap_per_capita":2753.47,"population":29461},"geometry":{"type":"Polygon","coordinates":[[[-91.2157,33.5294],[-91.1889,33.5762],[-91.1783,33.6511],[-91.0754,33.7144],[-91.1115,33.7746],[-91.0268,33.7636],[-91.0528,33.8242],[-91.0264,33.908],[-91.0887,33.9613],[-91.005,33.977],[-90.9427,34.0181],[-90.8745,34.072],[-90.9463,34.1094],[-90.9441,34.1201],[-90.657,33.9876],[-90.7635,33.6162],[-91.2157,33.5294]]]}},{"type":"Feature","properties":{"cbsa":"46540","name":"Utica-Rome, NY","is_metro":true,"region":"Northeast","tax_per_capita":2769.31,"spend_per_capita":6775.23,"gap_per_capita":4005.92,"population":287942},"geometry":{"type":"Polygon","coordinates":[[[-75.8868,43.325],[-75.7564,43.4704],[-75.1107,43.615],[-75.0628,44.0504],[-74.7756,43.4867],[-74.7126,43.2861],[-74.7737,43.0834],[-74.7438,43.0307],[-74.8788,42.8983],[-75.101,42.9084],[-75.2122,42.88],[-75.4372,42.8633],[-75.5428,42.9318],[-75.5969,43.0354],[-75.8843,43.1556],[-75.8868,43.325]]]}},{"type":"Feature","properties":{"cbsa":"14580","name":"Bozeman, MT","is_metro":true,"region":"West","tax_per_capita":1948.56,"spend_per_capita":3951.25,"gap_per_capita":2002.69,"population":124938},"geometry":{"type":"Polygon","coordinates":[[[-111.8053,45.7983],[-111.6601,45.8335],[-111.4196,45.9963],[-111.3494,46.1226],[-111.062,46.1928],[-110.7908,46.1418],[-110.8574,45.5906],[-110.9192,45.5249],[-111.0382,45.3514],[-111.0569,44.8667],[-111.0553,44.6663],[-111.049,44.4741],[-111.1436,44.5357],[-111.2242,44.6234],[-111.3237,44.7245],[-111.35,45.3505],[-111.5362,45.6423],[-111.7217,45.7433],[-111.7633,45.7726],[-111.8054,45.7867],[-111.8053,45.7983]]]}},{"type":"Feature","properties":{"cbsa":"48260","name":"Weirton-Steubenville, WV-OH","is_metro":true,"region":"Multi-region","tax_per_capita":1693.63,"spend_per_capita":8234.06,"gap_per_capita":6540.43,"population":114221},"geometry":{"type":"Polygon","coordinates":[[[-80.9246,40.468],[-80.8636,40.5554],[-80.7471,40.597],[-80.6272,40.6199],[-80.519,40.6388],[-80.519,40.3996],[-80.5191,40.1597],[-80.6842,40.187],[-80.7663,40.1551],[-80.8655,40.4229],[-80.9246,40.468]]]}},{"type":"Feature","properties":{"cbsa":"18300","name":"Coos Bay-North Bend, OR","is_metro":false,"region":"West","tax_per_capita":1675.12,"spend_per_capita":10271.75,"gap_per_capita":8596.63,"population":64923},"geometry":{"type":"Polygon","coordinates":[[[-124.4362,43.0713],[-124.3956,43.2239],[-124.4004,43.3021],[-124.2869,43.4363],[-124.2191,43.6109],[-123.8756,43.5159],[-123.8176,43.4313],[-123.7644,43.2581],[-123.7021,43.0871],[-123.7616,42.9963],[-123.8204,42.8241],[-123.9257,42.7745],[-124.1329,42.6667],[-124.1415,42.8506],[-124.2584,42.9549],[-124.4362,43.0713]]]}},{"type":"Feature","properties":{"cbsa":"23580","name":"Gainesville, GA","is_metro":true,"region":"South","tax_per_capita":2141.53,"spend_per_capita":4904.33,"gap_per_capita":2762.8,"population":212621},"geometry":{"type":"Polygon","coordinates":[[[-84.0622,34.1685],[-83.9256,34.2853],[-83.9814,34.3578],[-83.9319,34.4693],[-83.7886,34.5141],[-83.6152,34.4317],[-83.6199,34.2954],[-83.8678,34.0987],[-84.0622,34.1685]]]}},{"type":"Feature","properties":{"cbsa":"47240","name":"Vineyard Haven, MA","is_metro":false,"region":"Northeast","tax_per_capita":6450.39,"spend_per_capita":9537.02,"gap_per_capita":3086.63,"population":20962},"geometry":{"type":"MultiPolygon","coordinates":[[[[-70.8338,41.3534],[-70.6869,41.4413],[-70.5533,41.453],[-70.4638,41.4191],[-70.5775,41.3492],[-70.7687,41.3037],[-70.8334,41.3168],[-70.8338,41.3534]]],[[[-70.935,41.4547],[-70.7261,41.5432],[-70.6914,41.5178],[-70.6746,41.5194],[-70.7343,41.4863],[-70.8575,41.4258],[-70.935,41.4547]]]]}},{"type":"Feature","properties":{"cbsa":"15180","name":"Brownsville-Harlingen, TX","is_metro":true,"region":"South","tax_per_capita":1530.08,"spend_per_capita":4965.05,"gap_per_capita":3434.98,"population":424911},"geometry":{"type":"Polygon","coordinates":[[[-97.8619,26.3482],[-97.447,26.3249],[-97.2273,26.4112],[-97.1588,26.0827],[-97.1456,25.9711],[-97.2069,25.9609],[-97.3383,25.9231],[-97.3601,25.8689],[-97.4226,25.8404],[-97.4969,25.8801],[-97.5826,25.9379],[-97.6971,26.0235],[-97.7953,26.0552],[-97.8619,26.3482]]]}},{"type":"Feature","properties":{"cbsa":"26820","name":"Idaho Falls, ID","is_metro":true,"region":"West","tax_per_capita":843.92,"spend_per_capita":3428.16,"gap_per_capita":2584.24,"population":165577},"geometry":{"type":"Polygon","coordinates":[[[-113.7612,43.6212],[-113.4134,43.8168],[-113.454,43.8739],[-113.4163,44.0593],[-113.3206,44.2332],[-112.9943,43.9724],[-112.6947,44.0585],[-112.1564,43.9712],[-111.9768,43.9274],[-111.9344,43.7662],[-111.626,43.6268],[-111.3998,43.622],[-111.2076,43.5439],[-111.0446,43.3157],[-111.0441,43.0194],[-111.588,43.2818],[-111.8225,43.366],[-112.0437,43.4101],[-112.52,43.4252],[-112.6392,43.6266],[-112.6989,43.5401],[-112.8167,43.4492],[-112.947,43.2848],[-113.362,43.2847],[-113.6352,43.3675],[-113.7012,43.5846],[-113.7612,43.6212]]]}},{"type":"Feature","properties":{"cbsa":"30460","name":"Lexington-Fayette, KY","is_metro":true,"region":"South","tax_per_capita":2301.56,"spend_per_capita":3797.54,"gap_per_capita":1495.98,"population":517748},"geometry":{"type":"Polygon","coordinates":[[[-84.8648,38.1414],[-84.732,38.2287],[-84.706,38.3701],[-84.5574,38.4929],[-84.433,38.2991],[-84.3449,38.285],[-84.1202,38.2755],[-83.9779,38.1921],[-84.0805,38.1151],[-84.0274,37.8695],[-84.0751,37.8233],[-84.2612,37.876],[-84.3374,37.892],[-84.4357,37.8472],[-84.462,37.8034],[-84.5712,37.7285],[-84.689,37.8511],[-84.7652,37.8478],[-84.7963,37.9701],[-84.8309,38.0936],[-84.8648,38.1414]]]}},{"type":"Feature","properties":{"cbsa":"44420","name":"Staunton-Stuarts Draft, VA","is_metro":true,"region":"South","tax_per_capita":1515.89,"spend_per_capita":3659.88,"gap_per_capita":2143.99,"population":126678},"geometry":{"type":"Polygon","coordinates":[[[-79.4381,38.2162],[-79.3113,38.4185],[-79.2316,38.474],[-78.8883,38.3037],[-78.7811,38.0808],[-78.9023,37.9514],[-79.0625,37.9176],[-79.184,37.9142],[-79.4367,38.1628],[-79.4381,38.2162]]]}},{"type":"Feature","properties":{"cbsa":"32700","name":"McPherson, KS","is_metro":false,"region":"Midwest","tax_per_capita":1932.91,"spend_per_capita":4908.16,"gap_per_capita":2975.25,"population":30063},"geometry":{"type":"Polygon","coordinates":[[[-97.9248,38.6099],[-97.3719,38.6094],[-97.3718,38.1737],[-97.7018,38.1738],[-97.9221,38.1737],[-97.9243,38.5228],[-97.9248,38.6099]]]}},{"type":"Feature","properties":{"cbsa":"34780","name":"Muskogee, OK","is_metro":false,"region":"South","tax_per_capita":2252.75,"spend_per_capita":3773.7,"gap_per_capita":1520.96,"population":66307},"geometry":{"type":"Polygon","coordinates":[[[-95.7661,35.8563],[-95.5897,35.7652],[-95.3623,35.8226],[-95.1272,35.8128],[-95.1323,35.5261],[-95.0499,35.4589],[-95.2407,35.2623],[-95.3448,35.5518],[-95.7131,35.7258],[-95.7661,35.8563]]]}},{"type":"Feature","properties":{"cbsa":"42220","name":"Santa Rosa-Petaluma, CA","is_metro":true,"region":"West","tax_per_capita":3424.84,"spend_per_capita":7650.39,"gap_per_capita":4225.55,"population":482669},"geometry":{"type":"Polygon","coordinates":[[[-123.5409,38.7677],[-123.1363,38.8091],[-122.8216,38.8501],[-122.6268,38.6708],[-122.5296,38.4696],[-122.3496,38.194],[-122.3976,38.142],[-122.5454,38.1587],[-122.9113,38.3212],[-123.0041,38.297],[-123.0684,38.3352],[-123.1664,38.4749],[-123.3319,38.5655],[-123.4418,38.6997],[-123.5409,38.7677]]]}},{"type":"Feature","properties":{"cbsa":"20780","name":"Edwards, CO","is_metro":false,"region":"West","tax_per_capita":7153.61,"spend_per_capita":9708.28,"gap_per_capita":2554.67,"population":55218},"geometry":{"type":"Polygon","coordinates":[[[-107.1137,39.9191],[-106.6476,39.9197],[-106.4345,39.9249],[-106.1765,39.6357],[-106.2067,39.3796],[-106.4265,39.3619],[-107.1134,39.3661],[-107.1137,39.9191]]]}},{"type":"Feature","properties":{"cbsa":"49080","name":"Winnemucca, NV","is_metro":false,"region":"West","tax_per_capita":1834.07,"spend_per_capita":10347.02,"gap_per_capita":8512.95,"population":17296},"geometry":{"type":"Polygon","coordinates":[[[-119.3297,40.9738],[-119.324,41.4145],[-119.2083,41.9932],[-118.7759,41.9927],[-118.1974,41.997],[-117.8735,41.9983],[-117.4036,41.9993],[-117.0262,41.9999],[-117.0184,41.0003],[-117.2468,40.6424],[-117.3012,40.6823],[-117.6442,40.8578],[-118.7867,40.8559],[-119.3096,40.9604],[-119.3297,40.9738]]]}},{"type":"Feature","properties":{"cbsa":"16740","name":"Charlotte-Concord-Gastonia, NC-SC","is_metro":true,"region":"South","tax_per_capita":1925.77,"spend_per_capita":8036.08,"gap_per_capita":6110.31,"population":2754657},"geometry":{"type":"Polygon","coordinates":[[[-81.5354,35.5681],[-80.9252,35.6203],[-81.0651,35.7149],[-81.0413,35.8579],[-81.0288,36.0457],[-80.8816,36.0557],[-80.7078,35.853],[-80.4834,35.7763],[-80.3338,35.72],[-80.209,35.5815],[-80.2954,35.5029],[-80.505,35.185],[-80.2768,35.1957],[-80.1126,35.1939],[-79.9929,35.0856],[-79.8772,35.0353],[-79.9247,34.8078],[-80.0772,34.8097],[-80.5617,34.8175],[-80.4885,34.7046],[-80.5506,34.5601],[-80.74,34.48],[-80.8792,34.4578],[-80.8775,34.5431],[-81.4159,34.6336],[-81.4785,34.8215],[-81.4921,34.949],[-81.4088,35.0471],[-81.3281,35.1623],[-81.3217,35.2604],[-81.4556,35.4198],[-81.5376,35.5642],[-81.5354,35.5681]]]}},{"type":"Feature","properties":{"cbsa":"17660","name":"Coeur d'Alene, ID","is_metro":true,"region":"West","tax_per_capita":1202.35,"spend_per_capita":7643.16,"gap_per_capita":6440.81,"population":183290},"geometry":{"type":"Polygon","coordinates":[[[-117.0413,47.9775],[-116.5043,47.9914],[-116.3295,47.8904],[-116.5865,47.4147],[-117.0405,47.366],[-117.0413,47.9775]]]}},{"type":"Feature","properties":{"cbsa":"10580","name":"Albany-Schenectady-Troy, NY","is_metro":true,"region":"Northeast","tax_per_capita":3510.18,"spend_per_capita":6346.87,"gap_per_capita":2836.7,"population":903595},"geometry":{"type":"Polygon","coordinates":[[[-74.6306,42.6267],[-74.6483,42.8296],[-74.2633,42.7965],[-74.093,42.9559],[-74.1401,43.254],[-73.8841,43.398],[-73.8358,43.2538],[-73.7398,43.2656],[-73.5889,43.2982],[-73.5793,43.2089],[-73.5733,43.1005],[-73.6355,42.9413],[-73.2738,42.9436],[-73.2909,42.8019],[-73.3525,42.51],[-74.2543,42.4082],[-74.4435,42.355],[-74.7116,42.5178],[-74.6306,42.6267]]]}},{"type":"Feature","properties":{"cbsa":"45060","name":"Syracuse, NY","is_metro":true,"region":"Northeast","tax_per_capita":2966.92,"spend_per_capita":6641.81,"gap_per_capita":3674.89,"population":655021},"geometry":{"type":"Polygon","coordinates":[[[-76.6172,43.4202],[-76.4176,43.5213],[-76.3197,43.5123],[-76.2035,43.575],[-76.2015,43.6803],[-76.0251,43.707],[-75.7564,43.4704],[-75.8868,43.325],[-75.8843,43.1556],[-75.5969,43.0354],[-75.5428,42.9318],[-75.4372,42.8633],[-75.2514,42.7846],[-75.4287,42.7454],[-75.8961,42.791],[-76.357,42.8494],[-76.463,43.0063],[-76.605,43.2536],[-76.6172,43.4202]]]}},{"type":"Feature","properties":{"cbsa":"40060","name":"Richmond, VA","is_metro":true,"region":"South","tax_per_capita":2144.18,"spend_per_capita":4721.58,"gap_per_capita":2577.4,"population":1338238},"geometry":{"type":"Polygon","coordinates":[[[-78.235,37.3681],[-78.132,37.4547],[-78.0722,37.6574],[-78.1593,37.7485],[-78.0633,37.9051],[-77.8818,37.7572],[-77.7597,37.8115],[-77.6425,37.9907],[-77.4363,37.8852],[-77.4047,37.7799],[-77.241,37.9099],[-77.1673,37.9639],[-77.0414,37.8693],[-76.9432,37.783],[-76.7511,37.7286],[-76.6541,37.6032],[-76.7123,37.4313],[-76.8918,37.4326],[-76.8744,37.3654],[-76.9216,37.2253],[-77.0123,37.2329],[-76.9652,37.0545],[-77.0021,36.9207],[-77.49,36.721],[-77.5104,36.8451],[-77.658,36.8945],[-77.8898,36.9888],[-77.7959,37.1926],[-78.2312,37.2962],[-78.235,37.3681]]]}},{"type":"Feature","properties":{"cbsa":"36740","name":"Orlando-Kissimmee-Sanford, FL","is_metro":true,"region":"South","tax_per_capita":2108.06,"spend_per_capita":5008.16,"gap_per_capita":2900.1,"population":2763017},"geometry":{"type":"Polygon","coordinates":[[[-81.9535,28.887],[-81.6587,28.9603],[-81.6419,29.2768],[-81.5313,29.1766],[-81.3547,28.9848],[-81.3669,28.8792],[-81.226,28.8326],[-81.0678,28.8133],[-80.9873,28.613],[-80.8728,28.3696],[-80.8689,27.8225],[-80.8731,27.6423],[-81.1315,27.6494],[-81.3019,27.8621],[-81.4509,28.0338],[-81.3825,28.0124],[-81.3464,28.0847],[-81.4562,28.1432],[-81.5395,28.2282],[-81.6587,28.2543],[-81.7907,28.3464],[-81.9576,28.3452],[-81.9535,28.887]]]}},{"type":"Feature","properties":{"cbsa":"21780","name":"Evansville, IN","is_metro":true,"region":"Midwest","tax_per_capita":1759.82,"spend_per_capita":3898.67,"gap_per_capita":2138.86,"population":269892},"geometry":{"type":"Polygon","coordinates":[[[-88.0595,37.8667],[-88.0163,37.9616],[-87.9888,38.0556],[-87.9275,38.1519],[-87.9702,38.2303],[-87.7997,38.2019],[-87.4673,38.1654],[-87.3169,38.2461],[-87.0731,38.2326],[-87.0175,38.1183],[-87.268,37.9248],[-87.3041,37.8934],[-87.4186,37.9448],[-87.4863,37.9202],[-87.6085,37.8988],[-87.6816,37.8559],[-87.7236,37.8921],[-87.8725,37.921],[-87.9254,37.8996],[-87.9038,37.8178],[-87.9703,37.7819],[-88.0674,37.8561],[-88.0595,37.8667]]]}},{"type":"Feature","properties":{"cbsa":"36540","name":"Omaha, NE-IA","is_metro":true,"region":"Midwest","tax_per_capita":2734.72,"spend_per_capita":5702.13,"gap_per_capita":2967.41,"population":976309},"geometry":{"type":"Polygon","coordinates":[[[-96.9059,41.4534],[-96.4707,41.3932],[-96.4348,41.4949],[-96.1343,41.6827],[-96.0876,41.7222],[-96.1079,41.8403],[-95.6728,41.8631],[-95.5581,41.6024],[-95.498,41.5061],[-95.1559,41.1592],[-95.385,40.9016],[-95.8187,40.8979],[-95.8413,40.8456],[-96.4638,40.784],[-96.4639,41.0451],[-96.9059,41.4534]]]}},{"type":"Feature","properties":{"cbsa":"12700","name":"Barnstable Town, MA","is_metro":true,"region":"Northeast","tax_per_capita":4090.54,"spend_per_capita":5919.73,"gap_per_capita":1829.19,"population":232078},"geometry":{"type":"Polygon","coordinates":[[[-70.6982,41.559],[-70.716,41.614],[-70.5364,41.8116],[-70.4417,41.7529],[-70.2723,41.7213],[-70.122,41.7588],[-70.0038,41.8085],[-70.069,41.8849],[-70.0838,42.012],[-70.1908,42.02],[-70.1893,42.0823],[-70.0494,42.0647],[-69.9748,41.9251],[-69.9283,41.6917],[-69.965,41.5511],[-70.012,41.6198],[-70.0555,41.6648],[-70.2697,41.6178],[-70.4006,41.6064],[-70.4763,41.5585],[-70.6541,41.519],[-70.6746,41.5194],[-70.6914,41.5178],[-70.7261,41.5432],[-70.6982,41.559]]]}},{"type":"Feature","properties":{"cbsa":"46520","name":"Urban Honolulu, HI","is_metro":true,"region":"West","tax_per_capita":2153.73,"spend_per_capita":2528.22,"gap_per_capita":374.49,"population":994828},"geometry":{"type":"Polygon","coordinates":[[[-158.2322,21.5838],[-158.0799,21.6281],[-157.9923,21.708],[-157.9246,21.6512],[-157.8369,21.5299],[-157.8139,21.4403],[-157.7225,21.4592],[-157.7106,21.3585],[-157.655,21.3094],[-157.7001,21.264],[-157.7799,21.2653],[-157.851,21.2845],[-157.9507,21.3125],[-158.0245,21.3093],[-158.0883,21.2988],[-158.1294,21.3448],[-158.1792,21.4043],[-158.233,21.4876],[-158.2777,21.5788],[-158.2322,21.5838]]]}},{"type":"Feature","properties":{"cbsa":"17980","name":"Columbus, GA-AL","is_metro":true,"region":"South","tax_per_capita":1488.07,"spend_per_capita":4199.4,"gap_per_capita":2711.33,"population":323826},"geometry":{"type":"Polygon","coordinates":[[[-85.434,32.4098],[-85.3338,32.4686],[-85.0011,32.5102],[-85.0698,32.5831],[-85.0885,32.658],[-85.1245,32.7516],[-85.1844,32.8613],[-84.8817,32.8688],[-84.7513,32.8692],[-84.5707,32.8452],[-84.3804,32.7792],[-84.3379,32.7206],[-84.4444,32.5621],[-84.3923,32.414],[-84.4203,32.1865],[-84.4312,32.1341],[-84.6493,32.233],[-84.6558,31.9203],[-84.6917,31.9204],[-84.907,31.9245],[-85.042,31.9757],[-85.0514,32.0623],[-85.2577,32.1483],[-85.4274,32.1466],[-85.434,32.4098]]]}},{"type":"Feature","properties":{"cbsa":"38060","name":"Phoenix-Mesa-Chandler, AZ","is_metro":true,"region":"West","tax_per_capita":1983.19,"spend_per_capita":4136.8,"gap_per_capita":2153.61,"population":5020870},"geometry":{"type":"Polygon","coordinates":[[[-113.335,33.3775],[-112.744,33.9999],[-112.2762,33.8825],[-111.9962,34.0299],[-111.495,33.9999],[-111.4509,33.9199],[-111.3824,33.7582],[-111.2221,33.6024],[-111.04,33.466],[-110.9467,33.2501],[-110.7293,33.0273],[-110.6325,33.1428],[-110.5047,33.1862],[-110.4494,32.9874],[-110.4485,32.5345],[-111.1575,32.5113],[-111.4657,32.5013],[-112.2036,32.5067],[-113.3339,32.5052],[-113.3338,33.0235],[-113.335,33.3775]]]}},{"type":"Feature","properties":{"cbsa":"44180","name":"Springfield, MO","is_metro":true,"region":"Midwest","tax_per_capita":1740.09,"spend_per_capita":3874.44,"gap_per_capita":2134.35,"population":486931},"geometry":{"type":"Polygon","coordinates":[[[-93.6284,37.8294],[-93.5614,37.813],[-93.1826,37.9042],[-92.8554,37.8957],[-92.8535,37.484],[-92.6923,37.2635],[-92.6859,37.0671],[-92.9093,36.8092],[-93.3375,36.9925],[-93.6089,37.0982],[-93.6258,37.282],[-93.616,37.5727],[-93.6284,37.8294]]]}},{"type":"Feature","properties":{"cbsa":"42300","name":"Sault Ste. Marie, MI","is_metro":false,"region":"Midwest","tax_per_capita":1194.02,"spend_per_capita":5127.02,"gap_per_capita":3933.0,"population":36207},"geometry":{"type":"Polygon","coordinates":[[[-85.2379,46.7557],[-84.9647,46.7728],[-85.0274,46.5538],[-84.8498,46.4602],[-84.6079,46.4567],[-84.4618,46.4666],[-84.293,46.4928],[-84.1179,46.5176],[-84.1389,46.3722],[-84.1081,46.2412],[-84.0265,46.1316],[-83.8823,46.0421],[-83.7198,46.101],[-83.4806,45.9962],[-83.5831,45.9159],[-83.801,45.9376],[-84.0801,45.9708],[-84.2393,45.9849],[-84.3631,46.0716],[-85.1125,46.1583],[-85.2378,46.2454],[-85.2379,46.7557]]]}},{"type":"Feature","properties":{"cbsa":"11860","name":"Atchison, KS","is_metro":false,"region":"Midwest","tax_per_capita":1753.94,"spend_per_capita":3252.1,"gap_per_capita":1498.16,"population":16053},"geometry":{"type":"Polygon","coordinates":[[[-95.5701,39.5255],[-95.5641,39.6529],[-95.1152,39.6525],[-95.0472,39.5951],[-95.1136,39.5539],[-95.0498,39.4944],[-94.9657,39.4217],[-95.1809,39.4192],[-95.5701,39.5255]]]}},{"type":"Feature","properties":{"cbsa":"44140","name":"Springfield, MA","is_metro":true,"region":"Northeast","tax_per_capita":2229.97,"spend_per_capita":5687.42,"gap_per_capita":3457.44,"population":460758},"geometry":{"type":"Polygon","coordinates":[[[-73.0721,42.1435],[-72.8852,42.3326],[-72.7934,42.2369],[-72.6131,42.2863],[-72.6065,42.2153],[-72.3955,42.1857],[-72.2647,42.1963],[-72.1357,42.0291],[-72.3171,42.0319],[-72.6079,42.0308],[-72.7667,42.003],[-72.8101,41.9983],[-72.8637,42.0371],[-73.0534,42.0401],[-73.0721,42.1435]]]}},{"type":"Feature","properties":{"cbsa":"22540","name":"Fond du Lac, WI","is_metro":true,"region":"Midwest","tax_per_capita":1710.12,"spend_per_capita":5309.3,"gap_per_capita":3599.18,"population":103812},"geometry":{"type":"Polygon","coordinates":[[[-88.8857,43.8952],[-88.4042,43.9382],[-88.1623,43.8915],[-88.4004,43.5435],[-88.8861,43.6335],[-88.8857,43.8952]]]}},{"type":"Feature","properties":{"cbsa":"31680","name":"Malvern, AR","is_metro":false,"region":"South","tax_per_capita":882.74,"spend_per_capita":3082.96,"gap_per_capita":2200.22,"population":33149},"geometry":{"type":"Polygon","coordinates":[[[-93.4072,34.3974],[-92.9151,34.5061],[-92.6851,34.4731],[-92.6784,34.1496],[-93.0385,34.1551],[-93.1983,34.2773],[-93.4082,34.3395],[-93.4072,34.3974]]]}},{"type":"Feature","properties":{"cbsa":"46700","name":"Vallejo, CA","is_metro":true,"region":"West","tax_per_capita":2268.03,"spend_per_capita":5918.53,"gap_per_capita":3650.5,"population":448885},"geometry":{"type":"Polygon","coordinates":[[[-122.4068,38.1556],[-122.2061,38.3158],[-122.1264,38.4292],[-122.0117,38.489],[-121.712,38.538],[-121.5941,38.3131],[-121.6145,38.1965],[-121.7121,38.0855],[-121.8625,38.066],[-121.9832,38.0673],[-122.2693,38.0604],[-122.3936,38.1434],[-122.4068,38.1556]]]}},{"type":"Feature","properties":{"cbsa":"33580","name":"Mitchell, SD","is_metro":false,"region":"Midwest","tax_per_capita":2538.21,"spend_per_capita":5647.29,"gap_per_capita":3109.08,"population":25789},"geometry":{"type":"Polygon","coordinates":[[[-98.3319,44.1967],[-97.8495,44.1952],[-97.6085,43.8491],[-97.9646,43.499],[-98.3206,43.4987],[-98.3315,43.8685],[-98.3319,44.1967]]]}},{"type":"Feature","properties":{"cbsa":"47460","name":"Walla Walla, WA","is_metro":true,"region":"West","tax_per_capita":2014.92,"spend_per_capita":6611.09,"gap_per_capita":4596.17,"population":61853},"geometry":{"type":"Polygon","coordinates":[[[-119.0234,46.2167],[-118.7462,46.3595],[-118.6156,46.5045],[-118.2286,46.5934],[-118.1161,46.2955],[-117.9915,46.2077],[-118.3678,46.0006],[-118.9871,45.9999],[-118.9413,46.0275],[-119.0415,46.1927],[-119.0234,46.2167]]]}},{"type":"Feature","properties":{"cbsa":"34180","name":"Moses Lake, WA","is_metro":false,"region":"West","tax_per_capita":1857.03,"spend_per_capita":10126.34,"gap_per_capita":8269.31,"population":101580},"geometry":{"type":"Polygon","coordinates":[[[-120.0021,47.1262],[-120.0047,47.32],[-119.8758,47.4375],[-119.5329,47.5278],[-119.3203,47.6268],[-119.2124,47.8007],[-119.1259,47.9173],[-118.9822,47.962],[-118.9798,47.2617],[-119.1361,46.9122],[-119.3694,46.7377],[-119.4532,46.6792],[-119.6185,46.6476],[-119.904,46.6381],[-119.9274,46.7984],[-120.0429,47.0735],[-120.0021,47.1262]]]}},{"type":"Feature","properties":{"cbsa":"24660","name":"Greensboro-High Point, NC","is_metro":true,"region":"South","tax_per_capita":1598.81,"spend_per_capita":3951.9,"gap_per_capita":2353.08,"population":784619},"geometry":{"type":"Polygon","coordinates":[[[-80.0469,35.9207],[-80.0378,36.1764],[-80.0273,36.5425],[-79.7149,36.5414],[-79.5319,36.2497],[-79.5417,35.8999],[-79.5558,35.515],[-80.0668,35.5057],[-80.0469,35.9207]]]}},{"type":"Feature","properties":{"cbsa":"33140","name":"Michigan City-La Porte, IN","is_metro":true,"region":"Midwest","tax_per_capita":1202.58,"spend_per_capita":4246.08,"gap_per_capita":3043.5,"population":111822},"geometry":{"type":"Polygon","coordinates":[[[-86.9328,41.7165],[-86.8248,41.7602],[-86.64,41.7597],[-86.5267,41.6504],[-86.5247,41.4329],[-86.7006,41.402],[-86.9301,41.2368],[-86.9328,41.7165]]]}},{"type":"Feature","properties":{"cbsa":"48820","name":"Willmar, MN","is_metro":false,"region":"Midwest","tax_per_capita":1708.0,"spend_per_capita":8461.01,"gap_per_capita":6753.01,"population":43771},"geometry":{"type":"Polygon","coordinates":[[[-95.2553,45.4127],[-94.7629,45.4129],[-94.7581,44.8921],[-95.2465,45.1524],[-95.2553,45.4127]]]}},{"type":"Feature","properties":{"cbsa":"44860","name":"Sulphur Springs, TX","is_metro":false,"region":"South","tax_per_capita":1637.79,"spend_per_capita":5250.28,"gap_per_capita":3612.49,"population":37793},"geometry":{"type":"Polygon","coordinates":[[[-95.8618,33.2193],[-95.7311,33.3052],[-95.6737,33.3021],[-95.5018,33.3479],[-95.309,32.9626],[-95.6695,32.9796],[-95.8618,33.2193]]]}},{"type":"Feature","properties":{"cbsa":"43460","name":"Sikeston, MO","is_metro":false,"region":"Midwest","tax_per_capita":1376.52,"spend_per_capita":3935.15,"gap_per_capita":2558.64,"population":49533},"geometry":{"type":"Polygon","coordinates":[[[-89.7652,37.1261],[-89.4829,37.261],[-89.4561,37.1881],[-89.3595,37.0426],[-89.2576,37.0155],[-89.1329,36.9821],[-89.1031,36.9448],[-89.1477,36.8471],[-89.156,36.7863],[-89.2025,36.7166],[-89.1756,36.6513],[-89.2273,36.5694],[-89.3247,36.624],[-89.3737,36.7029],[-89.5198,36.8696],[-89.6916,36.8595],[-89.7869,37.0871],[-89.7652,37.1261]]]}},{"type":"Feature","properties":{"cbsa":"37220","name":"Pahrump, NV","is_metro":false,"region":"West","tax_per_capita":828.94,"spend_per_capita":3362.6,"gap_per_capita":2533.66,"population":54769},"geometry":{"type":"Polygon","coordinates":[[[-118.1963,38.9999],[-117.7755,39.0934],[-116.6009,39.1615],[-115.0008,38.6773],[-115.8939,38.0505],[-115.8958,36.1722],[-115.8461,35.9636],[-116.0936,36.1558],[-116.4882,36.4591],[-117.166,36.9712],[-117.691,38.4738],[-118.1963,38.9999]]]}},{"type":"Feature","properties":{"cbsa":"43100","name":"Sheboygan, WI","is_metro":true,"region":"Midwest","tax_per_capita":1846.98,"spend_per_capita":5057.1,"gap_per_capita":3210.11,"population":117661},"geometry":{"type":"Polygon","coordinates":[[[-88.1623,43.8915],[-87.7286,43.8922],[-87.7264,43.8104],[-87.7082,43.7229],[-87.7901,43.5631],[-88.0405,43.5424],[-88.1623,43.8915]]]}},{"type":"Feature","properties":{"cbsa":"16180","name":"Carson City, NV","is_metro":true,"region":"West","tax_per_capita":1289.4,"spend_per_capita":4632.96,"gap_per_capita":3343.56,"population":58065},"geometry":{"type":"Polygon","coordinates":[[[-120.0034,39.1656],[-119.8439,39.2008],[-119.7126,39.2509],[-119.6479,39.1951],[-119.5504,39.0863],[-120.0026,39.1127],[-120.0034,39.1656]]]}},{"type":"Feature","properties":{"cbsa":"14020","name":"Bloomington, IN","is_metro":true,"region":"Midwest","tax_per_capita":999.47,"spend_per_capita":3422.96,"gap_per_capita":2423.49,"population":161108},"geometry":{"type":"Polygon","coordinates":[[[-87.0536,39.3426],[-86.94,39.4733],[-86.6322,39.4702],[-86.6117,39.3403],[-86.3701,39.0484],[-86.3175,38.9909],[-86.683,39.1657],[-87.0536,39.3426]]]}},{"type":"Feature","properties":{"cbsa":"24600","name":"Greencastle, IN","is_metro":false,"region":"Midwest","tax_per_capita":1014.16,"spend_per_capita":5151.66,"gap_per_capita":4137.5,"population":37294},"geometry":{"type":"Polygon","coordinates":[[[-87.0131,39.6048],[-86.6951,39.8648],[-86.643,39.618],[-86.6483,39.5659],[-86.94,39.4733],[-87.0131,39.6048]]]}},{"type":"Feature","properties":{"cbsa":"27600","name":"Jefferson, GA","is_metro":false,"region":"South","tax_per_capita":2252.35,"spend_per_capita":4035.06,"gap_per_capita":1782.7,"population":84009},"geometry":{"type":"Polygon","coordinates":[[[-83.8177,34.1275],[-83.5615,34.2527],[-83.4024,34.1975],[-83.3868,34.0502],[-83.5031,33.9996],[-83.5632,34.0318],[-83.8177,34.1275]]]}},{"type":"Feature","properties":{"cbsa":"30260","name":"Lewisburg, PA","is_metro":false,"region":"Northeast","tax_per_capita":1684.87,"spend_per_capita":5109.21,"gap_per_capita":3424.34,"population":42690},"geometry":{"type":"Polygon","coordinates":[[[-77.3642,40.8469],[-77.1442,41.0443],[-76.9779,41.0879],[-76.8961,41.1391],[-76.874,40.9468],[-76.9418,40.8881],[-77.3642,40.8469]]]}},{"type":"Feature","properties":{"cbsa":"15540","name":"Burlington-South Burlington, VT","is_metro":true,"region":"Northeast","tax_per_capita":1223.24,"spend_per_capita":5519.12,"gap_per_capita":4295.89,"population":227566},"geometry":{"type":"Polygon","coordinates":[[[-73.39,44.6196],[-73.3577,44.751],[-73.3657,44.8265],[-73.339,44.9177],[-73.3431,45.0108],[-73.0484,45.0148],[-72.5824,45.0115],[-72.5333,44.8341],[-72.7291,44.804],[-72.8508,44.7111],[-72.81,44.5467],[-72.8024,44.3886],[-72.9522,44.1614],[-73.3175,44.2635],[-73.3346,44.3569],[-73.2936,44.4406],[-73.348,44.5462],[-73.3673,44.5675],[-73.39,44.6196]]]}},{"type":"Feature","properties":{"cbsa":"10900","name":"Allentown-Bethlehem-Easton, PA-NJ","is_metro":true,"region":"Northeast","tax_per_capita":2814.7,"spend_per_capita":5829.36,"gap_per_capita":3014.66,"population":870570},"geometry":{"type":"Polygon","coordinates":[[[-75.9976,40.9133],[-75.7667,41.0937],[-75.6494,41.1223],[-75.4974,40.9884],[-75.4742,40.8147],[-75.2948,40.8622],[-75.1233,40.9653],[-75.0705,41.0186],[-74.9924,41.093],[-74.9627,41.0905],[-74.8505,40.804],[-74.9689,40.7104],[-75.1892,40.6091],[-75.3335,40.5371],[-75.4841,40.4185],[-75.7667,40.597],[-75.8078,40.7075],[-75.886,40.8163],[-75.9976,40.9133]]]}},{"type":"Feature","properties":{"cbsa":"26020","name":"Hobbs, NM","is_metro":false,"region":"West","tax_per_capita":7547.35,"spend_per_capita":8630.84,"gap_per_capita":1083.49,"population":72343},"geometry":{"type":"Polygon","coordinates":[[[-103.8145,32.9651],[-103.7664,33.3953],[-103.7208,33.5695],[-103.0526,33.5706],[-103.0601,33.2192],[-103.0649,32.8494],[-103.0648,32.588],[-103.0644,32.145],[-103.0644,32.0005],[-103.7229,32.0002],[-103.8142,32.5224],[-103.8145,32.9651]]]}},{"type":"Feature","properties":{"cbsa":"46500","name":"Urbana, OH","is_metro":false,"region":"Midwest","tax_per_capita":1764.96,"spend_per_capita":4600.93,"gap_per_capita":2835.97,"population":38743},"geometry":{"type":"Polygon","coordinates":[[[-84.0229,40.1839],[-83.7842,40.26],[-83.4945,40.2255],[-83.5161,40.0108],[-84.0229,40.1839]]]}},{"type":"Feature","properties":{"cbsa":"22500","name":"Florence, SC","is_metro":true,"region":"South","tax_per_capita":1592.45,"spend_per_capita":4129.02,"gap_per_capita":2536.57,"population":199176},"geometry":{"type":"Polygon","coordinates":[[[-80.2886,34.3662],[-79.8845,34.4912],[-79.7528,34.5141],[-79.6578,34.3052],[-79.601,34.2905],[-79.5718,34.1837],[-79.5169,33.994],[-79.4965,33.7754],[-79.6773,33.8147],[-79.7249,33.8146],[-79.7984,33.8356],[-79.8756,33.8852],[-79.9746,33.9465],[-80.0006,34.0479],[-80.0699,34.0862],[-80.1127,34.197],[-80.2432,34.3245],[-80.2886,34.3662]]]}},{"type":"Feature","properties":{"cbsa":"28300","name":"Keene, NH","is_metro":false,"region":"Northeast","tax_per_capita":3830.44,"spend_per_capita":5009.98,"gap_per_capita":1179.54,"population":77463},"geometry":{"type":"Polygon","coordinates":[[[-72.5561,42.8663],[-72.5322,42.9549],[-72.445,43.0044],[-72.4352,43.0866],[-72.4504,43.1612],[-72.1785,43.1319],[-72.0622,42.9448],[-71.9747,42.7894],[-72.1111,42.7173],[-72.283,42.722],[-72.4776,42.7612],[-72.5561,42.8663]]]}},{"type":"Feature","properties":{"cbsa":"25060","name":"Gulfport-Biloxi, MS","is_metro":true,"region":"South","tax_per_capita":1514.35,"spend_per_capita":7543.27,"gap_per_capita":6028.92,"population":420054},"geometry":{"type":"Polygon","coordinates":[[[-89.6999,30.454],[-89.5445,30.5169],[-89.3414,30.6477],[-89.138,30.9099],[-88.8845,30.7356],[-88.4125,30.7356],[-88.4039,30.5434],[-88.4099,30.3421],[-88.4719,30.32],[-88.5819,30.3311],[-88.6638,30.3621],[-88.7469,30.3476],[-88.8188,30.3606],[-88.9712,30.3908],[-89.1868,30.3312],[-89.307,30.304],[-89.4246,30.2454],[-89.4758,30.1916],[-89.6077,30.2171],[-89.6785,30.414],[-89.6999,30.454]]]}},{"type":"Feature","properties":{"cbsa":"33620","name":"Moberly, MO","is_metro":false,"region":"Midwest","tax_per_capita":1803.99,"spend_per_capita":4993.38,"gap_per_capita":3189.39,"population":24626},"geometry":{"type":"Polygon","coordinates":[[[-92.6976,39.5907],[-92.6921,39.6103],[-92.3009,39.6053],[-92.31,39.3478],[-92.3145,39.2465],[-92.4302,39.2488],[-92.7074,39.3216],[-92.6976,39.5907]]]}},{"type":"Feature","properties":{"cbsa":"29940","name":"Lawrence, KS","is_metro":true,"region":"Midwest","tax_per_capita":2110.22,"spend_per_capita":7217.31,"gap_per_capita":5107.09,"population":120007},"geometry":{"type":"Polygon","coordinates":[[[-95.5007,38.8698],[-95.4307,39.0693],[-95.3451,39.0322],[-95.1862,38.9645],[-95.0563,38.9821],[-95.5007,38.7388],[-95.5007,38.8698]]]}},{"type":"Feature","properties":{"cbsa":"11940","name":"Athens, TN","is_metro":false,"region":"South","tax_per_capita":693.58,"spend_per_capita":2709.93,"gap_per_capita":2016.35,"population":67953},"geometry":{"type":"Polygon","coordinates":[[[-85.0167,35.4091],[-84.9121,35.4427],[-84.874,35.5502],[-84.7818,35.6739],[-84.7239,35.7529],[-84.6199,35.6447],[-84.5669,35.6298],[-84.4092,35.3984],[-84.4955,35.2855],[-84.7036,35.241],[-84.8602,35.3501],[-84.9463,35.2877],[-85.0167,35.4091]]]}},{"type":"Feature","properties":{"cbsa":"20060","name":"Douglas, GA","is_metro":false,"region":"South","tax_per_capita":1219.39,"spend_per_capita":4278.13,"gap_per_capita":3058.75,"population":51407},"geometry":{"type":"Polygon","coordinates":[[[-83.1456,31.4723],[-83.0588,31.6112],[-82.9957,31.781],[-82.8364,31.8162],[-82.6273,31.6727],[-82.5975,31.4693],[-82.629,31.3639],[-82.6992,31.2781],[-82.9712,31.184],[-83.0335,31.275],[-83.1456,31.4723]]]}},{"type":"Feature","properties":{"cbsa":"38940","name":"Port St. Lucie, FL","is_metro":true,"region":"South","tax_per_capita":2290.05,"spend_per_capita":4481.53,"gap_per_capita":2191.48,"population":520873},"geometry":{"type":"Polygon","coordinates":[[[-80.6774,27.1216],[-80.6797,27.5587],[-80.2537,27.3798],[-80.1534,27.1693],[-80.1168,27.0724],[-80.142,26.9566],[-80.8856,26.9589],[-80.6774,27.1216]]]}},{"type":"Feature","properties":{"cbsa":"39040","name":"Port Townsend, WA","is_metro":false,"region":"West","tax_per_capita":2234.64,"spend_per_capita":8316.2,"gap_per_capita":6081.56,"population":33570},"geometry":{"type":"Polygon","coordinates":[[[-124.6131,47.8806],[-122.9492,47.8668],[-122.897,48.0652],[-122.8332,48.1344],[-122.6985,48.1031],[-122.7013,47.973],[-122.6341,47.923],[-122.722,47.7877],[-122.9506,47.6063],[-123.5059,47.5177],[-124.0465,47.5337],[-124.356,47.5457],[-124.4717,47.7669],[-124.6131,47.8806]]]}},{"type":"Feature","properties":{"cbsa":"48620","name":"Wichita, KS","is_metro":true,"region":"Midwest","tax_per_capita":1527.37,"spend_per_capita":4635.08,"gap_per_capita":3107.7,"population":649687},"geometry":{"type":"Polygon","coordinates":[[[-97.8078,37.7339],[-97.702,37.9113],[-97.3718,38.1737],[-97.1529,38.0877],[-96.5228,38.0864],[-96.5257,37.4764],[-97.1477,36.999],[-97.4623,36.9988],[-97.8023,36.9987],[-97.8071,37.3863],[-97.8078,37.7339]]]}},{"type":"Feature","properties":{"cbsa":"32460","name":"Mayfield, KY","is_metro":false,"region":"South","tax_per_capita":881.16,"spend_per_capita":2900.12,"gap_per_capita":2018.96,"population":36493},"geometry":{"type":"Polygon","coordinates":[[[-88.8194,36.75],[-88.8129,36.9469],[-88.4857,36.7503],[-88.5119,36.5015],[-88.8168,36.502],[-88.8194,36.75]]]}},{"type":"Feature","properties":{"cbsa":"48780","name":"Williston, ND","is_metro":false,"region":"Midwest","tax_per_capita":3194.02,"spend_per_capita":7665.44,"gap_per_capita":4471.42,"population":37966},"geometry":{"type":"Polygon","coordinates":[[[-104.0481,48.6339],[-102.8858,48.6333],[-102.8859,48.3727],[-102.8285,48.1237],[-103.2019,48.1352],[-103.2884,48.0401],[-103.4851,48.0067],[-103.5486,48.0877],[-103.7422,48.0934],[-103.7844,48.0595],[-103.8563,48.0151],[-104.0441,47.9961],[-104.0457,48.2414],[-104.0476,48.4941],[-104.0481,48.6339]]]}},{"type":"Feature","properties":{"cbsa":"49620","name":"York-Hanover, PA","is_metro":true,"region":"Northeast","tax_per_capita":2286.02,"spend_per_capita":4882.25,"gap_per_capita":2596.24,"population":461049},"geometry":{"type":"Polygon","coordinates":[[[-77.0288,40.1478],[-76.9029,40.2246],[-76.7527,40.1758],[-76.6638,40.0632],[-76.5349,40.0514],[-76.2397,39.7216],[-76.5694,39.7215],[-76.7158,39.7214],[-76.9911,39.7201],[-77.0003,39.8312],[-76.9662,39.9352],[-77.1374,40.0699],[-77.0288,40.1478]]]}},{"type":"Feature","properties":{"cbsa":"12300","name":"Augusta-Waterville, ME","is_metro":false,"region":"Northeast","tax_per_capita":1956.65,"spend_per_capita":3697.29,"gap_per_capita":1740.64,"population":126535},"geometry":{"type":"Polygon","coordinates":[[[-70.1294,44.4872],[-70.0402,44.5887],[-69.8185,44.5815],[-69.6655,44.5864],[-69.6331,44.7004],[-69.4717,44.6929],[-69.4168,44.5511],[-69.396,44.4571],[-69.5064,44.3429],[-69.6502,44.2796],[-69.6567,44.1224],[-69.7636,44.1532],[-69.8978,44.1077],[-70.0263,44.1338],[-70.0605,44.1918],[-70.1294,44.4872]]]}},{"type":"Feature","properties":{"cbsa":"42340","name":"Savannah, GA","is_metro":true,"region":"South","tax_per_capita":2771.1,"spend_per_capita":7173.69,"gap_per_capita":4402.59,"population":418277},"geometry":{"type":"Polygon","coordinates":[[[-81.7809,32.1529],[-81.4351,32.2594],[-81.5349,32.3936],[-81.5282,32.5149],[-81.3288,32.5612],[-81.2749,32.5442],[-81.1949,32.4115],[-81.133,32.3348],[-81.1535,32.2377],[-81.1194,32.1771],[-81.0383,32.0845],[-80.9432,32.0578],[-80.8431,32.0242],[-80.9112,31.9438],[-81.0003,31.8567],[-81.0771,31.7613],[-81.1353,31.7106],[-81.2599,31.7538],[-81.4077,31.9443],[-81.5933,31.9712],[-81.6927,32.0883],[-81.7563,32.1046],[-81.7809,32.1529]]]}},{"type":"Feature","properties":{"cbsa":"34820","name":"Myrtle Beach-Conway-North Myrtle Beach, SC","is_metro":true,"region":"South","tax_per_capita":2509.75,"spend_per_capita":3946.55,"gap_per_capita":1436.8,"population":383147},"geometry":{"type":"Polygon","coordinates":[[[-79.3391,33.9697],[-79.2476,34.0573],[-79.1267,34.2354],[-79.0861,34.295],[-79.0712,34.2993],[-78.8117,34.081],[-78.6159,33.9155],[-78.6723,33.8176],[-78.8629,33.7057],[-78.9951,33.5727],[-79.1377,33.6641],[-79.2603,33.8149],[-79.3124,33.945],[-79.3391,33.9697]]]}},{"type":"Feature","properties":{"cbsa":"29020","name":"Kokomo, IN","is_metro":true,"region":"Midwest","tax_per_capita":1476.5,"spend_per_capita":3810.83,"gap_per_capita":2334.33,"population":83546},"geometry":{"type":"Polygon","coordinates":[[[-86.3744,40.5614],[-86.165,40.5626],[-85.8621,40.4069],[-86.243,40.3737],[-86.3092,40.4317],[-86.3744,40.5614]]]}},{"type":"Feature","properties":{"cbsa":"34580","name":"Mount Vernon-Anacortes, WA","is_metro":true,"region":"West","tax_per_capita":2390.73,"spend_per_capita":11522.17,"gap_per_capita":9131.43,"population":131322},"geometry":{"type":"Polygon","coordinates":[[[-122.6891,48.4768],[-122.6426,48.5883],[-122.6211,48.6279],[-121.5641,48.6423],[-120.7519,48.657],[-120.6885,48.5757],[-120.8239,48.545],[-121.0716,48.3178],[-121.5775,48.299],[-122.4586,48.2977],[-122.667,48.4125],[-122.6891,48.4768]]]}},{"type":"Feature","properties":{"cbsa":"21060","name":"Elizabethtown, KY","is_metro":true,"region":"South","tax_per_capita":1129.26,"spend_per_capita":2978.79,"gap_per_capita":1849.53,"population":126893},"geometry":{"type":"Polygon","coordinates":[[[-86.1513,37.7989],[-85.9759,37.8758],[-85.976,38.0036],[-85.9383,37.9988],[-85.8382,37.8793],[-85.7363,37.781],[-85.5921,37.6935],[-85.5213,37.5543],[-85.4663,37.4656],[-85.5835,37.4699],[-85.6573,37.422],[-86.0476,37.4499],[-86.2753,37.5935],[-86.1513,37.7989]]]}},{"type":"Feature","properties":{"cbsa":"28900","name":"Klamath Falls, OR","is_metro":false,"region":"West","tax_per_capita":1308.58,"spend_per_capita":5036.71,"gap_per_capita":3728.14,"population":70190},"geometry":{"type":"Polygon","coordinates":[[[-122.2897,42.0078],[-122.2847,42.4745],[-122.2826,43.0677],[-122.0396,43.2141],[-122.0104,43.3447],[-122.131,43.5573],[-121.333,43.6166],[-121.3497,42.7466],[-120.8799,41.9935],[-121.2511,41.9976],[-121.4475,41.9972],[-121.8467,42.0031],[-122.2895,42.0078],[-122.2897,42.0078]]]}},{"type":"Feature","properties":{"cbsa":"10660","name":"Albert Lea, MN","is_metro":false,"region":"Midwest","tax_per_capita":1746.34,"spend_per_capita":5555.45,"gap_per_capita":3809.11,"population":30683},"geometry":{"type":"Polygon","coordinates":[[[-93.6483,43.8481],[-93.0495,43.8484],[-93.2289,43.4996],[-93.5767,43.4995],[-93.6483,43.8481]]]}},{"type":"Feature","properties":{"cbsa":"24220","name":"Grand Forks, ND-MN","is_metro":true,"region":"Midwest","tax_per_capita":1750.75,"spend_per_capita":5710.97,"gap_per_capita":3960.22,"population":103146},"geometry":{"type":"Polygon","coordinates":[[[-97.9033,48.1948],[-97.1458,48.1732],[-96.5009,48.0217],[-96.4821,47.8474],[-96.3517,47.7603],[-95.8368,47.8482],[-95.7096,47.9358],[-95.5788,47.6737],[-95.5542,47.4999],[-96.856,47.4992],[-96.8824,47.649],[-97.4727,47.6721],[-97.8821,48.0208],[-97.9033,48.1948]]]}},{"type":"Feature","properties":{"cbsa":"10480","name":"Alamosa, CO","is_metro":false,"region":"West","tax_per_capita":2134.44,"spend_per_capita":7365.97,"gap_per_capita":5231.53,"population":27789},"geometry":{"type":"Polygon","coordinates":[[[-106.6784,37.4036],[-106.0384,37.7484],[-105.5018,37.5976],[-105.2956,37.6544],[-105.1542,37.2931],[-105.2205,36.9956],[-105.4193,36.9959],[-105.7165,36.9958],[-105.9975,36.9954],[-106.3431,36.9942],[-106.5892,37.1402],[-106.6784,37.2286],[-106.6784,37.4036]]]}},{"type":"Feature","properties":{"cbsa":"29620","name":"Lansing-East Lansing, MI","is_metro":true,"region":"Midwest","tax_per_capita":1669.55,"spend_per_capita":5753.92,"gap_per_capita":4084.37,"population":471983},"geometry":{"type":"Polygon","coordinates":[[[-85.0742,42.7708],[-84.8371,42.7705],[-84.3678,43.1179],[-84.1582,42.7766],[-84.6004,42.422],[-85.0649,42.4215],[-85.0738,42.5092],[-85.0742,42.7708]]]}},{"type":"Feature","properties":{"cbsa":"18020","name":"Columbus, IN","is_metro":true,"region":"Midwest","tax_per_capita":1785.7,"spend_per_capita":8868.8,"gap_per_capita":7083.1,"population":83394},"geometry":{"type":"Polygon","coordinates":[[[-86.0856,39.3442],[-85.6845,39.35],[-85.7711,39.1292],[-85.7988,39.0685],[-86.0803,39.0503],[-86.0856,39.3442]]]}},{"type":"Feature","properties":{"cbsa":"36380","name":"Okeechobee, FL","is_metro":false,"region":"South","tax_per_capita":1506.63,"spend_per_capita":3916.85,"gap_per_capita":2410.22,"population":40373},"geometry":{"type":"Polygon","coordinates":[[[-81.1405,27.6013],[-80.8731,27.6423],[-80.7772,27.5587],[-80.6779,27.206],[-80.8856,26.9589],[-80.9407,27.2059],[-80.9706,27.2175],[-81.1252,27.3936],[-81.2142,27.5291],[-81.1405,27.6013]]]}},{"type":"Feature","properties":{"cbsa":"24940","name":"Greenwood, SC","is_metro":false,"region":"South","tax_per_capita":1317.68,"spend_per_capita":7244.23,"gap_per_capita":5926.55,"population":93561},"geometry":{"type":"Polygon","coordinates":[[[-82.736,34.2155],[-82.3114,34.4676],[-82.1689,34.3302],[-81.945,34.2031],[-81.8701,34.1354],[-82.0083,33.9616],[-82.0451,33.9834],[-82.2437,34.0179],[-82.3269,34.0641],[-82.595,34.0135],[-82.7154,34.1482],[-82.736,34.2155]]]}},{"type":"Feature","properties":{"cbsa":"20220","name":"Dubuque, IA","is_metro":true,"region":"Midwest","tax_per_capita":2064.3,"spend_per_capita":4660.42,"gap_per_capita":2596.12,"population":98715},"geometry":{"type":"Polygon","coordinates":[[[-91.1328,42.6458],[-90.897,42.6743],[-90.7437,42.6456],[-90.6727,42.5766],[-90.6467,42.4719],[-90.5652,42.4387],[-90.4843,42.3816],[-90.6656,42.2947],[-91.1301,42.2958],[-91.1328,42.6458]]]}},{"type":"Feature","properties":{"cbsa":"44220","name":"Springfield, OH","is_metro":true,"region":"Midwest","tax_per_capita":1303.64,"spend_per_capita":4778.47,"gap_per_capita":3474.83,"population":134732},"geometry":{"type":"Polygon","coordinates":[[[-84.051,39.8798],[-83.5161,40.0108],[-83.6472,39.773],[-83.7409,39.7815],[-83.8274,39.8227],[-83.9398,39.8434],[-84.051,39.8798]]]}},{"type":"Feature","properties":{"cbsa":"39860","name":"Red Wing, MN","is_metro":false,"region":"Midwest","tax_per_capita":2380.38,"spend_per_capita":6231.7,"gap_per_capita":3851.31,"population":48041},"geometry":{"type":"Polygon","coordinates":[[[-93.0398,44.4286],[-93.0393,44.5153],[-92.7926,44.6297],[-92.7316,44.7149],[-92.618,44.6129],[-92.3993,44.5583],[-92.3169,44.5393],[-92.291,44.4855],[-92.4303,44.4553],[-92.5507,44.3685],[-92.6787,44.1955],[-93.0398,44.4286]]]}},{"type":"Feature","properties":{"cbsa":"28100","name":"Kankakee, IL","is_metro":true,"region":"Midwest","tax_per_capita":2002.59,"spend_per_capita":5544.53,"gap_per_capita":3541.93,"population":105998},"geometry":{"type":"Polygon","coordinates":[[[-88.2515,41.1142],[-88.2441,41.2016],[-88.0139,41.2924],[-87.7817,41.2959],[-87.5266,41.1661],[-87.5265,41.0103],[-88.2473,40.9946],[-88.2515,41.1142]]]}},{"type":"Feature","properties":{"cbsa":"43060","name":"Shawnee, OK","is_metro":false,"region":"South","tax_per_capita":1210.18,"spend_per_capita":3190.94,"gap_per_capita":1980.76,"population":73351},"geometry":{"type":"Polygon","coordinates":[[[-97.1421,35.3769],[-96.6247,35.4627],[-96.7764,35.4115],[-96.8135,34.9446],[-96.9306,34.9644],[-97.1423,34.9282],[-97.1421,35.3769]]]}},{"type":"Feature","properties":{"cbsa":"38700","name":"Pontiac, IL","is_metro":false,"region":"Midwest","tax_per_capita":2327.14,"spend_per_capita":6358.73,"gap_per_capita":4031.59,"population":35517},"geometry":{"type":"Polygon","coordinates":[[[-88.9309,41.1059],[-88.5846,41.1083],[-88.2473,40.9946],[-88.4595,40.6173],[-88.5843,40.7576],[-88.9314,40.9277],[-88.9309,41.1059]]]}},{"type":"Feature","properties":{"cbsa":"44260","name":"Starkville, MS","is_metro":false,"region":"South","tax_per_capita":1186.75,"spend_per_capita":3832.39,"gap_per_capita":2645.64,"population":61328},"geometry":{"type":"Polygon","coordinates":[[[-89.5071,33.7218],[-89.1918,33.7386],[-89.0349,33.6547],[-89.0186,33.5621],[-88.6713,33.5062],[-88.8131,33.2864],[-89.0883,33.286],[-89.2611,33.5186],[-89.5065,33.4598],[-89.5071,33.7218]]]}},{"type":"Feature","properties":{"cbsa":"18980","name":"Cullman, AL","is_metro":false,"region":"South","tax_per_capita":1052.88,"spend_per_capita":3535.42,"gap_per_capita":2482.55,"population":90663},"geometry":{"type":"Polygon","coordinates":[[[-87.112,33.9924],[-87.1101,34.3138],[-86.4775,34.3028],[-86.5149,34.2544],[-86.7042,34.0815],[-86.7939,33.9521],[-86.9634,33.8582],[-87.151,33.9932],[-87.112,33.9924]]]}},{"type":"Feature","properties":{"cbsa":"26220","name":"Hood River, OR","is_metro":false,"region":"West","tax_per_capita":1919.87,"spend_per_capita":6570.5,"gap_per_capita":4650.63,"population":24035},"geometry":{"type":"Polygon","coordinates":[[[-121.9237,45.6543],[-121.8672,45.6933],[-121.7351,45.694],[-121.5331,45.7265],[-121.4407,45.6991],[-121.4819,45.2581],[-121.6969,45.3736],[-121.8647,45.5045],[-121.9237,45.6543]]]}},{"type":"Feature","properties":{"cbsa":"37460","name":"Panama City-Panama City Beach, FL","is_metro":true,"region":"South","tax_per_capita":2086.33,"spend_per_capita":5188.59,"gap_per_capita":3102.26,"population":210615},"geometry":{"type":"Polygon","coordinates":[[[-85.9927,30.3893],[-85.9153,30.6364],[-85.8216,30.7908],[-85.619,30.7439],[-85.4823,30.8295],[-85.4348,30.5676],[-85.3897,30.201],[-85.426,29.9499],[-85.5719,30.0264],[-85.6968,30.0969],[-85.9959,30.2688],[-85.9927,30.3893]]]}},{"type":"Feature","properties":{"cbsa":"10860","name":"Alice, TX","is_metro":false,"region":"South","tax_per_capita":1689.51,"spend_per_capita":4690.1,"gap_per_capita":3000.59,"population":45631},"geometry":{"type":"Polygon","coordinates":[[[-98.5233,27.2651],[-98.2355,28.058],[-97.8014,28.0384],[-97.9343,27.8852],[-98.0595,27.6359],[-97.9861,27.2605],[-97.9855,26.7809],[-98.4226,26.7835],[-98.4665,27.0547],[-98.5233,27.2651]]]}},{"type":"Feature","properties":{"cbsa":"27380","name":"Jacksonville, TX","is_metro":false,"region":"South","tax_per_capita":1189.73,"spend_per_capita":3584.15,"gap_per_capita":2394.42,"population":51432},"geometry":{"type":"Polygon","coordinates":[[[-95.4599,32.1356],[-94.9848,31.8461],[-94.9781,31.7933],[-94.8659,31.5269],[-95.1014,31.4699],[-95.1685,31.5837],[-95.2589,31.61],[-95.3965,31.7653],[-95.4467,31.8431],[-95.4464,31.9985],[-95.4599,32.1356]]]}},{"type":"Feature","properties":{"cbsa":"11900","name":"Athens, OH","is_metro":false,"region":"Midwest","tax_per_capita":1560.88,"spend_per_capita":4324.67,"gap_per_capita":2763.79,"population":60881},"geometry":{"type":"Polygon","coordinates":[[[-82.2804,39.4729],[-82.1592,39.5566],[-82.0558,39.4601],[-81.8537,39.3182],[-81.7218,39.2696],[-81.7528,39.1847],[-82.2686,39.2038],[-82.2897,39.3842],[-82.2804,39.4729]]]}},{"type":"Feature","properties":{"cbsa":"25940","name":"Hilton Head Island-Bluffton-Port Royal, SC","is_metro":true,"region":"South","tax_per_capita":3000.07,"spend_per_capita":5012.46,"gap_per_capita":2012.39,"population":228133},"geometry":{"type":"Polygon","coordinates":[[[-81.2842,32.5471],[-80.9024,32.6216],[-80.8263,32.7043],[-80.6831,32.6524],[-80.5515,32.5658],[-80.4846,32.461],[-80.4343,32.3752],[-80.5394,32.287],[-80.6448,32.2915],[-80.766,32.2926],[-80.6692,32.2168],[-80.8125,32.1097],[-80.8674,32.0785],[-80.9432,32.0578],[-81.0383,32.0845],[-81.1194,32.1771],[-81.1535,32.2377],[-81.133,32.3348],[-81.1949,32.4115],[-81.2749,32.5442],[-81.2842,32.5471]]]}},{"type":"Feature","properties":{"cbsa":"17140","name":"Cincinnati, OH-KY-IN","is_metro":true,"region":"Multi-region","tax_per_capita":2394.82,"spend_per_capita":4839.92,"gap_per_capita":2445.1,"population":2258625},"geometry":{"type":"Polygon","coordinates":[[[-85.2981,39.5255],[-85.0073,39.5243],[-84.8157,39.5677],[-84.4792,39.591],[-84.2862,39.5896],[-83.977,39.5694],[-83.9899,39.2541],[-83.8722,39.0213],[-83.7059,38.638],[-83.7836,38.6956],[-83.8521,38.7514],[-83.9916,38.5937],[-84.162,38.5541],[-84.2053,38.582],[-84.4486,38.5294],[-84.4853,38.5086],[-84.5805,38.473],[-84.7858,38.7205],[-84.9345,38.6621],[-85.0211,38.7585],[-84.8569,38.7902],[-84.8032,38.8507],[-84.7864,38.8822],[-84.8643,38.9138],[-85.1403,38.9032],[-85.1325,38.9481],[-85.2179,39.3085],[-85.2976,39.4533],[-85.2981,39.5255]]]}},{"type":"Feature","properties":{"cbsa":"15340","name":"Bucyrus, OH","is_metro":false,"region":"Midwest","tax_per_capita":1902.43,"spend_per_capita":4535.84,"gap_per_capita":2633.4,"population":41509},"geometry":{"type":"Polygon","coordinates":[[[-83.1127,40.9934],[-82.8295,40.9966],[-82.7272,40.7112],[-82.8583,40.705],[-83.1127,40.9934]]]}},{"type":"Feature","properties":{"cbsa":"42380","name":"Sayre, PA","is_metro":false,"region":"Northeast","tax_per_capita":1609.88,"spend_per_capita":5801.8,"gap_per_capita":4191.92,"population":59854},"geometry":{"type":"Polygon","coordinates":[[[-76.9269,42.0007],[-76.5577,42.0001],[-76.1455,41.9989],[-76.198,41.6478],[-76.8137,41.59],[-76.9269,42.0007]]]}},{"type":"Feature","properties":{"cbsa":"38460","name":"Plattsburgh, NY","is_metro":false,"region":"Northeast","tax_per_capita":3308.71,"spend_per_capita":7176.31,"gap_per_capita":3867.6,"population":78037},"geometry":{"type":"Polygon","coordinates":[[[-74.0274,44.9974],[-73.6397,45.0035],[-73.3447,44.9705],[-73.3798,44.857],[-73.3344,44.8022],[-73.3656,44.7003],[-73.3673,44.5675],[-73.348,44.5462],[-73.4966,44.4861],[-73.9097,44.4297],[-73.9864,44.7078],[-74.0274,44.9974]]]}},{"type":"Feature","properties":{"cbsa":"47020","name":"Victoria, TX","is_metro":true,"region":"South","tax_per_capita":2148.0,"spend_per_capita":6405.8,"gap_per_capita":4257.8,"population":98194},"geometry":{"type":"Polygon","coordinates":[[[-97.7785,28.668],[-97.4173,28.9252],[-96.9764,29.104],[-96.8321,29.0213],[-96.7115,28.8514],[-96.8538,28.6352],[-96.891,28.5072],[-97.0485,28.55],[-97.3756,28.3887],[-97.5585,28.5141],[-97.7785,28.668]]]}},{"type":"Feature","properties":{"cbsa":"21120","name":"Elk City, OK","is_metro":false,"region":"South","tax_per_capita":1697.9,"spend_per_capita":4846.38,"gap_per_capita":3148.48,"population":21976},"geometry":{"type":"Polygon","coordinates":[[[-100.0004,35.4224],[-99.5757,35.5089],[-99.3642,35.4653],[-99.4043,35.1169],[-99.7827,35.1169],[-99.8884,35.0299],[-100.0004,35.1827],[-100.0004,35.4224]]]}},{"type":"Feature","properties":{"cbsa":"37500","name":"Paragould, AR","is_metro":false,"region":"South","tax_per_capita":700.78,"spend_per_capita":3263.04,"gap_per_capita":2562.25,"population":46408},"geometry":{"type":"Polygon","coordinates":[[[-90.8192,36.0804],[-90.8098,36.1497],[-90.3196,36.2591],[-90.1891,36.199],[-90.2356,36.1395],[-90.3393,36.0471],[-90.3873,35.9647],[-90.8192,36.0804]]]}},{"type":"Feature","properties":{"cbsa":"26460","name":"Hudson, NY","is_metro":false,"region":"Northeast","tax_per_capita":4397.75,"spend_per_capita":6875.35,"gap_per_capita":2477.6,"population":61108},"geometry":{"type":"Polygon","coordinates":[[[-73.9107,42.1273],[-73.7837,42.4642],[-73.5081,42.0863],[-73.5271,41.978],[-73.9296,42.0788],[-73.9107,42.1273]]]}},{"type":"Feature","properties":{"cbsa":"30580","name":"Liberal, KS","is_metro":false,"region":"Midwest","tax_per_capita":2352.96,"spend_per_capita":11308.27,"gap_per_capita":8955.31,"population":21345},"geometry":{"type":"Polygon","coordinates":[[[-101.0681,37.3878],[-100.6527,37.3876],[-100.6339,37.3812],[-100.6333,37.0002],[-100.8556,36.9986],[-100.9455,36.9982],[-101.0665,36.9977],[-101.0681,37.3878]]]}},{"type":"Feature","properties":{"cbsa":"41140","name":"St. Joseph, MO-KS","is_metro":true,"region":"Midwest","tax_per_capita":1916.02,"spend_per_capita":4070.26,"gap_per_capita":2154.24,"population":119692},"geometry":{"type":"Polygon","coordinates":[[[-95.3399,40.0],[-95.2311,39.9438],[-95.0815,39.8617],[-94.9934,39.8986],[-95.0607,40.0699],[-94.6059,40.1261],[-94.2188,40.0349],[-94.2058,39.789],[-94.6023,39.7472],[-95.0914,39.5333],[-95.0767,39.5768],[-95.0441,39.6137],[-95.3397,39.653],[-95.3399,40.0]]]}},{"type":"Feature","properties":{"cbsa":"28680","name":"Kingsland, GA","is_metro":false,"region":"South","tax_per_capita":1793.46,"spend_per_capita":3646.66,"gap_per_capita":1853.21,"population":56971},"geometry":{"type":"Polygon","coordinates":[[[-81.9367,31.0608],[-81.7662,31.1697],[-81.5626,31.1303],[-81.4125,30.9908],[-81.4052,30.9082],[-81.4601,30.7699],[-81.5072,30.7229],[-81.5617,30.7156],[-81.6683,30.7446],[-81.7634,30.7738],[-81.8686,30.7928],[-81.906,30.8214],[-81.936,31.048],[-81.9367,31.0608]]]}},{"type":"Feature","properties":{"cbsa":"29900","name":"Laurinburg, NC","is_metro":false,"region":"South","tax_per_capita":1224.08,"spend_per_capita":4269.43,"gap_per_capita":3045.36,"population":34350},"geometry":{"type":"Polygon","coordinates":[[[-79.6929,34.805],[-79.6243,34.8554],[-79.5734,34.9922],[-79.3531,34.9442],[-79.331,34.7744],[-79.6753,34.8047],[-79.6929,34.805]]]}},{"type":"Feature","properties":{"cbsa":"47080","name":"Vidalia, GA","is_metro":false,"region":"South","tax_per_capita":1366.14,"spend_per_capita":9648.89,"gap_per_capita":8282.74,"population":35456},"geometry":{"type":"Polygon","coordinates":[[[-82.6491,32.3115],[-82.4091,32.3538],[-82.2328,32.3188],[-82.225,31.9131],[-82.4315,31.9662],[-82.4802,31.955],[-82.5977,32.014],[-82.6555,32.2976],[-82.6491,32.3115]]]}},{"type":"Feature","properties":{"cbsa":"33940","name":"Montrose, CO","is_metro":false,"region":"West","tax_per_capita":2399.09,"spend_per_capita":7706.28,"gap_per_capita":5307.19,"population":43807},"geometry":{"type":"Polygon","coordinates":[[[-109.06,38.5],[-108.3787,38.6681],[-107.5,38.3019],[-108.1324,38.3316],[-107.9376,38.219],[-108.9067,38.155],[-109.0418,38.1647],[-109.06,38.5]]]}},{"type":"Feature","properties":{"cbsa":"49100","name":"Winona, MN","is_metro":false,"region":"Midwest","tax_per_capita":1189.94,"spend_per_capita":4211.93,"gap_per_capita":3021.99,"population":49469},"geometry":{"type":"Polygon","coordinates":[[[-92.0792,44.193],[-91.8173,44.1642],[-91.6479,44.0641],[-91.5592,44.0242],[-91.4236,43.9843],[-91.291,43.8527],[-91.7304,43.8469],[-92.0795,44.1067],[-92.0792,44.193]]]}},{"type":"Feature","properties":{"cbsa":"32180","name":"Marshall, MO","is_metro":false,"region":"Midwest","tax_per_capita":1524.89,"spend_per_capita":3701.08,"gap_per_capita":2176.19,"population":23003},"geometry":{"type":"Polygon","coordinates":[[[-93.4772,39.2928],[-93.3333,39.25],[-93.2301,39.3279],[-93.1045,39.3837],[-92.9598,39.3125],[-92.8492,39.2262],[-92.9346,39.0645],[-93.0505,38.9282],[-93.4772,39.2928]]]}},{"type":"Feature","properties":{"cbsa":"49010","name":"Winchester, TN","is_metro":false,"region":"South","tax_per_capita":999.52,"spend_per_capita":2490.2,"gap_per_capita":1490.67,"population":44119},"geometry":{"type":"Polygon","coordinates":[[[-86.3182,35.127],[-86.2453,35.3237],[-86.158,35.3626],[-85.9136,35.2892],[-85.8633,35.2086],[-86.3113,34.9911],[-86.3182,35.127]]]}},{"type":"Feature","properties":{"cbsa":"38380","name":"Plainview, TX","is_metro":false,"region":"South","tax_per_capita":2206.32,"spend_per_capita":7278.78,"gap_per_capita":5072.46,"population":37205},"geometry":{"type":"Polygon","coordinates":[[[-102.0904,34.3131],[-101.5649,34.3125],[-101.0415,34.3124],[-101.5636,33.8305],[-102.0904,34.3131]]]}},{"type":"Feature","properties":{"cbsa":"32100","name":"Marquette, MI","is_metro":false,"region":"Midwest","tax_per_capita":1576.37,"spend_per_capita":7055.85,"gap_per_capita":5479.49,"population":66548},"geometry":{"type":"Polygon","coordinates":[[[-88.1166,46.42],[-87.9915,46.6791],[-88.0445,46.9174],[-87.7769,46.8767],[-87.5953,46.7829],[-87.503,46.6475],[-87.3668,46.5073],[-87.1164,46.5062],[-87.2415,46.1591],[-87.3678,45.9853],[-87.6156,46.2467],[-88.1166,46.42]]]}},{"type":"Feature","properties":{"cbsa":"23620","name":"Gainesville, TX","is_metro":false,"region":"South","tax_per_capita":2316.34,"spend_per_capita":5857.04,"gap_per_capita":3540.7,"population":43048},"geometry":{"type":"Polygon","coordinates":[[[-97.4841,33.9139],[-97.4442,33.8238],[-97.3182,33.8651],[-97.2061,33.9143],[-97.2057,33.8098],[-97.0911,33.7351],[-97.0786,33.8128],[-96.9856,33.8865],[-96.9523,33.9446],[-96.9439,33.4164],[-97.3831,33.4305],[-97.4871,33.4337],[-97.4841,33.9139]]]}},{"type":"Feature","properties":{"cbsa":"22660","name":"Fort Collins-Loveland, CO","is_metro":true,"region":"West","tax_per_capita":3069.02,"spend_per_capita":6498.03,"gap_per_capita":3429.01,"population":367577},"geometry":{"type":"Polygon","coordinates":[[[-106.1906,40.9977],[-105.2769,40.9982],[-104.9431,40.9034],[-104.9442,40.5081],[-104.9446,40.4073],[-104.9817,40.3492],[-105.0551,40.2618],[-105.4041,40.2578],[-105.8153,40.4215],[-105.8549,40.4863],[-105.9109,40.5664],[-106.1853,40.934],[-106.1906,40.9977]]]}},{"type":"Feature","properties":{"cbsa":"35060","name":"Natchitoches, LA","is_metro":false,"region":"South","tax_per_capita":2189.12,"spend_per_capita":7142.82,"gap_per_capita":4953.69,"population":36648},"geometry":{"type":"Polygon","coordinates":[[[-93.4412,31.8452],[-93.3555,31.9322],[-93.2385,31.9728],[-93.1871,32.1485],[-92.8722,31.9459],[-92.9735,31.7089],[-92.9083,31.6252],[-92.7189,31.5175],[-92.9815,31.3469],[-93.2366,31.3645],[-93.3376,31.5383],[-93.4417,31.7145],[-93.4412,31.8452]]]}},{"type":"Feature","properties":{"cbsa":"26740","name":"Hutchinson, KS","is_metro":false,"region":"Midwest","tax_per_capita":2169.3,"spend_per_capita":5549.76,"gap_per_capita":3380.46,"population":61552},"geometry":{"type":"Polygon","coordinates":[[[-98.4728,38.1728],[-98.2159,38.1587],[-97.7018,38.1738],[-97.6987,37.7351],[-98.4648,37.7327],[-98.4723,37.8245],[-98.4728,38.1728]]]}},{"type":"Feature","properties":{"cbsa":"46300","name":"Twin Falls, ID","is_metro":true,"region":"West","tax_per_capita":1346.16,"spend_per_capita":4291.13,"gap_per_capita":2944.97,"population":119065},"geometry":{"type":"Polygon","coordinates":[[[-115.0377,42.7684],[-114.9603,42.9149],[-114.9336,42.7669],[-114.8122,42.6644],[-114.6173,42.8398],[-114.3654,42.8508],[-114.0498,42.8084],[-113.9317,42.765],[-114.0004,42.5264],[-114.0692,42.4171],[-114.2818,41.9942],[-114.5983,41.9945],[-115.0381,41.9986],[-115.0377,42.7684]]]}},{"type":"Feature","properties":{"cbsa":"26140","name":"Homosassa Springs, FL","is_metro":true,"region":"South","tax_per_capita":1107.9,"spend_per_capita":2823.11,"gap_per_capita":1715.21,"population":162508},"geometry":{"type":"Polygon","coordinates":[[[-82.7556,29.0009],[-82.6127,29.0093],[-82.4586,29.0477],[-82.3117,28.9604],[-82.2631,28.6676],[-82.4184,28.6949],[-82.6687,28.6957],[-82.7131,28.8003],[-82.6889,28.9056],[-82.7556,29.0009]]]}},{"type":"Feature","properties":{"cbsa":"14720","name":"Breckenridge, CO","is_metro":false,"region":"West","tax_per_capita":9447.63,"spend_per_capita":14014.77,"gap_per_capita":4567.14,"population":37982},"geometry":{"type":"Polygon","coordinates":[[[-106.5613,39.1557],[-106.5024,39.2986],[-106.2838,39.3495],[-106.2516,39.465],[-106.3855,39.7672],[-106.252,39.9147],[-106.013,39.6863],[-105.776,39.6093],[-105.8176,39.5383],[-106.022,39.3617],[-106.184,39.3094],[-106.2102,39.1039],[-106.578,39.0579],[-106.5613,39.1557]]]}},{"type":"Feature","properties":{"cbsa":"11260","name":"Anchorage, AK","is_metro":true,"region":"West","tax_per_capita":2334.26,"spend_per_capita":6284.38,"gap_per_capita":3950.12,"population":400455},"geometry":{"type":"Polygon","coordinates":[[[-153.0017,62.2926],[-151.8938,62.7259],[-149.4923,63.3332],[-148.0256,63.4776],[-146.4943,63.4776],[-146.4501,62.9579],[-146.424,62.5105],[-146.9798,62.2505],[-146.9426,61.8173],[-147.2066,61.4707],[-147.7443,61.4263],[-148.4721,60.8485],[-148.7456,60.733],[-149.0341,60.8485],[-149.3594,60.9063],[-149.7172,61.0113],[-150.005,61.1386],[-150.2659,61.1274],[-150.221,61.1942],[-150.425,61.2456],[-150.6799,61.2659],[-150.9393,61.2103],[-150.974,61.2529],[-151.3328,61.4262],[-153.0017,61.4262],[-153.0017,62.2926]]]}},{"type":"Feature","properties":{"cbsa":"48060","name":"Watertown-Fort Drum, NY","is_metro":true,"region":"Northeast","tax_per_capita":2858.95,"spend_per_capita":6731.1,"gap_per_capita":3872.16,"population":115461},"geometry":{"type":"Polygon","coordinates":[[[-76.4121,43.9257],[-76.3077,44.0253],[-76.3618,44.0727],[-76.3557,44.1333],[-76.2865,44.2038],[-76.1643,44.2396],[-76.0974,44.2995],[-75.9803,44.3482],[-75.8613,44.4051],[-75.548,44.1017],[-75.5431,43.968],[-75.7586,43.8788],[-75.8509,43.7919],[-75.7738,43.6888],[-76.022,43.6681],[-76.2132,43.7535],[-76.2968,43.8571],[-76.4418,43.8829],[-76.4121,43.9257]]]}},{"type":"Feature","properties":{"cbsa":"22300","name":"Findlay, OH","is_metro":false,"region":"Midwest","tax_per_capita":2071.05,"spend_per_capita":4232.5,"gap_per_capita":2161.45,"population":74774},"geometry":{"type":"Polygon","coordinates":[[[-83.8811,41.1678],[-83.4203,40.9919],[-83.5147,40.9051],[-83.8801,40.8199],[-83.8811,41.1678]]]}},{"type":"Feature","properties":{"cbsa":"38920","name":"Port Lavaca, TX","is_metro":false,"region":"South","tax_per_capita":3986.23,"spend_per_capita":10402.19,"gap_per_capita":6415.96,"population":19682},"geometry":{"type":"Polygon","coordinates":[[[-96.9304,28.5867],[-96.6434,28.7121],[-96.3995,28.7302],[-96.3235,28.6756],[-96.3785,28.3899],[-96.4428,28.3177],[-96.7196,28.1646],[-96.8521,28.0598],[-96.7905,28.3192],[-96.8135,28.4303],[-96.9304,28.5867]]]}},{"type":"Feature","properties":{"cbsa":"21980","name":"Fallon, NV","is_metro":false,"region":"West","tax_per_capita":875.49,"spend_per_capita":5668.62,"gap_per_capita":4793.12,"population":25798},"geometry":{"type":"Polygon","coordinates":[[[-119.2252,39.9994],[-117.5417,40.001],[-117.4953,39.7484],[-117.4852,39.5456],[-117.6564,39.468],[-117.7598,39.3692],[-117.8062,39.1458],[-117.8651,39.0737],[-118.7551,39.0747],[-118.7922,39.1415],[-118.9091,39.2346],[-119.0586,39.7371],[-119.1706,39.6805],[-119.2252,39.9994]]]}},{"type":"Feature","properties":{"cbsa":"16140","name":"Carroll, IA","is_metro":false,"region":"Midwest","tax_per_capita":2175.31,"spend_per_capita":6736.38,"gap_per_capita":4561.07,"population":20541},"geometry":{"type":"Polygon","coordinates":[[[-95.0909,42.2104],[-94.8584,42.2097],[-94.6288,42.2094],[-94.6287,41.8628],[-94.7449,41.8624],[-95.0929,41.8634],[-95.0909,42.2104]]]}},{"type":"Feature","properties":{"cbsa":"40980","name":"Saginaw, MI","is_metro":true,"region":"Midwest","tax_per_capita":1144.11,"spend_per_capita":4997.55,"gap_per_capita":3853.44,"population":188373},"geometry":{"type":"Polygon","coordinates":[[[-84.3699,43.466],[-84.1681,43.5689],[-84.051,43.5241],[-83.8177,43.4791],[-83.6958,43.2656],[-83.9321,43.2204],[-84.3679,43.1285],[-84.3699,43.466]]]}},{"type":"Feature","properties":{"cbsa":"42900","name":"Seneca Falls, NY","is_metro":false,"region":"Northeast","tax_per_capita":1631.56,"spend_per_capita":4641.44,"gap_per_capita":3009.88,"population":32586},"geometry":{"type":"Polygon","coordinates":[[[-76.9813,42.8612],[-76.7138,43.024],[-76.7316,42.7207],[-76.586,42.5499],[-76.8956,42.5415],[-76.9476,42.7592],[-76.9813,42.8612]]]}},{"type":"Feature","properties":{"cbsa":"46860","name":"Vernal, UT","is_metro":false,"region":"West","tax_per_capita":1872.25,"spend_per_capita":4609.99,"gap_per_capita":2737.74,"population":37104},"geometry":{"type":"Polygon","coordinates":[[[-110.0381,39.5666],[-109.9915,39.7394],[-109.9768,39.8062],[-109.87,40.764],[-109.5163,40.7548],[-109.3945,40.791],[-109.2022,40.8584],[-109.1634,40.786],[-109.0483,40.6626],[-109.0507,40.2227],[-109.0506,39.875],[-109.0511,39.4977],[-109.9533,39.4618],[-110.0381,39.5666]]]}},{"type":"Feature","properties":{"cbsa":"20340","name":"Duncan, OK","is_metro":false,"region":"South","tax_per_capita":1157.24,"spend_per_capita":3378.87,"gap_per_capita":2221.64,"population":43616},"geometry":{"type":"Polygon","coordinates":[[[-98.1418,34.6812],[-97.6685,34.6813],[-97.5623,34.507],[-98.1392,34.2898],[-98.1421,34.507],[-98.1418,34.6812]]]}},{"type":"Feature","properties":{"cbsa":"35580","name":"New Ulm, MN","is_metro":false,"region":"Midwest","tax_per_capita":1655.89,"spend_per_capita":6689.04,"gap_per_capita":5033.15,"population":25762},"geometry":{"type":"Polygon","coordinates":[[[-95.1075,44.2818],[-94.8662,44.3402],[-94.8149,44.4845],[-94.6661,44.394],[-94.3717,44.2644],[-94.7383,44.1089],[-95.1002,44.108],[-95.1075,44.2818]]]}},{"type":"Feature","properties":{"cbsa":"19540","name":"Decatur, IN","is_metro":false,"region":"Midwest","tax_per_capita":959.2,"spend_per_capita":5540.93,"gap_per_capita":4581.73,"population":36151},"geometry":{"type":"Polygon","coordinates":[[[-85.0739,40.9178],[-84.8027,40.9226],[-84.8021,40.7282],[-84.8021,40.7281],[-84.8024,40.5722],[-85.0685,40.5682],[-85.0739,40.9178]]]}},{"type":"Feature","properties":{"cbsa":"14820","name":"Brevard, NC","is_metro":false,"region":"South","tax_per_capita":2147.96,"spend_per_capita":3377.61,"gap_per_capita":1229.65,"population":33373},"geometry":{"type":"Polygon","coordinates":[[[-83.0569,35.0539],[-82.9209,35.292],[-82.7451,35.423],[-82.5777,35.1465],[-82.7464,35.0791],[-82.7833,35.0856],[-82.8976,35.056],[-83.0569,35.0539]]]}},{"type":"Feature","properties":{"cbsa":"18740","name":"Coshocton, OH","is_metro":false,"region":"Midwest","tax_per_capita":1236.21,"spend_per_capita":2674.31,"gap_per_capita":1438.1,"population":36615},"geometry":{"type":"Polygon","coordinates":[[[-82.1843,40.4564],[-81.7124,40.3708],[-81.6224,40.2213],[-81.7163,40.1522],[-82.1835,40.2273],[-82.1843,40.4564]]]}},{"type":"Feature","properties":{"cbsa":"39460","name":"Punta Gorda, FL","is_metro":true,"region":"South","tax_per_capita":2030.88,"spend_per_capita":4107.25,"gap_per_capita":2076.37,"population":202582},"geometry":{"type":"Polygon","coordinates":[[[-82.3692,26.9461],[-82.2552,27.033],[-81.9832,27.0353],[-81.5625,27.0337],[-81.9313,26.7701],[-82.2805,26.7893],[-82.3692,26.9461]]]}},{"type":"Feature","properties":{"cbsa":"32000","name":"Marion, NC","is_metro":false,"region":"South","tax_per_capita":1205.94,"spend_per_capita":3622.68,"gap_per_capita":2416.74,"population":44755},"geometry":{"type":"Polygon","coordinates":[[[-82.2754,35.7044],[-82.1934,35.7353],[-81.9803,35.8847],[-81.9432,35.9601],[-81.9869,35.8071],[-81.8241,35.575],[-81.9676,35.526],[-82.1505,35.518],[-82.291,35.5913],[-82.2754,35.7044]]]}},{"type":"Feature","properties":{"cbsa":"13540","name":"Bennington, VT","is_metro":false,"region":"Northeast","tax_per_capita":1433.68,"spend_per_capita":5126.4,"gap_per_capita":3692.71,"population":37343},"geometry":{"type":"Polygon","coordinates":[[[-73.2787,42.8334],[-73.2698,43.0359],[-72.9876,43.305],[-72.8686,43.3005],[-72.8196,43.256],[-72.8682,43.1139],[-73.0081,42.9306],[-72.9301,42.7391],[-73.265,42.7459],[-73.2787,42.8334]]]}},{"type":"Feature","properties":{"cbsa":"48460","name":"West Plains, MO","is_metro":false,"region":"Midwest","tax_per_capita":1157.32,"spend_per_capita":3474.95,"gap_per_capita":2317.63,"population":40623},"geometry":{"type":"Polygon","coordinates":[[[-92.1123,36.7942],[-92.0887,37.0562],[-91.6581,36.8887],[-91.6723,36.4993],[-92.1204,36.4982],[-92.1123,36.7942]]]}},{"type":"Feature","properties":{"cbsa":"24100","name":"Gloversville, NY","is_metro":false,"region":"Northeast","tax_per_capita":2609.17,"spend_per_capita":6094.86,"gap_per_capita":3485.69,"population":52256},"geometry":{"type":"Polygon","coordinates":[[[-74.7737,43.0834],[-74.7126,43.2861],[-74.3264,43.2416],[-74.1401,43.254],[-74.5424,42.9855],[-74.7737,43.0834]]]}},{"type":"Feature","properties":{"cbsa":"39980","name":"Richmond, IN","is_metro":false,"region":"Midwest","tax_per_capita":964.01,"spend_per_capita":3287.47,"gap_per_capita":2323.46,"population":66216},"geometry":{"type":"Polygon","coordinates":[[[-85.2009,39.8738],[-84.8102,40.0051],[-84.8141,39.7266],[-85.0346,39.7148],[-85.2211,39.7884],[-85.2009,39.8738]]]}},{"type":"Feature","properties":{"cbsa":"32780","name":"Medford, OR","is_metro":true,"region":"West","tax_per_capita":1702.42,"spend_per_capita":5074.37,"gap_per_capita":3371.95,"population":221669},"geometry":{"type":"Polygon","coordinates":[[[-123.2296,42.7026],[-123.0098,42.7521],[-122.7948,42.7782],[-122.5603,42.9247],[-122.401,42.9966],[-122.2847,42.4745],[-122.2897,42.0078],[-122.8001,42.0041],[-123.146,42.0092],[-123.2296,42.7026]]]}},{"type":"Feature","properties":{"cbsa":"32390","name":"Massena-Ogdensburg, NY","is_metro":false,"region":"Northeast","tax_per_capita":2775.35,"spend_per_capita":6927.12,"gap_per_capita":4151.77,"population":107089},"geometry":{"type":"Polygon","coordinates":[[[-75.8341,44.4224],[-75.7662,44.5159],[-75.4239,44.7563],[-75.2555,44.8577],[-75.0662,44.9302],[-74.9928,44.9774],[-74.8347,45.0147],[-74.7258,44.9918],[-74.5257,44.1706],[-74.8542,44.0701],[-75.1678,44.0959],[-75.8613,44.4051],[-75.8341,44.4224]]]}},{"type":"Feature","properties":{"cbsa":"31340","name":"Lynchburg, VA","is_metro":true,"region":"South","tax_per_capita":1442.04,"spend_per_capita":3680.57,"gap_per_capita":2238.53,"population":263209},"geometry":{"type":"Polygon","coordinates":[[[-79.8475,37.3094],[-79.8142,37.4037],[-79.5937,37.4489],[-79.4341,37.5723],[-79.3452,37.6606],[-79.1721,37.8031],[-79.0714,37.7783],[-78.986,37.6955],[-78.8252,37.5525],[-78.6302,37.3843],[-78.5945,37.3449],[-78.7771,37.2292],[-78.9046,37.0223],[-79.0923,37.0615],[-79.2171,37.1189],[-79.4429,37.0559],[-79.5941,37.0422],[-79.7183,37.1897],[-79.8584,37.2672],[-79.8475,37.3094]]]}},{"type":"Feature","properties":{"cbsa":"40260","name":"Roanoke Rapids, NC","is_metro":false,"region":"South","tax_per_capita":1291.04,"spend_per_capita":3699.56,"gap_per_capita":2408.52,"population":64538},"geometry":{"type":"Polygon","coordinates":[[[-77.912,36.3824],[-77.8998,36.5449],[-77.7497,36.5455],[-77.1902,36.5462],[-77.0665,36.4965],[-77.2085,36.2466],[-77.2915,36.1683],[-77.3276,36.0714],[-77.4026,36.005],[-77.5407,36.0961],[-77.7207,36.1339],[-78.0066,36.2026],[-77.912,36.3824]]]}},{"type":"Feature","properties":{"cbsa":"14780","name":"Brenham, TX","is_metro":false,"region":"South","tax_per_capita":1995.96,"spend_per_capita":7638.67,"gap_per_capita":5642.71,"population":36368},"geometry":{"type":"Polygon","coordinates":[[[-96.7345,30.2412],[-96.3574,30.3733],[-96.2725,30.3585],[-96.1546,30.3303],[-96.0932,30.2252],[-96.1918,30.1384],[-96.1594,30.0538],[-96.622,30.0443],[-96.7946,30.1605],[-96.7345,30.2412]]]}},{"type":"Feature","properties":{"cbsa":"18820","name":"Crawfordsville, IN","is_metro":false,"region":"Midwest","tax_per_capita":1392.36,"spend_per_capita":4354.6,"gap_per_capita":2962.24,"population":38319},"geometry":{"type":"Polygon","coordinates":[[[-87.0926,40.2148],[-86.6958,40.1787],[-86.6951,39.8648],[-87.0915,39.8673],[-87.0921,40.039],[-87.0926,40.2148]]]}},{"type":"Feature","properties":{"cbsa":"36840","name":"Ottawa, KS","is_metro":false,"region":"Midwest","tax_per_capita":1633.65,"spend_per_capita":5822.49,"gap_per_capita":4188.84,"population":25959},"geometry":{"type":"Polygon","coordinates":[[[-95.5083,38.4339],[-95.508,38.6953],[-95.5007,38.7388],[-95.0564,38.7386],[-95.0658,38.6949],[-95.0658,38.3899],[-95.5083,38.3903],[-95.5083,38.4339]]]}},{"type":"Feature","properties":{"cbsa":"48540","name":"Wheeling, WV-OH","is_metro":true,"region":"Multi-region","tax_per_capita":2458.94,"spend_per_capita":4586.48,"gap_per_capita":2127.55,"population":136625},"geometry":{"type":"Polygon","coordinates":[[[-81.2341,39.9513],[-81.1959,40.1721],[-80.8829,40.1595],[-80.7026,40.1571],[-80.664,40.1789],[-80.5191,40.0164],[-80.5193,39.7214],[-80.8699,39.7636],[-80.8243,39.8472],[-81.2373,39.8678],[-81.2341,39.9513]]]}},{"type":"Feature","properties":{"cbsa":"21020","name":"Elizabeth City, NC","is_metro":false,"region":"South","tax_per_capita":1101.24,"spend_per_capita":3272.64,"gap_per_capita":2171.4,"population":41168},"geometry":{"type":"Polygon","coordinates":[[[-76.4913,36.5107],[-76.2313,36.3721],[-76.1246,36.264],[-76.0226,36.0967],[-76.158,36.0595],[-76.2907,36.2235],[-76.4537,36.3781],[-76.4913,36.5107]]]}},{"type":"Feature","properties":{"cbsa":"49300","name":"Wooster, OH","is_metro":false,"region":"Midwest","tax_per_capita":1950.7,"spend_per_capita":5169.86,"gap_per_capita":3219.16,"population":116552},"geometry":{"type":"Polygon","coordinates":[[[-82.1293,40.9918],[-81.6477,40.9886],[-81.649,40.7369],[-81.7842,40.6679],[-82.1293,40.9918]]]}},{"type":"Feature","properties":{"cbsa":"16300","name":"Cedar Rapids, IA","is_metro":true,"region":"Midwest","tax_per_capita":2490.65,"spend_per_capita":6248.98,"gap_per_capita":3758.33,"population":275631},"geometry":{"type":"Polygon","coordinates":[[[-92.2988,42.2975],[-91.8311,42.2991],[-91.3633,42.2964],[-90.898,42.2952],[-90.8985,41.9462],[-91.3662,41.8601],[-92.2982,41.8628],[-92.2988,42.2975]]]}},{"type":"Feature","properties":{"cbsa":"30500","name":"Lexington Park, MD","is_metro":true,"region":"South","tax_per_capita":3026.33,"spend_per_capita":5419.15,"gap_per_capita":2392.83,"population":209342},"geometry":{"type":"Polygon","coordinates":[[[-76.8715,38.3899],[-76.6741,38.4996],[-76.702,38.7109],[-76.6427,38.7693],[-76.5271,38.7128],[-76.5113,38.6157],[-76.4927,38.4828],[-76.3934,38.3895],[-76.4002,38.3199],[-76.3745,38.2963],[-76.3535,38.1781],[-76.3308,38.0993],[-76.3718,38.0796],[-76.481,38.1159],[-76.5906,38.2142],[-76.7401,38.2352],[-76.827,38.2583],[-76.8715,38.3899]]]}},{"type":"Feature","properties":{"cbsa":"40540","name":"Rock Springs, WY","is_metro":false,"region":"West","tax_per_capita":2771.93,"spend_per_capita":10665.78,"gap_per_capita":7893.85,"population":41374},"geometry":{"type":"Polygon","coordinates":[[[-110.0537,42.2707],[-109.0439,42.2637],[-107.6391,42.2614],[-107.5223,42.088],[-107.9297,41.6596],[-107.9184,41.0012],[-109.0501,41.0007],[-109.7154,40.9982],[-110.0485,40.9973],[-110.0537,42.2707]]]}},{"type":"Feature","properties":{"cbsa":"30060","name":"Lebanon, MO","is_metro":false,"region":"Midwest","tax_per_capita":1302.85,"spend_per_capita":2694.26,"gap_per_capita":1391.42,"population":36345},"geometry":{"type":"Polygon","coordinates":[[[-92.8554,37.8957],[-92.5491,37.8005],[-92.4137,37.7139],[-92.2495,37.6045],[-92.6867,37.4815],[-92.8463,37.721],[-92.8554,37.8957]]]}},{"type":"Feature","properties":{"cbsa":"38340","name":"Pittsfield, MA","is_metro":true,"region":"Northeast","tax_per_capita":2799.67,"spend_per_capita":5260.88,"gap_per_capita":2461.2,"population":127547},"geometry":{"type":"Polygon","coordinates":[[[-73.5081,42.0863],[-73.265,42.7459],[-72.9487,42.7038],[-73.0117,42.3797],[-73.0003,42.3126],[-73.0534,42.0401],[-73.2311,42.0449],[-73.4897,42.0538],[-73.5081,42.0863]]]}},{"type":"Feature","properties":{"cbsa":"37800","name":"Pella, IA","is_metro":false,"region":"Midwest","tax_per_capita":2000.24,"spend_per_capita":5197.62,"gap_per_capita":3197.38,"population":33630},"geometry":{"type":"Polygon","coordinates":[[[-93.3286,41.5078],[-92.8714,41.5085],[-92.8698,41.1611],[-93.0992,41.1609],[-93.3279,41.1607],[-93.3284,41.4908],[-93.3286,41.5078]]]}},{"type":"Feature","properties":{"cbsa":"46820","name":"Vermillion, SD","is_metro":false,"region":"Midwest","tax_per_capita":1571.2,"spend_per_capita":2785.05,"gap_per_capita":1213.84,"population":15301},"geometry":{"type":"Polygon","coordinates":[[[-97.1604,42.8118],[-96.9241,43.0837],[-96.8074,42.7007],[-96.9657,42.7245],[-97.0249,42.7624],[-97.1651,42.7916],[-97.1604,42.8118]]]}},{"type":"Feature","properties":{"cbsa":"19660","name":"Deltona-Daytona Beach-Ormond Beach, FL","is_metro":true,"region":"South","tax_per_capita":1784.13,"spend_per_capita":4744.87,"gap_per_capita":2960.73,"population":706423},"geometry":{"type":"Polygon","coordinates":[[[-81.6809,29.3244],[-81.434,29.3986],[-81.5206,29.5002],[-81.3241,29.6256],[-81.1636,29.5553],[-81.0467,29.3079],[-80.9662,29.148],[-80.787,28.8753],[-80.9679,28.7902],[-81.0611,28.75],[-81.1814,28.7833],[-81.3205,28.8345],[-81.3528,28.9231],[-81.5021,29.0978],[-81.6123,29.2029],[-81.6809,29.3244]]]}},{"type":"Feature","properties":{"cbsa":"20140","name":"Dublin, GA","is_metro":false,"region":"South","tax_per_capita":1527.1,"spend_per_capita":5631.3,"gap_per_capita":4104.21,"population":58921},"geometry":{"type":"Polygon","coordinates":[[[-83.2265,32.5842],[-82.947,32.7594],[-82.7684,32.7691],[-82.4582,32.7682],[-82.4994,32.6863],[-82.5944,32.5792],[-82.6477,32.5125],[-82.722,32.3093],[-82.7739,32.2654],[-82.991,32.1473],[-83.2265,32.5842]]]}},{"type":"Feature","properties":{"cbsa":"41660","name":"San Angelo, TX","is_metro":true,"region":"South","tax_per_capita":2040.27,"spend_per_capita":3659.61,"gap_per_capita":1619.33,"population":120447},"geometry":{"type":"Polygon","coordinates":[[[-101.2679,31.5287],[-100.8653,31.5623],[-100.8254,31.6962],[-100.2338,31.5822],[-100.1152,31.088],[-100.9622,31.0825],[-101.2679,31.5287]]]}},{"type":"Feature","properties":{"cbsa":"47700","name":"Warsaw, IN","is_metro":false,"region":"Midwest","tax_per_capita":1211.6,"spend_per_capita":3792.0,"gap_per_capita":2580.41,"population":80564},"geometry":{"type":"Polygon","coordinates":[[[-86.0776,41.1729],[-86.0592,41.4358],[-85.6535,41.4369],[-85.6527,41.1785],[-85.6842,41.0467],[-86.0759,41.0849],[-86.0776,41.1729]]]}},{"type":"Feature","properties":{"cbsa":"10980","name":"Alpena, MI","is_metro":false,"region":"Midwest","tax_per_capita":1188.01,"spend_per_capita":6756.6,"gap_per_capita":5568.58,"population":28833},"geometry":{"type":"Polygon","coordinates":[[[-83.8885,44.8566],[-83.3852,45.2071],[-83.2659,45.0268],[-83.3993,45.0704],[-83.4358,45.0],[-83.3528,44.8862],[-83.3163,44.8586],[-83.8885,44.8566]]]}},{"type":"Feature","properties":{"cbsa":"18880","name":"Crestview-Fort Walton Beach-Destin, FL","is_metro":true,"region":"South","tax_per_capita":2447.35,"spend_per_capita":4623.51,"gap_per_capita":2176.16,"population":299868},"geometry":{"type":"Polygon","coordinates":[[[-86.7857,30.997],[-86.5635,30.9952],[-86.365,30.9944],[-86.1327,30.994],[-86.0376,30.7046],[-85.9153,30.6364],[-85.9927,30.3893],[-85.9999,30.2708],[-86.1797,30.3307],[-86.3974,30.3775],[-86.633,30.3963],[-86.7857,30.997]]]}},{"type":"Feature","properties":{"cbsa":"38500","name":"Plymouth, IN","is_metro":false,"region":"Midwest","tax_per_capita":1229.23,"spend_per_capita":3836.02,"gap_per_capita":2606.8,"population":46378},"geometry":{"type":"Polygon","coordinates":[[[-86.4671,41.4765],[-86.0595,41.4792],[-86.0592,41.4358],[-86.0541,41.1764],[-86.0776,41.1729],[-86.467,41.1714],[-86.4666,41.433],[-86.4671,41.4765]]]}},{"type":"Feature","properties":{"cbsa":"32860","name":"Menomonie, WI","is_metro":false,"region":"Midwest","tax_per_capita":1522.05,"spend_per_capita":4395.23,"gap_per_capita":2873.18,"population":45622},"geometry":{"type":"Polygon","coordinates":[[[-92.1565,45.2096],[-91.6664,45.1208],[-91.6505,44.856],[-92.1352,44.6844],[-92.1361,45.1214],[-92.1565,45.2096]]]}},{"type":"Feature","properties":{"cbsa":"20420","name":"Durango, CO","is_metro":false,"region":"West","tax_per_capita":2154.69,"spend_per_capita":4941.08,"gap_per_capita":2786.4,"population":56553},"geometry":{"type":"Polygon","coordinates":[[[-108.2905,37.146],[-108.2197,37.2874],[-108.1059,37.3821],[-108.0229,37.5906],[-107.4822,37.6395],[-107.4817,37.0],[-108.3793,36.9996],[-108.2905,37.146]]]}},{"type":"Feature","properties":{"cbsa":"25700","name":"Hays, KS","is_metro":false,"region":"Midwest","tax_per_capita":1729.47,"spend_per_capita":4165.88,"gap_per_capita":2436.41,"population":28840},"geometry":{"type":"Polygon","coordinates":[[[-99.5918,39.1324],[-99.0477,39.133],[-99.0375,39.1331],[-99.0426,38.6968],[-99.5851,38.6965],[-99.5983,38.6965],[-99.5918,39.1324]]]}},{"type":"Feature","properties":{"cbsa":"26660","name":"Huntsville, TX","is_metro":false,"region":"South","tax_per_capita":1331.22,"spend_per_capita":6824.33,"gap_per_capita":5493.11,"population":79678},"geometry":{"type":"Polygon","coordinates":[[[-95.8631,30.8641],[-95.6298,30.8999],[-95.4348,31.0581],[-95.3967,30.8577],[-95.3386,30.7378],[-95.599,30.509],[-95.8342,30.658],[-95.8631,30.8641]]]}},{"type":"Feature","properties":{"cbsa":"36020","name":"Oak Harbor, WA","is_metro":false,"region":"West","tax_per_capita":1677.3,"spend_per_capita":4864.62,"gap_per_capita":3187.32,"population":86682},"geometry":{"type":"Polygon","coordinates":[[[-122.7526,48.2601],[-122.667,48.4125],[-122.4586,48.2977],[-122.4179,48.1706],[-122.3333,47.9332],[-122.5018,47.9297],[-122.5468,47.9672],[-122.6073,48.031],[-122.6332,48.1633],[-122.7526,48.2601]]]}},{"type":"Feature","properties":{"cbsa":"19980","name":"Dodge City, KS","is_metro":false,"region":"Midwest","tax_per_capita":1911.12,"spend_per_capita":6621.68,"gap_per_capita":4710.56,"population":33924},"geometry":{"type":"Polygon","coordinates":[[[-100.2271,37.914],[-99.5706,37.8256],[-99.5561,37.4677],[-100.1072,37.4748],[-100.2146,37.8268],[-100.2271,37.914]]]}},{"type":"Feature","properties":{"cbsa":"22260","name":"Fergus Falls, MN","is_metro":false,"region":"Midwest","tax_per_capita":1688.57,"spend_per_capita":7203.09,"gap_per_capita":5514.52,"population":60544},"geometry":{"type":"Polygon","coordinates":[[[-96.2812,46.6308],[-96.1746,46.7179],[-95.1637,46.7176],[-95.1556,46.3689],[-95.1459,46.1068],[-96.2654,46.1086],[-96.2812,46.6308]]]}},{"type":"Feature","properties":{"cbsa":"48180","name":"Waycross, GA","is_metro":false,"region":"South","tax_per_capita":1475.2,"spend_per_capita":4601.59,"gap_per_capita":3126.39,"population":55787},"geometry":{"type":"Polygon","coordinates":[[[-82.6992,31.2781],[-82.629,31.3639],[-82.5975,31.4693],[-82.4815,31.4175],[-82.3448,31.4301],[-82.2266,31.5307],[-82.1328,31.4713],[-82.0411,31.3737],[-82.1001,31.2767],[-82.2846,31.2244],[-82.2083,31.0848],[-82.4156,31.0136],[-82.1499,30.7843],[-82.419,30.5809],[-82.4955,30.8196],[-82.5921,31.0185],[-82.6992,31.2781]]]}},{"type":"Feature","properties":{"cbsa":"40420","name":"Rockford, IL","is_metro":true,"region":"Midwest","tax_per_capita":2197.53,"spend_per_capita":5729.86,"gap_per_capita":3532.32,"population":334610},"geometry":{"type":"Polygon","coordinates":[[[-89.4014,42.5004],[-89.0674,42.4965],[-88.9404,42.4954],[-88.7074,42.4936],[-88.7056,42.1535],[-88.8615,42.153],[-89.1728,42.1504],[-89.3962,42.2019],[-89.3977,42.332],[-89.4014,42.5004]]]}},{"type":"Feature","properties":{"cbsa":"31580","name":"Madisonville, KY","is_metro":false,"region":"South","tax_per_capita":1870.39,"spend_per_capita":4611.27,"gap_per_capita":2740.89,"population":44926},"geometry":{"type":"Polygon","coordinates":[[[-87.8134,37.3506],[-87.4971,37.4878],[-87.3285,37.3985],[-87.387,37.2736],[-87.5201,37.1055],[-87.805,37.2411],[-87.8134,37.3506]]]}},{"type":"Feature","properties":{"cbsa":"18620","name":"Corsicana, TX","is_metro":false,"region":"South","tax_per_capita":2382.92,"spend_per_capita":5184.45,"gap_per_capita":2801.53,"population":54687},"geometry":{"type":"Polygon","coordinates":[[[-96.8962,32.074],[-96.197,32.2069],[-96.1054,32.0753],[-96.4967,31.7962],[-96.8962,32.074]]]}},{"type":"Feature","properties":{"cbsa":"15220","name":"Brownwood, TX","is_metro":false,"region":"South","tax_per_capita":1978.15,"spend_per_capita":4221.96,"gap_per_capita":2243.82,"population":38443},"geometry":{"type":"Polygon","coordinates":[[[-99.1959,32.0792],[-98.9244,32.078],[-98.7601,31.6879],[-98.9916,31.4841],[-99.0906,31.4609],[-99.2028,31.4672],[-99.1959,32.0792]]]}},{"type":"Feature","properties":{"cbsa":"46460","name":"Union City, TN","is_metro":false,"region":"South","tax_per_capita":934.52,"spend_per_capita":3480.31,"gap_per_capita":2545.8,"population":30374},"geometry":{"type":"Polygon","coordinates":[[[-89.4446,36.2355],[-89.3452,36.5013],[-88.9645,36.5022],[-88.8272,36.502],[-88.9492,36.4101],[-88.9612,36.2016],[-89.483,36.2127],[-89.4446,36.2355]]]}},{"type":"Feature","properties":{"cbsa":"38260","name":"Pittsburg, KS","is_metro":false,"region":"Midwest","tax_per_capita":1359.51,"spend_per_capita":6784.42,"gap_per_capita":5424.91,"population":39145},"geometry":{"type":"Polygon","coordinates":[[[-95.088,37.6745],[-94.6178,37.6536],[-94.6177,37.3642],[-95.0752,37.3399],[-95.088,37.6745]]]}},{"type":"Feature","properties":{"cbsa":"25820","name":"Hereford, TX","is_metro":false,"region":"South","tax_per_capita":2245.12,"spend_per_capita":6119.63,"gap_per_capita":3874.5,"population":18399},"geometry":{"type":"Polygon","coordinates":[[[-103.0427,34.9541],[-103.0427,35.1447],[-103.0426,35.1832],[-102.1675,35.1832],[-102.1688,34.7474],[-102.5252,34.7469],[-103.0428,34.7474],[-103.0427,34.9541]]]}},{"type":"Feature","properties":{"cbsa":"40580","name":"Rocky Mount, NC","is_metro":true,"region":"South","tax_per_capita":1047.48,"spend_per_capita":5662.82,"gap_per_capita":4615.34,"population":144209},"geometry":{"type":"Polygon","coordinates":[[[-78.256,35.8181],[-77.8864,36.144],[-77.698,36.1531],[-77.5176,36.0368],[-77.3424,35.9053],[-77.3902,35.8331],[-77.7184,35.7288],[-77.8284,35.8672],[-78.1921,35.7305],[-78.256,35.8181]]]}},{"type":"Feature","properties":{"cbsa":"25260","name":"Hanford-Corcoran, CA","is_metro":true,"region":"West","tax_per_capita":963.38,"spend_per_capita":7074.72,"gap_per_capita":6111.34,"population":152987},"geometry":{"type":"Polygon","coordinates":[[[-120.3151,35.9072],[-119.9589,36.2555],[-119.7542,36.402],[-119.5732,36.4888],[-119.5288,36.4015],[-119.4754,36.3277],[-119.5294,36.2698],[-120.1944,35.7894],[-120.2758,35.9059],[-120.3151,35.9072]]]}},{"type":"Feature","properties":{"cbsa":"30900","name":"Logansport, IN","is_metro":false,"region":"Midwest","tax_per_capita":1621.63,"spend_per_capita":6899.43,"gap_per_capita":5277.81,"population":37537},"geometry":{"type":"Polygon","coordinates":[[[-86.5815,40.9109],[-86.4682,40.9099],[-86.165,40.5626],[-86.3744,40.5614],[-86.5252,40.6924],[-86.5815,40.9109]]]}},{"type":"Feature","properties":{"cbsa":"46780","name":"Van Wert, OH","is_metro":false,"region":"Midwest","tax_per_capita":2131.27,"spend_per_capita":3750.83,"gap_per_capita":1619.57,"population":28804},"geometry":{"type":"Polygon","coordinates":[[[-84.8029,40.9894],[-84.3984,40.9033],[-84.3974,40.8159],[-84.4562,40.6849],[-84.8021,40.7281],[-84.8027,40.9226],[-84.8029,40.9894]]]}},{"type":"Feature","properties":{"cbsa":"38100","name":"Picayune, MS","is_metro":false,"region":"South","tax_per_capita":876.85,"spend_per_capita":3656.59,"gap_per_capita":2779.74,"population":57183},"geometry":{"type":"Polygon","coordinates":[[[-89.8363,30.7272],[-89.7501,30.9129],[-89.654,31.0025],[-89.4253,30.9825],[-89.3407,30.9942],[-89.3414,30.6477],[-89.5445,30.5169],[-89.6999,30.454],[-89.7917,30.5515],[-89.8262,30.6688],[-89.8363,30.7272]]]}},{"type":"Feature","properties":{"cbsa":"26620","name":"Huntsville, AL","is_metro":true,"region":"South","tax_per_capita":1567.44,"spend_per_capita":8619.6,"gap_per_capita":7052.16,"population":514473},"geometry":{"type":"Polygon","coordinates":[[[-87.2783,34.7736],[-87.2108,34.999],[-86.7836,34.9919],[-86.4678,34.9907],[-86.3113,34.9911],[-86.3256,34.9373],[-86.3269,34.5994],[-86.4239,34.4796],[-86.5502,34.546],[-86.6464,34.5489],[-86.7901,34.5508],[-87.1051,34.686],[-87.2607,34.7586],[-87.2783,34.7736]]]}},{"type":"Feature","properties":{"cbsa":"46980","name":"Vicksburg, MS","is_metro":false,"region":"South","tax_per_capita":1969.93,"spend_per_capita":4706.09,"gap_per_capita":2736.16,"population":42635},"geometry":{"type":"Polygon","coordinates":[[[-91.1085,32.2082],[-90.9478,32.2835],[-90.9867,32.3518],[-91.0529,32.4384],[-91.0113,32.5166],[-90.964,32.5756],[-90.8614,32.4421],[-90.7283,32.5663],[-90.6555,32.5898],[-90.5539,32.5319],[-90.6362,32.3745],[-90.7286,32.2251],[-90.9077,32.1319],[-91.0395,32.108],[-91.1085,32.2082]]]}},{"type":"Feature","properties":{"cbsa":"14380","name":"Boone, NC","is_metro":false,"region":"South","tax_per_capita":1589.55,"spend_per_capita":2921.4,"gap_per_capita":1331.85,"population":55013},"geometry":{"type":"Polygon","coordinates":[[[-81.9081,36.302],[-81.769,36.341],[-81.7254,36.3897],[-81.5663,36.2722],[-81.4558,36.2004],[-81.6748,36.1226],[-81.8292,36.1688],[-81.9184,36.2874],[-81.9081,36.302]]]}},{"type":"Feature","properties":{"cbsa":"27860","name":"Jonesboro, AR","is_metro":true,"region":"South","tax_per_capita":906.6,"spend_per_capita":3463.08,"gap_per_capita":2556.48,"population":135316},"geometry":{"type":"Polygon","coordinates":[[[-91.037,35.7084],[-90.8729,35.8809],[-90.3873,35.9647],[-90.2891,35.9965],[-90.2869,35.4384],[-90.6108,35.4488],[-91.037,35.7084]]]}},{"type":"Feature","properties":{"cbsa":"34420","name":"Mount Pleasant, TX","is_metro":false,"region":"South","tax_per_capita":1854.81,"spend_per_capita":8135.57,"gap_per_capita":6280.75,"population":56010},"geometry":{"type":"Polygon","coordinates":[[[-95.1522,33.0134],[-95.1255,33.3895],[-94.8088,33.3636],[-94.7469,33.3289],[-94.6523,33.2689],[-94.7059,32.8792],[-95.1521,32.9026],[-95.1522,33.0134]]]}},{"type":"Feature","properties":{"cbsa":"42580","name":"Seaford, DE","is_metro":false,"region":"South","tax_per_capita":1495.01,"spend_per_capita":3512.5,"gap_per_capita":2017.49,"population":256447},"geometry":{"type":"Polygon","coordinates":[[[-75.7231,38.8298],[-75.4841,38.9044],[-75.3806,38.9619],[-75.3026,38.939],[-75.232,38.8443],[-75.1133,38.783],[-75.0718,38.6965],[-75.0489,38.4513],[-75.3413,38.4524],[-75.6937,38.4601],[-75.7018,38.5608],[-75.7076,38.6354],[-75.7231,38.8298]]]}},{"type":"Feature","properties":{"cbsa":"40780","name":"Russellville, AR","is_metro":false,"region":"South","tax_per_capita":804.07,"spend_per_capita":3126.46,"gap_per_capita":2322.39,"population":84144},"geometry":{"type":"Polygon","coordinates":[[[-93.705,35.0197],[-93.5297,35.1455],[-93.2799,35.2126],[-93.2989,35.3271],[-93.2238,35.4687],[-93.1678,35.5978],[-92.9514,35.7246],[-92.8135,35.5489],[-92.8551,35.1738],[-93.0401,35.1095],[-93.3057,34.8755],[-93.3945,34.7724],[-93.71,34.746],[-93.705,35.0197]]]}},{"type":"Feature","properties":{"cbsa":"28540","name":"Ketchikan, AK","is_metro":false,"region":"West","tax_per_capita":2886.15,"spend_per_capita":10988.53,"gap_per_capita":8102.38,"population":13772},"geometry":{"type":"Polygon","coordinates":[[[-132.1997,55.6338],[-132.0588,55.7109],[-131.9786,55.7534],[-132.011,55.8548],[-131.9056,55.9791],[-131.6642,56.0675],[-131.527,56.0532],[-131.3643,56.0179],[-131.44,56.1311],[-131.2405,56.1726],[-130.9984,56.2746],[-131.0962,56.3352],[-131.0857,56.4065],[-130.7406,56.343],[-130.4669,56.2398],[-130.3437,56.1272],[-130.2824,56.0796],[-130.2201,55.9991],[-130.3202,55.969],[-130.2887,55.887],[-130.238,55.8166],[-130.1501,55.7271],[-130.1201,55.5639],[-130.0399,55.4294],[-129.9823,55.3021],[-130.1047,55.189],[-130.2215,55.026],[-130.5292,54.8109],[-130.6281,54.7393],[-130.7374,54.7535],[-130.8441,54.7658],[-130.9325,54.8069],[-130.9604,54.9337],[-131.0121,54.9962],[-131.0132,55.0901],[-131.0875,55.163],[-131.1605,55.1975],[-131.19,55.0432],[-131.246,54.9405],[-131.2537,54.8668],[-131.4335,54.8965],[-131.5946,54.9311],[-131.6119,54.9823],[-131.337,54.9955],[-131.5692,55.2947],[-131.6841,55.1191],[-131.8284,55.1985],[-131.8543,55.4211],[-131.9718,55.4983],[-132.1832,55.5881],[-132.1997,55.6338]]]}},{"type":"Feature","properties":{"cbsa":"38900","name":"Portland-Vancouver-Hillsboro, OR-WA","is_metro":true,"region":"West","tax_per_capita":3122.7,"spend_per_capita":6738.05,"gap_per_capita":3615.35,"population":2508928},"geometry":{"type":"Polygon","coordinates":[[[-123.7845,45.2163],[-123.4649,45.4333],[-123.2994,45.6072],[-123.4847,45.7088],[-123.3616,45.7796],[-123.2802,46.1448],[-123.1664,46.189],[-123.0042,46.1338],[-122.9041,46.0837],[-122.814,45.961],[-122.785,45.8677],[-122.7198,45.8709],[-122.6576,45.9281],[-122.3578,45.9569],[-122.241,46.3854],[-121.5223,46.044],[-121.6092,45.7825],[-121.5331,45.7265],[-121.7351,45.694],[-121.8672,45.6933],[-121.9237,45.6543],[-121.8647,45.5045],[-121.6969,45.3736],[-121.6984,45.2264],[-121.7314,45.1706],[-121.7081,45.1341],[-121.685,45.1237],[-121.6514,45.0888],[-121.6872,45.0674],[-121.717,45.038],[-121.8049,45.0124],[-122.401,44.8857],[-122.536,44.9372],[-122.7051,45.059],[-122.7472,45.2233],[-122.8329,45.2741],[-122.9004,45.2571],[-122.9687,45.2847],[-122.9967,45.1189],[-123.7244,45.0762],[-123.7845,45.2163]]]}},{"type":"Feature","properties":{"cbsa":"35100","name":"New Bern, NC","is_metro":false,"region":"South","tax_per_capita":1313.96,"spend_per_capita":7844.43,"gap_per_capita":6530.46,"population":122540},"geometry":{"type":"Polygon","coordinates":[[[-77.731,35.0081],[-77.5075,35.1728],[-77.4737,35.229],[-77.391,35.3395],[-77.2479,35.3544],[-76.9589,35.301],[-76.8455,35.2161],[-76.5905,35.3619],[-76.4547,35.3344],[-76.7116,34.9818],[-76.693,34.8692],[-76.9544,34.8091],[-77.1617,34.7951],[-77.2674,34.9255],[-77.5028,34.9696],[-77.731,35.0081]]]}},{"type":"Feature","properties":{"cbsa":"12740","name":"Barre, VT","is_metro":false,"region":"Northeast","tax_per_capita":1333.03,"spend_per_capita":4660.98,"gap_per_capita":3327.95,"population":60115},"geometry":{"type":"Polygon","coordinates":[[[-72.9522,44.1614],[-72.8024,44.3886],[-72.6543,44.3983],[-72.4936,44.424],[-72.4341,44.506],[-72.3689,44.2039],[-72.4434,44.1288],[-72.6829,44.0128],[-72.9168,44.0719],[-72.9522,44.1614]]]}},{"type":"Feature","properties":{"cbsa":"35940","name":"Norwalk, OH","is_metro":false,"region":"Midwest","tax_per_capita":1602.04,"spend_per_capita":3927.6,"gap_per_capita":2325.56,"population":58219},"geometry":{"type":"Polygon","coordinates":[[[-82.8415,41.29],[-82.3365,41.0658],[-82.4329,40.9929],[-82.8295,40.9966],[-82.8415,41.29]]]}},{"type":"Feature","properties":{"cbsa":"34740","name":"Muskegon-Norton Shores, MI","is_metro":true,"region":"Midwest","tax_per_capita":1192.17,"spend_per_capita":5397.41,"gap_per_capita":4205.24,"population":175539},"geometry":{"type":"Polygon","coordinates":[[[-86.4635,43.4723],[-86.039,43.2935],[-85.7907,43.2052],[-85.9074,43.1189],[-86.3163,43.1951],[-86.4078,43.3384],[-86.4635,43.4723]]]}},{"type":"Feature","properties":{"cbsa":"33300","name":"Milledgeville, GA","is_metro":false,"region":"South","tax_per_capita":1558.27,"spend_per_capita":3423.21,"gap_per_capita":1864.94,"population":43633},"geometry":{"type":"Polygon","coordinates":[[[-83.4291,33.1854],[-83.2741,33.1872],[-83.1008,33.0499],[-83.0491,32.9856],[-83.1338,33.0072],[-83.415,33.1128],[-83.4291,33.1854]]]}},{"type":"Feature","properties":{"cbsa":"16860","name":"Chattanooga, TN-GA","is_metro":true,"region":"South","tax_per_capita":1411.69,"spend_per_capita":5604.62,"gap_per_capita":4192.93,"population":574461},"geometry":{"type":"Polygon","coordinates":[[[-85.873,35.2234],[-85.7094,35.2893],[-85.4856,35.4063],[-85.5575,35.533],[-85.4238,35.5674],[-85.4033,35.4923],[-85.1683,35.4556],[-85.1022,35.4284],[-85.0302,35.3793],[-85.0266,35.1362],[-84.9799,34.9872],[-85.1448,34.7676],[-85.0508,34.72],[-85.0692,34.5872],[-85.3602,34.5818],[-85.5344,34.6238],[-85.5828,34.8604],[-85.6052,34.9847],[-85.8633,35.2086],[-85.873,35.2234]]]}},{"type":"Feature","properties":{"cbsa":"18660","name":"Cortland, NY","is_metro":false,"region":"Northeast","tax_per_capita":3322.65,"spend_per_capita":7062.3,"gap_per_capita":3739.65,"population":46081},"geometry":{"type":"Polygon","coordinates":[[[-76.2747,42.7713],[-75.8898,42.7238],[-76.0214,42.409],[-76.2534,42.4076],[-76.2747,42.7713]]]}},{"type":"Feature","properties":{"cbsa":"35980","name":"Norwich-New London-Willimantic, CT","is_metro":true,"region":"Northeast","tax_per_capita":2889.12,"spend_per_capita":5716.7,"gap_per_capita":2827.58,"population":279257},"geometry":{"type":"Polygon","coordinates":[[[-72.4667,41.5839],[-72.3342,41.6436],[-72.1563,41.7535],[-71.8844,41.6412],[-71.7936,41.5058],[-71.8396,41.4121],[-71.8605,41.3202],[-71.9567,41.3299],[-72.0944,41.3142],[-72.2014,41.3157],[-72.2484,41.2959],[-72.3234,41.5343],[-72.4667,41.5839]]]}},{"type":"Feature","properties":{"cbsa":"44340","name":"Statesboro, GA","is_metro":false,"region":"South","tax_per_capita":1543.26,"spend_per_capita":3676.66,"gap_per_capita":2133.4,"population":93697},"geometry":{"type":"Polygon","coordinates":[[[-82.0012,32.6069],[-81.8278,32.6528],[-81.548,32.4893],[-81.4503,32.2974],[-81.4358,32.2413],[-81.7563,32.1046],[-81.7617,32.0479],[-81.98,32.0815],[-81.9691,32.2688],[-82.0302,32.5388],[-82.0012,32.6069]]]}},{"type":"Feature","properties":{"cbsa":"35820","name":"North Platte, NE","is_metro":false,"region":"Midwest","tax_per_capita":3327.3,"spend_per_capita":6768.74,"gap_per_capita":3441.44,"population":34299},"geometry":{"type":"Polygon","coordinates":[[[-101.2697,41.3949],[-100.7114,41.7398],[-100.2512,41.7398],[-100.2381,41.061],[-100.2233,40.7003],[-101.248,40.6978],[-101.2704,41.0474],[-101.2697,41.3949]]]}},{"type":"Feature","properties":{"cbsa":"43900","name":"Spartanburg, SC","is_metro":true,"region":"South","tax_per_capita":1601.63,"spend_per_capita":7578.96,"gap_per_capita":5977.33,"population":372687},"geometry":{"type":"Polygon","coordinates":[[[-82.216,35.1933],[-82.0397,35.1894],[-81.8744,35.1835],[-81.7754,34.9895],[-81.7141,34.9129],[-81.4573,34.8393],[-81.4883,34.733],[-81.4227,34.572],[-81.4232,34.4944],[-81.6436,34.5337],[-81.8519,34.5948],[-82.0046,34.6623],[-82.1652,34.7965],[-82.216,35.1933]]]}},{"type":"Feature","properties":{"cbsa":"16940","name":"Cheyenne, WY","is_metro":true,"region":"West","tax_per_capita":1445.74,"spend_per_capita":10079.08,"gap_per_capita":8633.34,"population":100781},"geometry":{"type":"Polygon","coordinates":[[[-105.2782,41.6567],[-104.653,41.565],[-104.0523,41.3933],[-104.0525,41.2782],[-104.0532,41.0014],[-104.8553,40.998],[-105.2769,40.9982],[-105.2782,41.6567]]]}},{"type":"Feature","properties":{"cbsa":"37120","name":"Ozark, AL","is_metro":false,"region":"South","tax_per_capita":716.19,"spend_per_capita":3556.12,"gap_per_capita":2839.92,"population":49495},"geometry":{"type":"Polygon","coordinates":[[[-85.7891,31.618],[-85.4164,31.6195],[-85.4859,31.2461],[-85.7103,31.1952],[-85.7891,31.618]]]}},{"type":"Feature","properties":{"cbsa":"30180","name":"Le Mars, IA","is_metro":false,"region":"Midwest","tax_per_capita":2450.43,"spend_per_capita":6098.44,"gap_per_capita":3648.01,"population":25722},"geometry":{"type":"Polygon","coordinates":[[[-96.6219,42.7793],[-96.5379,42.8785],[-95.8594,42.9091],[-96.48,42.5613],[-96.5916,42.6881],[-96.6219,42.7793]]]}},{"type":"Feature","properties":{"cbsa":"35340","name":"New Iberia, LA","is_metro":false,"region":"South","tax_per_capita":1711.4,"spend_per_capita":5256.89,"gap_per_capita":3545.49,"population":68320},"geometry":{"type":"Polygon","coordinates":[[[-92.0429,29.5775],[-91.972,29.8323],[-91.9679,30.0382],[-91.8182,30.0439],[-91.6589,30.1082],[-91.3688,30.0588],[-91.2242,30.0256],[-91.472,29.9563],[-91.7113,29.8461],[-91.8626,29.6674],[-91.8037,29.596],[-91.7683,29.4904],[-91.9153,29.5185],[-92.0429,29.5775]]]}},{"type":"Feature","properties":{"cbsa":"23700","name":"Gallup, NM","is_metro":false,"region":"West","tax_per_capita":1049.11,"spend_per_capita":5155.3,"gap_per_capita":4106.19,"population":69931},"geometry":{"type":"Polygon","coordinates":[[[-109.0468,35.3636],[-109.046,35.8798],[-108.1651,36.0028],[-107.3087,35.9986],[-107.6288,35.3043],[-107.7342,35.3481],[-108.4687,35.3067],[-108.4694,34.9591],[-109.0464,35.1755],[-109.0468,35.3636]]]}},{"type":"Feature","properties":{"cbsa":"12860","name":"Batavia, NY","is_metro":false,"region":"Northeast","tax_per_capita":3121.97,"spend_per_capita":7401.97,"gap_per_capita":4279.99,"population":57398},"geometry":{"type":"Polygon","coordinates":[[[-78.4655,43.1286],[-77.9973,43.133],[-77.951,43.0395],[-77.9555,42.9059],[-78.0742,42.8702],[-78.4644,43.0887],[-78.4655,43.1286]]]}},{"type":"Feature","properties":{"cbsa":"49220","name":"Wisconsin Rapids-Marshfield, WI","is_metro":false,"region":"Midwest","tax_per_capita":1959.53,"spend_per_capita":6494.4,"gap_per_capita":4534.87,"population":73778},"geometry":{"type":"Polygon","coordinates":[[[-90.3161,44.4245],[-89.964,44.6848],[-89.8445,44.5115],[-89.7247,44.2477],[-90.0808,44.249],[-90.3178,44.2659],[-90.3161,44.4245]]]}},{"type":"Feature","properties":{"cbsa":"33220","name":"Midland, MI","is_metro":true,"region":"Midwest","tax_per_capita":1480.48,"spend_per_capita":4379.13,"gap_per_capita":2898.65,"population":83762},"geometry":{"type":"Polygon","coordinates":[[[-84.606,43.8154],[-84.3579,43.8283],[-84.1681,43.5689],[-84.3699,43.466],[-84.6075,43.466],[-84.606,43.8154]]]}},{"type":"Feature","properties":{"cbsa":"30140","name":"Lebanon, PA","is_metro":true,"region":"Northeast","tax_per_capita":1933.71,"spend_per_capita":4100.85,"gap_per_capita":2167.13,"population":143902},"geometry":{"type":"Polygon","coordinates":[[[-76.678,40.4747],[-76.5354,40.5552],[-76.4402,40.496],[-76.2055,40.3607],[-76.1512,40.316],[-76.3076,40.2551],[-76.5663,40.1966],[-76.678,40.4747]]]}},{"type":"Feature","properties":{"cbsa":"37340","name":"Palm Bay-Melbourne-Titusville, FL","is_metro":true,"region":"South","tax_per_capita":1568.17,"spend_per_capita":4066.67,"gap_per_capita":2498.5,"population":630707},"geometry":{"type":"Polygon","coordinates":[[[-80.9679,28.7902],[-80.6473,28.6779],[-80.5251,28.4595],[-80.6069,28.3365],[-80.59,28.178],[-80.4477,27.8605],[-80.8689,27.8225],[-80.8728,28.3696],[-80.9873,28.613],[-80.9679,28.7902]]]}},{"type":"Feature","properties":{"cbsa":"18220","name":"Connersville, IN","is_metro":false,"region":"Midwest","tax_per_capita":929.28,"spend_per_capita":3738.89,"gap_per_capita":2809.61,"population":23389},"geometry":{"type":"Polygon","coordinates":[[[-85.3016,39.7876],[-85.2211,39.7884],[-85.1851,39.7155],[-85.0346,39.7148],[-85.0361,39.5262],[-85.2981,39.5255],[-85.3016,39.7876]]]}},{"type":"Feature","properties":{"cbsa":"16060","name":"Carbondale, IL","is_metro":false,"region":"Midwest","tax_per_capita":1424.32,"spend_per_capita":5721.21,"gap_per_capita":4296.89,"population":52477},"geometry":{"type":"Polygon","coordinates":[[[-89.6872,37.7964],[-89.5951,37.9553],[-89.1508,37.9452],[-89.1536,37.6002],[-89.4977,37.57],[-89.5066,37.6251],[-89.5913,37.7236],[-89.6872,37.7964]]]}},{"type":"Feature","properties":{"cbsa":"13980","name":"Blacksburg-Christiansburg-Radford, VA","is_metro":true,"region":"South","tax_per_capita":1583.32,"spend_per_capita":4439.34,"gap_per_capita":2856.02,"population":181283},"geometry":{"type":"Polygon","coordinates":[[[-80.9808,37.3009],[-80.8355,37.3348],[-80.8651,37.4199],[-80.8574,37.4211],[-80.7701,37.3724],[-80.5448,37.4747],[-80.4468,37.3276],[-80.3248,37.3688],[-80.2586,37.3087],[-80.1778,37.1342],[-80.1287,37.1229],[-80.2355,36.8721],[-80.4586,36.7384],[-80.634,36.9318],[-80.7405,36.879],[-80.9127,37.0733],[-80.8546,37.1475],[-80.9808,37.3009]]]}},{"type":"Feature","properties":{"cbsa":"27900","name":"Joplin, MO-KS","is_metro":true,"region":"Midwest","tax_per_capita":1452.52,"spend_per_capita":3252.2,"gap_per_capita":1799.68,"population":203137},"geometry":{"type":"Polygon","coordinates":[[[-95.0752,37.3399],[-94.6177,37.3642],[-94.0838,37.2909],[-94.0592,37.0481],[-94.0689,36.7478],[-94.618,36.9989],[-94.9953,36.9995],[-95.0735,36.9995],[-95.0752,37.3399]]]}},{"type":"Feature","properties":{"cbsa":"40340","name":"Rochester, MN","is_metro":true,"region":"Midwest","tax_per_capita":2047.35,"spend_per_capita":6303.87,"gap_per_capita":4256.52,"population":228134},"geometry":{"type":"Polygon","coordinates":[[[-93.0459,44.1967],[-92.6787,44.1955],[-92.5507,44.3685],[-92.4303,44.4553],[-92.2325,44.4454],[-92.0845,44.4046],[-91.9162,44.3181],[-91.8545,44.1972],[-92.0795,44.1067],[-91.7304,43.8469],[-91.8248,43.5007],[-92.1789,43.5007],[-92.449,43.8341],[-92.6894,43.8486],[-93.0459,44.1967]]]}},{"type":"Feature","properties":{"cbsa":"16500","name":"Centralia, WA","is_metro":false,"region":"West","tax_per_capita":1560.57,"spend_per_capita":5201.66,"gap_per_capita":3641.08,"population":85357},"geometry":{"type":"Polygon","coordinates":[[[-123.3709,46.7921],[-123.1609,46.7643],[-121.8419,46.7285],[-121.4552,46.7838],[-121.4513,46.5339],[-121.5223,46.3882],[-123.218,46.3856],[-123.3583,46.384],[-123.3709,46.7921]]]}},{"type":"Feature","properties":{"cbsa":"45500","name":"Texarkana, TX-AR","is_metro":true,"region":"South","tax_per_capita":1438.16,"spend_per_capita":4242.73,"gap_per_capita":2804.58,"population":146185},"geometry":{"type":"Polygon","coordinates":[[[-94.7463,33.5543],[-94.7319,33.7208],[-94.6306,33.6734],[-94.5289,33.6218],[-94.4818,33.789],[-94.4089,33.9453],[-94.1826,33.7884],[-93.9589,33.7511],[-93.9697,33.7397],[-93.8259,33.6099],[-93.72,33.482],[-93.6991,33.3879],[-93.6649,33.3295],[-93.7366,33.1661],[-93.8633,33.0989],[-93.8146,33.0194],[-94.0427,33.1603],[-94.0561,33.298],[-94.2317,33.2409],[-94.4157,33.284],[-94.5725,33.2498],[-94.6923,33.3124],[-94.7463,33.5543]]]}},{"type":"Feature","properties":{"cbsa":"26900","name":"Indianapolis-Carmel-Greenwood, IN","is_metro":true,"region":"Midwest","tax_per_capita":1816.59,"spend_per_capita":6256.86,"gap_per_capita":4440.27,"population":2120661},"geometry":{"type":"Polygon","coordinates":[[[-86.6958,40.1787],[-86.2424,40.1808],[-86.243,40.3737],[-85.8621,40.4069],[-85.5786,40.3795],[-85.5762,39.9458],[-85.5969,39.7865],[-85.6332,39.6985],[-85.6306,39.3502],[-85.952,39.3474],[-86.0803,39.1525],[-86.3181,39.0488],[-86.3814,39.3398],[-86.6308,39.3469],[-86.6857,39.4701],[-86.6566,39.6014],[-86.6874,39.6304],[-86.6951,39.9228],[-86.6958,40.1787]]]}},{"type":"Feature","properties":{"cbsa":"29780","name":"Las Vegas, NM","is_metro":false,"region":"West","tax_per_capita":1579.31,"spend_per_capita":4810.43,"gap_per_capita":3231.12,"population":31049},"geometry":{"type":"Polygon","coordinates":[[[-105.7175,35.9787],[-105.5304,36.013],[-105.4097,36.2368],[-104.8652,36.2614],[-104.4361,36.2185],[-104.3273,35.9602],[-104.3701,35.7793],[-103.9769,35.8017],[-103.6371,35.3897],[-103.8577,35.2641],[-104.1251,35.2157],[-105.2908,35.042],[-105.7205,35.8712],[-105.7175,35.9787]]]}},{"type":"Feature","properties":{"cbsa":"26860","name":"Indiana, PA","is_metro":false,"region":"Northeast","tax_per_capita":1421.21,"spend_per_capita":4217.74,"gap_per_capita":2796.53,"population":83064},"geometry":{"type":"Polygon","coordinates":[[[-79.4502,40.5301],[-79.215,40.8383],[-78.8052,40.906],[-78.8017,40.7246],[-78.9738,40.3954],[-79.4538,40.4843],[-79.4502,40.5301]]]}},{"type":"Feature","properties":{"cbsa":"30780","name":"Little Rock-North Little Rock-Conway, AR","is_metro":true,"region":"South","tax_per_capita":1252.39,"spend_per_capita":3654.84,"gap_per_capita":2402.45,"population":757768},"geometry":{"type":"Polygon","coordinates":[[[-93.3057,34.8755],[-92.6299,35.076],[-92.522,35.1144],[-92.4849,35.2755],[-92.2528,35.3636],[-92.1197,35.0666],[-91.9026,35.0277],[-91.8037,34.9215],[-91.7008,34.672],[-91.6328,34.5529],[-91.7053,34.4827],[-92.1437,34.4916],[-92.2128,34.2304],[-92.3367,34.0595],[-92.4936,34.1443],[-92.6687,34.4145],[-92.7932,34.5036],[-92.8754,34.6352],[-92.9693,34.7723],[-93.2878,34.7732],[-93.3057,34.8755]]]}},{"type":"Feature","properties":{"cbsa":"39940","name":"Rexburg, ID","is_metro":false,"region":"West","tax_per_capita":844.64,"spend_per_capita":4239.04,"gap_per_capita":3394.4,"population":68975},"geometry":{"type":"Polygon","coordinates":[[[-112.1559,44.0578],[-112.0337,44.144],[-111.8579,44.1878],[-111.7915,44.317],[-111.6174,44.4013],[-111.5628,44.5552],[-111.4688,44.6793],[-111.4388,44.7205],[-111.3771,44.7512],[-111.2687,44.6683],[-111.2015,44.5757],[-111.1227,44.4937],[-111.0491,44.3749],[-111.0472,43.9834],[-111.3988,43.9229],[-111.566,43.622],[-111.7174,43.6553],[-111.9835,43.7538],[-111.977,43.9709],[-112.1559,44.0578]]]}},{"type":"Feature","properties":{"cbsa":"19100","name":"Dallas-Fort Worth-Arlington, TX","is_metro":true,"region":"South","tax_per_capita":3085.45,"spend_per_capita":5735.4,"gap_per_capita":2649.95,"population":7947439},"geometry":{"type":"Polygon","coordinates":[[[-98.0644,32.6372],[-97.9216,33.0013],[-97.9182,33.4339],[-97.4068,33.4331],[-97.2201,33.4251],[-96.8537,33.4136],[-96.7273,33.4029],[-96.3845,33.3411],[-95.8587,33.4095],[-95.8625,32.9796],[-95.9684,32.9136],[-95.9344,32.8372],[-96.0759,32.3575],[-96.4524,32.3587],[-96.3829,32.3289],[-96.9407,32.0521],[-97.1137,32.2592],[-97.4661,32.1839],[-97.5143,32.1338],[-97.6157,32.3186],[-98.0668,32.5588],[-98.0644,32.6372]]]}},{"type":"Feature","properties":{"cbsa":"17900","name":"Columbia, SC","is_metro":true,"region":"South","tax_per_capita":2056.94,"spend_per_capita":4290.96,"gap_per_capita":2234.02,"population":848112},"geometry":{"type":"Polygon","coordinates":[[[-81.9899,33.9971],[-81.8606,34.1794],[-81.5389,34.0817],[-81.3941,34.0715],[-81.339,34.1976],[-81.3423,34.2669],[-81.4275,34.5295],[-80.8775,34.5431],[-80.8792,34.4578],[-80.74,34.48],[-80.5506,34.5601],[-80.3276,34.4978],[-80.2886,34.3662],[-80.353,34.3033],[-80.4799,34.1687],[-80.6185,34.1092],[-80.6365,34.083],[-80.6335,33.8527],[-80.6201,33.7432],[-80.5341,33.6439],[-80.4963,33.5585],[-80.6166,33.466],[-80.8854,33.6182],[-81.0429,33.7071],[-81.1873,33.6529],[-81.5715,33.8773],[-81.8368,33.8665],[-82.0083,33.9616],[-81.9899,33.9971]]]}},{"type":"Feature","properties":{"cbsa":"27780","name":"Johnstown, PA","is_metro":true,"region":"Northeast","tax_per_capita":1236.15,"spend_per_capita":4729.09,"gap_per_capita":3492.94,"population":131429},"geometry":{"type":"Polygon","coordinates":[[[-78.9982,40.3562],[-78.8169,40.7035],[-78.4029,40.7252],[-78.4392,40.6453],[-78.5398,40.5063],[-78.6189,40.3265],[-78.6583,40.2432],[-78.9334,40.2848],[-78.9982,40.3562]]]}},{"type":"Feature","properties":{"cbsa":"25620","name":"Hattiesburg, MS","is_metro":true,"region":"South","tax_per_capita":1364.41,"spend_per_capita":6986.39,"gap_per_capita":5621.98,"population":155120},"geometry":{"type":"Polygon","coordinates":[[[-89.6542,31.4338],[-89.4516,31.434],[-89.1461,31.4341],[-88.8417,31.4337],[-88.8343,30.998],[-88.885,30.9108],[-89.3408,30.9099],[-89.349,31.0104],[-89.5013,31.016],[-89.6542,31.4338]]]}},{"type":"Feature","properties":{"cbsa":"48220","name":"Weatherford, OK","is_metro":false,"region":"South","tax_per_capita":1621.69,"spend_per_capita":4774.03,"gap_per_capita":3152.34,"population":38775},"geometry":{"type":"Polygon","coordinates":[[[-99.3758,35.8122],[-98.6322,35.566],[-98.6233,35.4642],[-98.6207,35.0978],[-98.7492,35.1163],[-99.3642,35.4653],[-99.3771,35.5517],[-99.3758,35.8122]]]}},{"type":"Feature","properties":{"cbsa":"37950","name":"Petoskey, MI","is_metro":false,"region":"Midwest","tax_per_capita":2596.55,"spend_per_capita":6020.05,"gap_per_capita":3423.5,"population":34215},"geometry":{"type":"Polygon","coordinates":[[[-85.1197,45.569],[-84.971,45.6863],[-84.867,45.7521],[-84.7322,45.7805],[-84.9648,45.2916],[-85.0961,45.3631],[-84.9591,45.376],[-84.981,45.4294],[-85.1093,45.5216],[-85.1197,45.569]]]}},{"type":"Feature","properties":{"cbsa":"36700","name":"Orangeburg, SC","is_metro":false,"region":"South","tax_per_capita":1522.77,"spend_per_capita":6664.08,"gap_per_capita":5141.31,"population":83101},"geometry":{"type":"Polygon","coordinates":[[[-81.3729,33.4904],[-81.0866,33.6954],[-80.9398,33.6088],[-80.8076,33.6041],[-80.5523,33.5654],[-80.3931,33.4453],[-80.2538,33.2993],[-80.4846,33.28],[-80.7903,33.1808],[-80.8462,33.2383],[-80.8895,33.2613],[-80.9184,33.2834],[-81.2227,33.44],[-81.3729,33.4904]]]}},{"type":"Feature","properties":{"cbsa":"19460","name":"Decatur, AL","is_metro":true,"region":"South","tax_per_capita":1227.96,"spend_per_capita":3831.39,"gap_per_capita":2603.43,"population":157418},"geometry":{"type":"Polygon","coordinates":[[[-87.5297,34.5671],[-87.4265,34.8],[-87.2979,34.7508],[-87.2228,34.7632],[-86.8386,34.5566],[-86.6894,34.5864],[-86.5789,34.5814],[-86.5813,34.3711],[-87.1101,34.3138],[-87.5297,34.3046],[-87.5297,34.5671]]]}},{"type":"Feature","properties":{"cbsa":"16660","name":"Charleston-Mattoon, IL","is_metro":false,"region":"Midwest","tax_per_capita":1412.03,"spend_per_capita":7188.95,"gap_per_capita":5776.92,"population":46346},"geometry":{"type":"Polygon","coordinates":[[[-88.4721,39.6516],[-88.063,39.6813],[-87.9602,39.4813],[-88.0121,39.379],[-88.4704,39.4326],[-88.4721,39.6516]]]}},{"type":"Feature","properties":{"cbsa":"45700","name":"Tifton, GA","is_metro":false,"region":"South","tax_per_capita":1832.71,"spend_per_capita":13732.46,"gap_per_capita":11899.74,"population":50171},"geometry":{"type":"Polygon","coordinates":[[[-83.8027,31.8036],[-83.6123,31.8541],[-83.4802,31.8473],[-83.4536,31.7579],[-83.5007,31.594],[-83.4208,31.5536],[-83.3695,31.4651],[-83.4345,31.3504],[-83.5126,31.3274],[-83.6518,31.4339],[-83.6506,31.4903],[-83.7188,31.622],[-83.8027,31.8036]]]}},{"type":"Feature","properties":{"cbsa":"31540","name":"Madison, WI","is_metro":true,"region":"Midwest","tax_per_capita":2653.78,"spend_per_capita":5832.1,"gap_per_capita":3178.31,"population":686829},"geometry":{"type":"Polygon","coordinates":[[[-90.4298,43.2009],[-90.1938,43.1645],[-90.0001,43.1946],[-89.7317,43.2522],[-89.6776,43.3612],[-89.5994,43.558],[-89.7858,43.641],[-89.5995,43.6426],[-89.1272,43.6317],[-89.0061,43.4588],[-89.0088,43.1977],[-89.3691,42.845],[-89.4014,42.5004],[-89.8376,42.5049],[-90.4269,42.8129],[-90.4298,43.2009]]]}},{"type":"Feature","properties":{"cbsa":"26540","name":"Huntington, IN","is_metro":false,"region":"Midwest","tax_per_capita":1028.56,"spend_per_capita":3953.02,"gap_per_capita":2924.46,"population":36800},"geometry":{"type":"Polygon","coordinates":[[[-85.6438,41.0023],[-85.3356,41.0052],[-85.336,40.9171],[-85.3347,40.6544],[-85.4488,40.6536],[-85.6386,40.6531],[-85.6438,41.0023]]]}},{"type":"Feature","properties":{"cbsa":"28660","name":"Killeen-Temple, TX","is_metro":true,"region":"South","tax_per_capita":1539.88,"spend_per_capita":4117.03,"gap_per_capita":2577.15,"population":494449},"geometry":{"type":"Polygon","coordinates":[[[-98.5627,31.2304],[-98.2711,31.4164],[-97.7664,31.6725],[-97.6052,31.5878],[-97.3434,31.2442],[-97.0701,30.986],[-97.3155,30.7524],[-97.7299,30.8876],[-97.8404,30.9293],[-98.4397,31.0296],[-98.5103,31.1557],[-98.5627,31.2304]]]}},{"type":"Feature","properties":{"cbsa":"11140","name":"Americus, GA","is_metro":false,"region":"South","tax_per_capita":1905.55,"spend_per_capita":5380.8,"gap_per_capita":3475.26,"population":33361},"geometry":{"type":"Polygon","coordinates":[[[-84.433,32.042],[-84.4302,32.1663],[-84.4103,32.2391],[-84.3818,32.428],[-84.2559,32.2962],[-84.1817,32.2297],[-84.0276,32.1712],[-83.9613,32.0306],[-83.9225,31.9097],[-84.3382,31.8736],[-84.4438,31.9675],[-84.433,32.042]]]}},{"type":"Feature","properties":{"cbsa":"12660","name":"Baraboo, WI","is_metro":false,"region":"Midwest","tax_per_capita":2522.41,"spend_per_capita":5903.63,"gap_per_capita":3381.22,"population":65770},"geometry":{"type":"Polygon","coordinates":[[[-90.3124,43.641],[-89.7858,43.641],[-89.5994,43.558],[-89.6776,43.3612],[-89.7317,43.2522],[-90.0001,43.1946],[-90.1938,43.1645],[-90.192,43.555],[-90.3124,43.641]]]}},{"type":"Feature","properties":{"cbsa":"17410","name":"Cleveland, OH","is_metro":true,"region":"Midwest","tax_per_capita":3176.14,"spend_per_capita":6233.58,"gap_per_capita":3057.44,"population":2160701},"geometry":{"type":"Polygon","coordinates":[[[-82.348,41.4273],[-82.1816,41.4716],[-81.9685,41.5039],[-81.8439,41.4946],[-81.7388,41.4885],[-81.4887,41.6345],[-81.3886,41.7071],[-81.1844,41.7867],[-81.0023,41.8492],[-80.8008,41.9096],[-80.5194,41.9775],[-80.5194,41.6698],[-81.0031,41.5015],[-81.3917,41.3483],[-81.5651,41.2778],[-81.6885,40.9886],[-82.1734,40.992],[-82.3365,41.0658],[-82.348,41.4273]]]}},{"type":"Feature","properties":{"cbsa":"18500","name":"Corning, NY","is_metro":false,"region":"Northeast","tax_per_capita":3126.06,"spend_per_capita":7995.19,"gap_per_capita":4869.13,"population":92505},"geometry":{"type":"Polygon","coordinates":[[[-77.723,42.4712],[-77.6613,42.5351],[-77.4909,42.5773],[-77.1438,42.5769],[-77.0997,42.2724],[-76.9658,42.0008],[-77.61,41.9991],[-77.723,42.4712]]]}},{"type":"Feature","properties":{"cbsa":"31940","name":"Marinette, WI-MI","is_metro":false,"region":"Midwest","tax_per_capita":1430.49,"spend_per_capita":4895.38,"gap_per_capita":3464.9,"population":65191},"geometry":{"type":"Polygon","coordinates":[[[-88.4253,45.7224],[-88.057,45.785],[-87.9959,45.7954],[-87.8798,45.7548],[-87.6972,45.723],[-87.6174,45.8988],[-87.3678,45.9853],[-87.3275,45.5513],[-87.2887,45.5016],[-87.4652,45.2734],[-87.5902,45.0953],[-87.6303,44.9769],[-87.7626,44.9628],[-88.1212,45.0236],[-88.1892,45.1118],[-88.3091,45.2016],[-88.4281,45.377],[-88.4253,45.7224]]]}},{"type":"Feature","properties":{"cbsa":"33500","name":"Minot, ND","is_metro":true,"region":"Midwest","tax_per_capita":1944.7,"spend_per_capita":5699.49,"gap_per_capita":3754.79,"population":76233},"geometry":{"type":"Polygon","coordinates":[[[-102.2336,48.7203],[-102.1522,48.8072],[-102.0212,48.9988],[-101.4966,48.9991],[-101.4513,48.5461],[-101.0596,48.6324],[-100.4065,48.5446],[-100.2766,48.3712],[-100.198,47.8477],[-100.9712,47.8487],[-101.8715,48.0232],[-101.9222,48.3723],[-101.9733,48.5465],[-102.2336,48.7203]]]}},{"type":"Feature","properties":{"cbsa":"24980","name":"Grenada, MS","is_metro":false,"region":"South","tax_per_capita":1152.85,"spend_per_capita":3765.64,"gap_per_capita":2612.8,"population":30697},"geometry":{"type":"Polygon","coordinates":[[[-90.1365,33.8093],[-89.9261,33.898],[-89.5074,33.8675],[-89.5069,33.6776],[-89.3811,33.4603],[-89.4538,33.2859],[-89.6463,33.4025],[-89.7869,33.6767],[-90.1368,33.7216],[-90.1365,33.8093]]]}},{"type":"Feature","properties":{"cbsa":"37580","name":"Paris, TX","is_metro":false,"region":"South","tax_per_capita":2087.52,"spend_per_capita":4564.81,"gap_per_capita":2477.29,"population":62120},"geometry":{"type":"Polygon","coordinates":[[[-95.8551,33.8279],[-95.8206,33.8585],[-95.7375,33.896],[-95.6037,33.9272],[-95.5253,33.8855],[-95.3523,33.8678],[-95.2834,33.8777],[-95.2264,33.962],[-95.1495,33.9363],[-95.0466,33.8626],[-94.9396,33.8105],[-94.8416,33.7394],[-94.7319,33.7208],[-94.7463,33.5543],[-94.7817,33.3189],[-94.8127,33.3756],[-95.1534,33.3808],[-95.3086,33.3807],[-95.4919,33.4553],[-95.6716,33.4726],[-95.827,33.459],[-95.8551,33.8279]]]}},{"type":"Feature","properties":{"cbsa":"42700","name":"Sebring, FL","is_metro":true,"region":"South","tax_per_capita":1166.46,"spend_per_capita":3548.93,"gap_per_capita":2382.47,"population":105649},"geometry":{"type":"Polygon","coordinates":[[[-81.5635,27.6466],[-81.1405,27.6013],[-81.1391,27.434],[-81.0344,27.3592],[-80.9521,27.2247],[-81.1691,27.2096],[-81.2677,27.1211],[-81.5625,27.0337],[-81.5641,27.3406],[-81.5635,27.6466]]]}},{"type":"Feature","properties":{"cbsa":"45780","name":"Toledo, OH","is_metro":true,"region":"Midwest","tax_per_capita":2705.4,"spend_per_capita":4184.74,"gap_per_capita":1479.33,"population":600519},"geometry":{"type":"Polygon","coordinates":[[[-84.3995,41.7059],[-84.1344,41.7129],[-83.7631,41.7235],[-83.4538,41.7326],[-83.3268,41.7016],[-83.1638,41.6241],[-83.4146,41.515],[-83.4198,41.254],[-83.8811,41.1678],[-83.8829,41.4875],[-84.3421,41.5141],[-84.3813,41.6167],[-84.3995,41.7059]]]}},{"type":"Feature","properties":{"cbsa":"15900","name":"Canton, IL","is_metro":false,"region":"Midwest","tax_per_capita":2416.52,"spend_per_capita":5174.62,"gap_per_capita":2758.1,"population":32935},"geometry":{"type":"Polygon","coordinates":[[[-90.4502,40.2763],[-90.4469,40.5398],[-90.4443,40.7149],[-89.989,40.6258],[-89.8725,40.5132],[-89.9247,40.4359],[-90.119,40.2353],[-90.4519,40.1888],[-90.4502,40.2763]]]}},{"type":"Feature","properties":{"cbsa":"12220","name":"Auburn-Opelika, AL","is_metro":true,"region":"South","tax_per_capita":1585.26,"spend_per_capita":5767.82,"gap_per_capita":4182.56,"population":199230},"geometry":{"type":"Polygon","coordinates":[[[-86.023,32.42],[-85.8861,32.4931],[-85.7986,32.5811],[-85.6959,32.5959],[-85.6799,32.7125],[-85.575,32.7363],[-85.1245,32.7516],[-85.0885,32.658],[-85.0698,32.5831],[-85.0011,32.5102],[-85.3338,32.4686],[-85.434,32.4098],[-85.8562,32.232],[-85.8987,32.275],[-85.9924,32.3382],[-86.023,32.42]]]}},{"type":"Feature","properties":{"cbsa":"33340","name":"Milwaukee-Waukesha, WI","is_metro":true,"region":"Midwest","tax_per_capita":2076.89,"spend_per_capita":5501.98,"gap_per_capita":3425.09,"population":1559128},"geometry":{"type":"Polygon","coordinates":[[[-88.5358,43.196],[-88.4184,43.3702],[-88.1609,43.5429],[-87.791,43.543],[-87.841,43.4207],[-87.8963,43.1971],[-87.9005,43.1259],[-87.8958,43.0158],[-87.8427,42.9441],[-87.8212,42.8423],[-88.3064,42.8421],[-88.5415,42.843],[-88.5358,43.196]]]}},{"type":"Feature","properties":{"cbsa":"22820","name":"Fort Morgan, CO","is_metro":false,"region":"West","tax_per_capita":3132.2,"spend_per_capita":5533.76,"gap_per_capita":2401.56,"population":29266},"geometry":{"type":"Polygon","coordinates":[[[-104.1505,40.3502],[-103.5818,40.5234],[-103.4654,40.4363],[-103.7057,40.0014],[-104.1505,40.3502]]]}},{"type":"Feature","properties":{"cbsa":"30420","name":"Lexington, NE","is_metro":false,"region":"Midwest","tax_per_capita":3334.11,"spend_per_capita":10159.25,"gap_per_capita":6825.14,"population":25740},"geometry":{"type":"Polygon","coordinates":[[[-100.2242,41.0466],[-99.4264,40.6998],[-99.4444,40.6779],[-99.6422,40.3512],[-100.0951,40.4387],[-99.9817,40.7],[-100.2242,41.0466]]]}},{"type":"Feature","properties":{"cbsa":"33910","name":"Monticello, NY","is_metro":false,"region":"Northeast","tax_per_capita":4622.7,"spend_per_capita":8794.83,"gap_per_capita":4172.13,"population":79735},"geometry":{"type":"Polygon","coordinates":[[[-75.1453,41.8497],[-74.4537,41.8756],[-74.3951,41.6449],[-74.4756,41.504],[-74.7563,41.4276],[-74.8904,41.4553],[-75.0439,41.5751],[-75.0493,41.6419],[-75.0744,41.8022],[-75.1453,41.8497]]]}},{"type":"Feature","properties":{"cbsa":"36220","name":"Odessa, TX","is_metro":true,"region":"South","tax_per_capita":2940.47,"spend_per_capita":6590.13,"gap_per_capita":3649.65,"population":161057},"geometry":{"type":"Polygon","coordinates":[[[-102.7991,32.0858],[-102.287,32.087],[-102.2873,31.6513],[-102.318,31.6513],[-102.7672,31.6517],[-102.7989,31.6518],[-102.7991,32.0858]]]}},{"type":"Feature","properties":{"cbsa":"33780","name":"Monroe, MI","is_metro":true,"region":"Midwest","tax_per_capita":1274.45,"spend_per_capita":4003.68,"gap_per_capita":2729.23,"population":155235},"geometry":{"type":"Polygon","coordinates":[[[-83.7739,42.0824],[-83.6616,42.0845],[-83.2842,42.09],[-83.2169,41.9886],[-83.326,41.925],[-83.3962,41.853],[-83.4241,41.7407],[-83.763,41.7236],[-83.7739,42.0824]]]}},{"type":"Feature","properties":{"cbsa":"37300","name":"Palestine, TX","is_metro":false,"region":"South","tax_per_capita":1489.58,"spend_per_capita":2938.53,"gap_per_capita":1448.95,"population":57227},"geometry":{"type":"Polygon","coordinates":[[[-96.0528,32.0059],[-95.4464,31.9985],[-95.4467,31.8431],[-95.3965,31.7653],[-95.2589,31.61],[-95.6518,31.5418],[-95.7101,31.6156],[-95.7873,31.6184],[-95.7797,31.6839],[-95.8759,31.7555],[-96.0225,31.9575],[-96.0528,32.0059]]]}},{"type":"Feature","properties":{"cbsa":"47380","name":"Waco, TX","is_metro":true,"region":"South","tax_per_capita":2400.26,"spend_per_capita":5393.63,"gap_per_capita":2993.38,"population":301825},"geometry":{"type":"Polygon","coordinates":[[[-97.8649,32.0873],[-97.6151,32.2035],[-97.4761,32.1735],[-97.38,31.9727],[-97.3828,31.8708],[-97.3265,31.7884],[-97.0373,31.8631],[-96.8011,31.5223],[-96.8305,31.1052],[-97.0701,30.986],[-97.3434,31.2442],[-97.6052,31.5878],[-97.7664,31.6725],[-97.8649,32.0873]]]}},{"type":"Feature","properties":{"cbsa":"40460","name":"Rockingham, NC","is_metro":false,"region":"South","tax_per_capita":509.88,"spend_per_capita":3286.82,"gap_per_capita":2776.95,"population":42573},"geometry":{"type":"Polygon","coordinates":[[[-80.0754,35.1431],[-79.6225,35.1626],[-79.5759,35.0699],[-79.5734,34.9922],[-79.6243,34.8554],[-79.6929,34.805],[-79.8495,34.9],[-79.924,35.1154],[-80.0754,35.1431]]]}},{"type":"Feature","properties":{"cbsa":"10700","name":"Albertville, AL","is_metro":false,"region":"South","tax_per_capita":1265.52,"spend_per_capita":6756.29,"gap_per_capita":5490.77,"population":99428},"geometry":{"type":"Polygon","coordinates":[[[-86.5813,34.3711],[-86.5334,34.5028],[-86.3302,34.5127],[-86.1485,34.5991],[-86.0577,34.476],[-86.1061,34.2008],[-86.2061,34.1726],[-86.453,34.2593],[-86.5819,34.3047],[-86.5813,34.3711]]]}},{"type":"Feature","properties":{"cbsa":"39060","name":"Pottsville, PA","is_metro":false,"region":"Northeast","tax_per_capita":1538.4,"spend_per_capita":4601.36,"gap_per_capita":3062.96,"population":143188},"geometry":{"type":"Polygon","coordinates":[[[-76.6829,40.667],[-76.3072,40.8018],[-76.2078,40.9497],[-76.028,40.9023],[-75.886,40.8163],[-75.8078,40.7075],[-75.9932,40.6397],[-76.1716,40.5349],[-76.5354,40.5552],[-76.6829,40.667]]]}},{"type":"Feature","properties":{"cbsa":"42680","name":"Sebastian-Vero Beach-West Vero Corridor, FL","is_metro":true,"region":"South","tax_per_capita":2209.91,"spend_per_capita":3796.12,"gap_per_capita":1586.21,"population":167267},"geometry":{"type":"Polygon","coordinates":[[[-80.8812,27.8092],[-80.5091,27.8221],[-80.3837,27.74],[-80.3167,27.5573],[-80.7772,27.5587],[-80.8731,27.6423],[-80.8812,27.8092]]]}},{"type":"Feature","properties":{"cbsa":"22420","name":"Flint, MI","is_metro":true,"region":"Midwest","tax_per_capita":1119.43,"spend_per_capita":5887.68,"gap_per_capita":4768.25,"population":401923},"geometry":{"type":"Polygon","coordinates":[[[-83.9321,43.2204],[-83.6111,43.2224],[-83.4534,42.8804],[-83.6865,42.7833],[-83.9225,42.7808],[-83.9291,43.1328],[-83.9321,43.2204]]]}},{"type":"Feature","properties":{"cbsa":"42940","name":"Sevierville, TN","is_metro":false,"region":"South","tax_per_capita":3542.2,"spend_per_capita":5050.82,"gap_per_capita":1508.61,"population":98806},"geometry":{"type":"Polygon","coordinates":[[[-83.7943,35.8871],[-83.6733,36.0385],[-83.4903,35.928],[-83.2618,35.825],[-83.2647,35.7031],[-83.3473,35.6605],[-83.4524,35.6029],[-83.5878,35.567],[-83.6629,35.5678],[-83.7053,35.7116],[-83.7943,35.8871]]]}},{"type":"Feature","properties":{"cbsa":"25200","name":"Hailey, ID","is_metro":false,"region":"West","tax_per_capita":2870.35,"spend_per_capita":5785.15,"gap_per_capita":2914.8,"population":31455},"geometry":{"type":"Polygon","coordinates":[[[-115.0831,43.6044],[-115.0423,43.7456],[-114.9967,43.9144],[-114.8734,43.9929],[-114.8138,43.9278],[-114.5623,43.8444],[-114.3593,43.8742],[-114.2757,43.8311],[-114.0297,43.7734],[-113.8753,43.6505],[-113.7012,43.5846],[-113.6352,43.3675],[-113.362,43.2847],[-113.0077,43.1109],[-113.2369,42.7622],[-113.1786,42.6755],[-113.3044,42.6287],[-113.4722,42.6694],[-113.4131,42.8492],[-113.7146,43.1998],[-113.7639,42.7645],[-114.05,42.765],[-114.3457,42.8091],[-114.5944,42.8509],[-115.0862,43.1981],[-115.0831,43.6044]]]}},{"type":"Feature","properties":{"cbsa":"18580","name":"Corpus Christi, TX","is_metro":true,"region":"South","tax_per_capita":2726.94,"spend_per_capita":5667.73,"gap_per_capita":2940.79,"population":446640},"geometry":{"type":"Polygon","coordinates":[[[-97.9343,27.8852],[-97.8014,28.0384],[-97.9041,28.1142],[-97.5676,28.1297],[-97.4824,28.1686],[-97.3172,28.1372],[-97.1449,28.1026],[-97.1238,28.2725],[-96.8309,28.1079],[-96.8865,28.0307],[-97.0437,27.8365],[-97.0907,27.7859],[-97.2127,27.5964],[-97.3252,27.5609],[-97.9421,27.6359],[-97.9343,27.8852]]]}},{"type":"Feature","properties":{"cbsa":"17580","name":"Clovis, NM","is_metro":false,"region":"West","tax_per_capita":1347.63,"spend_per_capita":4559.54,"gap_per_capita":3211.91,"population":66288},"geometry":{"type":"Polygon","coordinates":[[[-103.9488,34.6051],[-103.7061,34.605],[-103.4957,34.6914],[-103.3903,34.7781],[-103.2843,34.865],[-103.0427,34.9541],[-103.0431,34.6198],[-103.0439,34.3127],[-103.0435,34.0794],[-103.0526,33.5706],[-103.5101,33.5701],[-103.7183,33.6562],[-103.7169,33.8196],[-103.8417,34.0819],[-103.9488,34.6051]]]}},{"type":"Feature","properties":{"cbsa":"19220","name":"Danville, KY","is_metro":false,"region":"South","tax_per_capita":1378.52,"spend_per_capita":3393.38,"gap_per_capita":2014.85,"population":55270},"geometry":{"type":"Polygon","coordinates":[[[-85.0302,37.6313],[-84.7936,37.7172],[-84.6523,37.6509],[-84.6486,37.6099],[-84.5029,37.3288],[-84.7207,37.2383],[-84.7228,37.36],[-84.8474,37.5483],[-85.0397,37.5452],[-85.0302,37.6313]]]}},{"type":"Feature","properties":{"cbsa":"48980","name":"Wilson, NC","is_metro":false,"region":"South","tax_per_capita":1593.57,"spend_per_capita":4474.8,"gap_per_capita":2881.24,"population":78306},"geometry":{"type":"Polygon","coordinates":[[[-78.1921,35.7305],[-77.8284,35.8672],[-77.7184,35.7288],[-77.7007,35.6523],[-77.8225,35.5854],[-77.9539,35.5858],[-78.0648,35.5853],[-78.1921,35.7305]]]}},{"type":"Feature","properties":{"cbsa":"21700","name":"Eureka-Arcata, CA","is_metro":false,"region":"West","tax_per_capita":1823.98,"spend_per_capita":7643.61,"gap_per_capita":5819.63,"population":134944},"geometry":{"type":"Polygon","coordinates":[[[-124.387,40.505],[-124.1767,40.8436],[-124.1254,41.0485],[-124.164,41.1387],[-124.0923,41.2877],[-124.0675,41.4647],[-123.7702,41.3808],[-123.4878,41.3769],[-123.464,41.0763],[-123.4815,40.915],[-123.6238,40.9294],[-123.5441,40.7394],[-124.0252,40.0013],[-124.0689,40.0213],[-124.14,40.1163],[-124.2584,40.1843],[-124.3634,40.261],[-124.3654,40.3749],[-124.387,40.505]]]}},{"type":"Feature","properties":{"cbsa":"15980","name":"Cape Coral-Fort Myers, FL","is_metro":true,"region":"South","tax_per_capita":2144.46,"spend_per_capita":7535.2,"gap_per_capita":5390.74,"population":822391},"geometry":{"type":"Polygon","coordinates":[[[-82.2805,26.7893],[-81.9313,26.7701],[-81.5642,26.5425],[-81.5622,26.4226],[-81.6579,26.3176],[-81.819,26.3162],[-81.9236,26.4367],[-82.0139,26.4521],[-82.1267,26.4363],[-82.2454,26.6011],[-82.2647,26.7568],[-82.2805,26.7893]]]}},{"type":"Feature","properties":{"cbsa":"37740","name":"Payson, AZ","is_metro":false,"region":"West","tax_per_capita":1911.87,"spend_per_capita":4752.16,"gap_per_capita":2840.29,"population":53922},"geometry":{"type":"Polygon","coordinates":[[[-111.6596,34.3863],[-111.5547,34.4717],[-111.472,34.4623],[-111.4231,34.4372],[-111.3972,34.4261],[-111.1471,34.3752],[-110.9589,34.3145],[-110.7881,34.3091],[-110.7507,34.0],[-110.0006,33.5769],[-110.169,33.4517],[-110.4415,33.3817],[-110.4007,33.1988],[-110.5047,33.1862],[-110.6325,33.1428],[-110.7293,33.0273],[-110.9467,33.2501],[-111.04,33.466],[-111.2221,33.6024],[-111.3824,33.7582],[-111.4509,33.9199],[-111.495,33.9999],[-111.4772,34.1509],[-111.6596,34.3863]]]}},{"type":"Feature","properties":{"cbsa":"23420","name":"Fresno, CA","is_metro":true,"region":"West","tax_per_capita":1611.46,"spend_per_capita":8918.42,"gap_per_capita":7306.96,"population":1175688},"geometry":{"type":"Polygon","coordinates":[[[-120.656,36.9528],[-120.5417,37.0445],[-120.2412,37.1582],[-120.0521,37.1831],[-119.6512,37.4178],[-119.5842,37.4947],[-119.309,37.778],[-119.1243,37.7339],[-118.9171,37.5503],[-118.775,37.4631],[-118.716,37.3282],[-118.5927,37.1381],[-118.3608,36.8877],[-118.3606,36.7448],[-119.0144,36.6574],[-119.3046,36.6606],[-119.4663,36.5752],[-119.6663,36.419],[-119.9592,36.4009],[-119.9591,36.1817],[-120.4331,35.9689],[-120.6269,36.2032],[-120.5966,36.3285],[-120.9187,36.7404],[-120.656,36.9528]]]}},{"type":"Feature","properties":{"cbsa":"48940","name":"Wilmington, OH","is_metro":false,"region":"Midwest","tax_per_capita":1945.71,"spend_per_capita":4604.99,"gap_per_capita":2659.27,"population":41890},"geometry":{"type":"Polygon","coordinates":[[[-84.0075,39.2551],[-83.6702,39.5503],[-83.5878,39.4147],[-83.7848,39.2629],[-83.8657,39.2473],[-84.0075,39.2551]]]}},{"type":"Feature","properties":{"cbsa":"42860","name":"Seneca, SC","is_metro":false,"region":"South","tax_per_capita":1682.57,"spend_per_capita":3265.54,"gap_per_capita":1582.97,"population":80160},"geometry":{"type":"Polygon","coordinates":[[[-83.3532,34.7286],[-83.3239,34.7897],[-83.2526,34.8535],[-83.1406,34.9249],[-83.1086,35.0007],[-83.0084,35.0269],[-82.9436,34.9882],[-82.9005,34.7414],[-82.84,34.6233],[-82.9914,34.473],[-83.0483,34.4933],[-83.0969,34.5315],[-83.1546,34.5882],[-83.278,34.6449],[-83.34,34.6863],[-83.3532,34.7286]]]}},{"type":"Feature","properties":{"cbsa":"13740","name":"Billings, MT","is_metro":true,"region":"West","tax_per_capita":1603.21,"spend_per_capita":4207.66,"gap_per_capita":2604.45,"population":190275},"geometry":{"type":"Polygon","coordinates":[[[-110.0646,45.3488],[-109.932,45.5225],[-109.8088,45.5659],[-109.6854,45.609],[-109.5639,45.7835],[-109.506,45.8702],[-109.423,45.96],[-109.4162,46.1324],[-108.7797,46.1325],[-108.4049,46.236],[-108.0294,46.2641],[-107.9285,46.3953],[-107.7812,46.496],[-107.6124,46.3516],[-107.5115,46.0434],[-107.6745,45.9858],[-107.7988,45.9567],[-107.8818,45.8992],[-108.0696,45.7835],[-108.1932,45.4895],[-108.3164,45.4605],[-108.6822,45.4331],[-108.6996,45.2177],[-108.2175,45.0941],[-108.2485,45.0006],[-108.6215,44.9997],[-109.1034,45.0059],[-109.7985,45.0029],[-109.8122,45.1721],[-110.0646,45.3488]]]}},{"type":"Feature","properties":{"cbsa":"15100","name":"Brookings, SD","is_metro":false,"region":"Midwest","tax_per_capita":2701.92,"spend_per_capita":5969.49,"gap_per_capita":3267.56,"population":35491},"geometry":{"type":"Polygon","coordinates":[[[-97.128,44.5431],[-96.4533,44.5436],[-96.4524,44.1968],[-96.8892,44.1957],[-97.128,44.5431]]]}},{"type":"Feature","properties":{"cbsa":"34940","name":"Naples-Marco Island, FL","is_metro":true,"region":"South","tax_per_capita":3079.84,"spend_per_capita":4959.86,"gap_per_capita":1880.02,"population":397516},"geometry":{"type":"Polygon","coordinates":[[[-81.8465,26.3304],[-81.7462,26.3169],[-81.6595,26.4211],[-81.5638,26.5133],[-81.2718,26.5171],[-81.2682,26.2531],[-80.8729,25.9794],[-81.4423,25.8033],[-81.6147,25.894],[-81.6726,25.8567],[-81.7419,25.9527],[-81.8088,26.1522],[-81.8465,26.3304]]]}},{"type":"Feature","properties":{"cbsa":"29420","name":"Lake Havasu City-Kingman, AZ","is_metro":true,"region":"West","tax_per_capita":1464.88,"spend_per_capita":3364.66,"gap_per_capita":1899.78,"population":220905},"geometry":{"type":"Polygon","coordinates":[[[-114.7433,36.0705],[-114.6665,36.1173],[-114.572,36.1516],[-114.487,36.1294],[-114.4169,36.1458],[-114.3373,36.108],[-114.2706,36.0357],[-114.1517,36.0246],[-114.0999,36.1217],[-114.0482,36.2689],[-114.0495,36.6041],[-114.0506,37.0004],[-112.9665,37.0002],[-112.8295,37.0004],[-112.5386,37.0007],[-112.6004,36.8319],[-112.6209,36.5959],[-112.623,36.4747],[-112.6816,36.3417],[-112.7924,36.285],[-112.9029,36.2538],[-113.1371,36.1664],[-113.2249,36.0911],[-113.3542,36.0404],[-113.3349,35.9139],[-113.334,35.803],[-113.3341,35.5084],[-113.3334,34.3179],[-113.5395,34.3064],[-113.6791,34.21],[-114.0311,34.2598],[-114.1409,34.3059],[-114.2643,34.4013],[-114.3789,34.4504],[-114.4224,34.5807],[-114.491,34.7248],[-114.6344,34.8729],[-114.6335,35.0019],[-114.6199,35.1216],[-114.5727,35.1387],[-114.6271,35.4095],[-114.6631,35.5245],[-114.6534,35.6108],[-114.6973,35.7337],[-114.6697,35.8651],[-114.7312,35.9439],[-114.7433,36.0659],[-114.7433,36.0705]]]}},{"type":"Feature","properties":{"cbsa":"26380","name":"Houma-Bayou Cane-Thibodaux, LA","is_metro":true,"region":"South","tax_per_capita":1721.38,"spend_per_capita":6783.59,"gap_per_capita":5062.21,"population":200383},"geometry":{"type":"Polygon","coordinates":[[[-91.3349,29.2988],[-91.2655,29.361],[-91.2198,29.398],[-91.2211,29.5809],[-91.0826,29.6268],[-90.9818,29.7449],[-90.8853,29.8776],[-90.7787,29.922],[-90.6291,29.8952],[-90.4799,29.8474],[-90.372,29.7592],[-90.2282,29.692],[-90.1517,29.5879],[-90.1375,29.4772],[-90.0302,29.3321],[-90.0898,29.1645],[-90.2236,29.0851],[-90.4096,29.0584],[-90.4881,29.0588],[-90.7484,29.0401],[-90.8679,29.0561],[-90.9419,29.1624],[-91.0001,29.1695],[-91.1581,29.2181],[-91.3349,29.2988]]]}},{"type":"Feature","properties":{"cbsa":"39820","name":"Redding, CA","is_metro":true,"region":"West","tax_per_capita":1738.15,"spend_per_capita":7672.28,"gap_per_capita":5934.13,"population":180937},"geometry":{"type":"Polygon","coordinates":[[[-123.0688,40.3322],[-122.9037,40.4451],[-122.6953,40.5725],[-122.6698,40.7736],[-122.6005,40.8997],[-122.5278,41.0144],[-122.4571,41.0966],[-122.4984,41.1827],[-121.3318,41.1839],[-121.3278,40.4454],[-121.4976,40.4456],[-121.8065,40.4449],[-122.0103,40.4266],[-122.445,40.3734],[-122.6513,40.3283],[-122.8728,40.3488],[-122.9765,40.3152],[-123.0688,40.3322]]]}},{"type":"Feature","properties":{"cbsa":"25300","name":"Hannibal, MO","is_metro":false,"region":"Midwest","tax_per_capita":1699.58,"spend_per_capita":3308.49,"gap_per_capita":1608.91,"population":38899},"geometry":{"type":"Polygon","coordinates":[[[-91.8404,39.9482],[-91.429,39.9077],[-91.3979,39.8211],[-91.3646,39.7587],[-91.3058,39.6862],[-91.1829,39.5982],[-91.4382,39.3187],[-91.718,39.3391],[-91.7152,39.6576],[-91.8404,39.9482]]]}},{"type":"Feature","properties":{"cbsa":"12780","name":"Bartlesville, OK","is_metro":false,"region":"South","tax_per_capita":1244.22,"spend_per_capita":3022.3,"gap_per_capita":1778.07,"population":53238},"geometry":{"type":"Polygon","coordinates":[[[-96.0008,36.9992],[-95.9281,36.9992],[-95.8098,36.9419],[-95.8123,36.5794],[-96.0012,36.4237],[-96.0008,36.9992]]]}},{"type":"Feature","properties":{"cbsa":"20580","name":"Eagle Pass, TX","is_metro":true,"region":"South","tax_per_capita":1361.73,"spend_per_capita":4517.98,"gap_per_capita":3156.24,"population":57628},"geometry":{"type":"Polygon","coordinates":[[[-100.6712,29.0835],[-100.1143,28.6481],[-100.1975,28.197],[-100.2876,28.3011],[-100.3371,28.4272],[-100.3889,28.5157],[-100.4486,28.6168],[-100.5067,28.7167],[-100.5358,28.8059],[-100.6272,28.9037],[-100.6602,29.0315],[-100.6712,29.0835]]]}},{"type":"Feature","properties":{"cbsa":"33260","name":"Midland, TX","is_metro":true,"region":"South","tax_per_capita":3790.09,"spend_per_capita":6912.49,"gap_per_capita":3122.4,"population":177247},"geometry":{"type":"Polygon","coordinates":[[[-102.287,32.087],[-102.211,32.5232],[-101.6887,32.5252],[-101.7761,32.0869],[-102.2873,31.6513],[-102.287,32.087]]]}},{"type":"Feature","properties":{"cbsa":"33860","name":"Montgomery, AL","is_metro":true,"region":"South","tax_per_capita":1287.86,"spend_per_capita":5428.1,"gap_per_capita":4140.24,"population":385410},"geometry":{"type":"Polygon","coordinates":[[[-86.9176,32.6642],[-86.7142,32.7057],[-86.4131,32.7074],[-86.375,32.7536],[-86.0072,32.755],[-85.8861,32.4931],[-86.023,32.42],[-85.9193,32.2744],[-85.9969,32.051],[-86.1914,31.9665],[-86.3036,32.0517],[-86.405,31.9638],[-86.8576,31.9622],[-86.907,32.048],[-86.8103,32.2247],[-86.8149,32.3408],[-86.9176,32.6642]]]}},{"type":"Feature","properties":{"cbsa":"23820","name":"Gardnerville Ranchos, NV-CA","is_metro":false,"region":"West","tax_per_capita":2086.6,"spend_per_capita":5037.85,"gap_per_capita":2951.25,"population":50852},"geometry":{"type":"Polygon","coordinates":[[[-120.0725,38.5099],[-119.9649,38.776],[-119.9043,38.9333],[-120.002,39.0675],[-119.7612,39.114],[-119.3108,39.0847],[-119.4019,38.9837],[-119.406,38.7335],[-119.3296,38.5881],[-119.5854,38.7132],[-119.5424,38.4817],[-119.7054,38.4161],[-120.02,38.4335],[-120.0725,38.5099]]]}},{"type":"Feature","properties":{"cbsa":"45980","name":"Troy, AL","is_metro":false,"region":"South","tax_per_capita":1177.32,"spend_per_capita":4775.42,"gap_per_capita":3598.1,"population":33008},"geometry":{"type":"Polygon","coordinates":[[[-86.1914,31.9665],[-85.9969,32.051],[-85.8937,32.0474],[-85.79,31.9673],[-85.6577,31.8803],[-85.7357,31.6245],[-85.7891,31.618],[-86.1797,31.6164],[-86.1483,31.791],[-86.1914,31.9665]]]}},{"type":"Feature","properties":{"cbsa":"43760","name":"Sonora, CA","is_metro":false,"region":"West","tax_per_capita":2025.9,"spend_per_capita":5850.11,"gap_per_capita":3824.21,"population":54587},"geometry":{"type":"Polygon","coordinates":[[[-120.515,37.9534],[-120.4628,38.0119],[-120.1762,38.374],[-119.8847,38.3562],[-119.6392,38.3269],[-119.6042,38.235],[-119.5765,38.1577],[-119.4637,38.0983],[-119.3046,38.0239],[-119.2003,37.8858],[-119.269,37.7392],[-119.4268,37.8667],[-119.5357,37.9041],[-119.6672,37.8012],[-119.907,37.7579],[-120.1272,37.7816],[-120.3063,37.6654],[-120.3876,37.6337],[-120.515,37.9534]]]}},{"type":"Feature","properties":{"cbsa":"17220","name":"Clarksburg, WV","is_metro":false,"region":"South","tax_per_capita":2076.65,"spend_per_capita":4228.21,"gap_per_capita":2151.56,"population":88874},"geometry":{"type":"Polygon","coordinates":[[[-80.8887,39.2943],[-80.6186,39.4504],[-80.5445,39.4291],[-80.2821,39.4354],[-80.0873,39.3862],[-79.8947,39.4356],[-80.0234,39.2479],[-80.2247,39.171],[-80.3002,39.1039],[-80.5961,39.1671],[-80.7283,39.0957],[-80.9138,39.2729],[-80.8887,39.2943]]]}},{"type":"Feature","properties":{"cbsa":"19300","name":"Daphne-Fairhope-Foley, AL","is_metro":true,"region":"South","tax_per_capita":1847.53,"spend_per_capita":5012.27,"gap_per_capita":3164.74,"population":246531},"geometry":{"type":"Polygon","coordinates":[[[-88.0263,30.7534],[-87.9797,30.889],[-87.9652,30.9678],[-87.9762,31.0895],[-87.9729,31.1627],[-87.8359,31.2311],[-87.7652,31.2973],[-87.6159,31.2445],[-87.5988,30.9974],[-87.5921,30.9515],[-87.5423,30.7675],[-87.4423,30.6927],[-87.4012,30.6044],[-87.4447,30.5075],[-87.3666,30.4366],[-87.4523,30.3441],[-87.6569,30.2497],[-87.8932,30.2392],[-87.7967,30.3242],[-87.9141,30.4461],[-87.9017,30.5509],[-87.9311,30.6527],[-88.0263,30.7534]]]}},{"type":"Feature","properties":{"cbsa":"22220","name":"Fayetteville-Springdale-Rogers, AR","is_metro":true,"region":"South","tax_per_capita":1217.82,"spend_per_capita":3578.85,"gap_per_capita":2361.03,"population":576967},"geometry":{"type":"Polygon","coordinates":[[[-94.6179,36.4994],[-94.0771,36.499],[-93.8667,36.4989],[-93.8151,36.3066],[-93.6201,36.2012],[-93.4795,36.1251],[-93.4508,35.9675],[-93.5192,35.7635],[-93.9012,35.7741],[-93.9631,35.761],[-94.4931,35.7592],[-94.5321,35.9879],[-94.5623,36.162],[-94.6179,36.4994]]]}},{"type":"Feature","properties":{"cbsa":"44060","name":"Spokane-Spokane Valley, WA","is_metro":true,"region":"West","tax_per_capita":1883.94,"spend_per_capita":5030.21,"gap_per_capita":3146.27,"population":598023},"geometry":{"type":"Polygon","coordinates":[[[-118.4008,48.0287],[-118.2332,48.0653],[-118.1913,48.1599],[-118.1415,48.2602],[-118.2065,48.4703],[-118.105,48.6535],[-118.1955,48.8407],[-118.1974,49.0004],[-117.6073,49.0008],[-117.4304,48.9232],[-117.4985,48.8369],[-117.5638,48.743],[-117.6292,48.6559],[-117.5024,48.1347],[-117.437,48.0472],[-117.0413,47.9775],[-117.0405,47.366],[-117.8236,47.2602],[-117.8815,47.8475],[-118.2123,47.9455],[-118.3409,47.8943],[-118.4008,48.0287]]]}},{"type":"Feature","properties":{"cbsa":"39660","name":"Rapid City, SD","is_metro":true,"region":"Midwest","tax_per_capita":2288.13,"spend_per_capita":3825.08,"gap_per_capita":1536.94,"population":154029},"geometry":{"type":"Polygon","coordinates":[[[-104.0554,44.1411],[-103.453,44.2566],[-103.5677,44.6041],[-102.9574,45.0396],[-102.0004,44.5117],[-102.0073,43.9945],[-102.0335,43.6893],[-102.1752,43.6878],[-102.9025,43.6749],[-103.0009,43.4768],[-104.0548,43.5033],[-104.0555,43.8535],[-104.0554,44.1411]]]}},{"type":"Feature","properties":{"cbsa":"16980","name":"Chicago-Naperville-Elgin, IL-IN","is_metro":true,"region":"Midwest","tax_per_capita":3634.32,"spend_per_capita":7719.73,"gap_per_capita":4085.41,"population":9279427},"geometry":{"type":"Polygon","coordinates":[[[-88.9419,41.9789],[-88.8615,42.153],[-88.7056,42.1535],[-88.7074,42.4936],[-88.5069,42.4949],[-88.3047,42.4956],[-88.1994,42.4958],[-87.8034,42.4206],[-87.8348,42.3015],[-87.8006,42.2096],[-87.7592,42.1523],[-87.7414,42.128],[-87.6893,42.0819],[-87.669,42.0291],[-87.6241,41.9042],[-87.6123,41.8933],[-87.6163,41.8709],[-87.6094,41.8452],[-87.5606,41.766],[-87.5261,41.731],[-87.524,41.7083],[-87.4158,41.6882],[-87.2615,41.6203],[-87.1258,41.6503],[-86.9328,41.7165],[-86.9301,41.2368],[-86.9308,40.9124],[-86.9864,40.8379],[-87.0984,40.7365],[-87.5261,40.7369],[-87.5265,41.0103],[-87.5266,41.1661],[-87.7817,41.2959],[-88.0139,41.2924],[-88.2441,41.2016],[-88.2515,41.1142],[-88.5862,41.1083],[-88.596,41.4571],[-88.9387,41.6283],[-88.9419,41.9789]]]}},{"type":"Feature","properties":{"cbsa":"45300","name":"Tampa-St. Petersburg-Clearwater, FL","is_metro":true,"region":"South","tax_per_capita":1957.54,"spend_per_capita":4618.69,"gap_per_capita":2661.15,"population":3291341},"geometry":{"type":"Polygon","coordinates":[[[-82.8596,28.1741],[-82.7315,28.3251],[-82.6908,28.4333],[-82.6567,28.5448],[-82.6687,28.6941],[-82.4177,28.6659],[-82.2748,28.6562],[-82.0545,28.5214],[-82.0558,28.3128],[-82.0756,28.2592],[-82.1059,28.1716],[-82.0553,27.9273],[-82.5447,27.6581],[-82.4776,27.723],[-82.4488,27.81],[-82.5539,27.8485],[-82.5865,27.8167],[-82.625,27.7327],[-82.6775,27.6646],[-82.7331,27.613],[-82.7462,27.7313],[-82.8465,27.8543],[-82.8282,28.0201],[-82.8594,28.1722],[-82.8596,28.1741]]]}},{"type":"Feature","properties":{"cbsa":"43580","name":"Sioux City, IA-NE-SD","is_metro":true,"region":"Midwest","tax_per_capita":1987.97,"spend_per_capita":5792.43,"gap_per_capita":3804.46,"population":143737},"geometry":{"type":"Polygon","coordinates":[[[-96.8057,43.0837],[-96.4582,43.0676],[-96.4927,43.0051],[-96.5003,42.9594],[-96.5405,42.9086],[-96.5779,42.8276],[-96.6247,42.7255],[-96.5268,42.6412],[-95.8599,42.5606],[-95.7418,42.4749],[-95.6708,42.2114],[-96.3363,42.2189],[-96.352,42.2809],[-96.7267,42.278],[-96.6279,42.5271],[-96.7093,42.6038],[-96.7782,42.663],[-96.8074,42.7007],[-96.8057,43.0837]]]}},{"type":"Feature","properties":{"cbsa":"21460","name":"Enterprise, AL","is_metro":false,"region":"South","tax_per_capita":1178.7,"spend_per_capita":3861.49,"gap_per_capita":2682.79,"population":54840},"geometry":{"type":"Polygon","coordinates":[[[-86.194,31.4401],[-86.144,31.5377],[-85.7891,31.618],[-86.1254,31.1821],[-86.1963,31.4224],[-86.194,31.4401]]]}},{"type":"Feature","properties":{"cbsa":"14710","name":"Brattleboro, VT","is_metro":false,"region":"Northeast","tax_per_capita":2128.76,"spend_per_capita":5303.93,"gap_per_capita":3175.17,"population":45899},"geometry":{"type":"Polygon","coordinates":[[[-72.9971,43.1175],[-72.8481,43.2628],[-72.6854,43.2226],[-72.4406,43.2153],[-72.4518,43.1535],[-72.4622,43.0442],[-72.4926,42.9676],[-72.5315,42.898],[-72.5396,42.8048],[-72.4585,42.7269],[-72.8643,42.7377],[-72.9238,42.9274],[-72.9971,43.1175]]]}},{"type":"Feature","properties":{"cbsa":"24540","name":"Greeley, CO","is_metro":true,"region":"West","tax_per_capita":3742.23,"spend_per_capita":6773.19,"gap_per_capita":3030.96,"population":350266},"geometry":{"type":"MultiPolygon","coordinates":[[[[-104.9799,40.0331],[-104.9776,40.0331],[-104.9731,40.033],[-104.9731,40.0295],[-104.9799,40.0295],[-104.9799,40.0331]]],[[[-105.0567,40.3493],[-104.9456,40.3491],[-104.9444,40.4142],[-104.9441,40.5881],[-104.9434,40.9981],[-104.4971,41.0018],[-103.5745,41.0017],[-103.5818,40.5234],[-104.1505,40.3502],[-104.6406,40.0006],[-104.9614,40.0003],[-104.9785,40.0439],[-105.0528,40.0003],[-105.0551,40.2328],[-105.0567,40.3493]]]]}},{"type":"Feature","properties":{"cbsa":"29340","name":"Lake Charles, LA","is_metro":true,"region":"South","tax_per_capita":2698.34,"spend_per_capita":5603.12,"gap_per_capita":2904.78,"population":239113},"geometry":{"type":"Polygon","coordinates":[[[-93.9292,29.803],[-93.8523,29.8721],[-93.8078,29.9545],[-93.7062,30.0523],[-93.7024,30.1127],[-93.7134,30.2253],[-93.7072,30.2755],[-93.7453,30.397],[-93.4862,30.4025],[-93.3845,30.4902],[-93.1312,30.4031],[-93.0655,30.4387],[-92.774,30.4882],[-92.632,30.4812],[-92.631,30.3746],[-92.6255,30.0923],[-92.7372,30.0375],[-92.6161,29.5888],[-92.88,29.6803],[-93.0882,29.7491],[-93.2956,29.7751],[-93.5385,29.7633],[-93.7993,29.7153],[-93.8632,29.7241],[-93.9292,29.803]]]}},{"type":"Feature","properties":{"cbsa":"37140","name":"Paducah, KY-IL","is_metro":true,"region":"Multi-region","tax_per_capita":1489.9,"spend_per_capita":4814.02,"gap_per_capita":3324.12,"population":102522},"geometry":{"type":"Polygon","coordinates":[[[-89.1681,37.0742],[-89.058,37.1888],[-88.9335,37.2275],[-88.9279,37.2264],[-88.9051,37.3357],[-88.4903,37.1595],[-88.4838,37.0681],[-88.4446,37.0986],[-88.4718,37.2202],[-88.4869,37.3396],[-88.4186,37.422],[-88.3585,37.4049],[-88.3181,37.398],[-88.1935,37.1473],[-88.2092,37.0],[-88.3393,37.0612],[-88.4853,37.0011],[-88.8129,36.9469],[-89.0673,36.7728],[-89.156,36.7863],[-89.1477,36.8471],[-89.1031,36.9448],[-89.1329,36.9821],[-89.1666,37.0721],[-89.1681,37.0742]]]}},{"type":"Feature","properties":{"cbsa":"23540","name":"Gainesville, FL","is_metro":true,"region":"South","tax_per_capita":1559.06,"spend_per_capita":4256.85,"gap_per_capita":2697.79,"population":348296},"geometry":{"type":"Polygon","coordinates":[[[-83.1656,29.289],[-82.9844,29.471],[-82.9549,29.5856],[-82.9206,29.8241],[-82.8798,29.8868],[-82.8005,29.9321],[-82.7684,29.897],[-82.641,29.8285],[-82.5108,29.9452],[-82.2726,29.843],[-82.0556,29.7182],[-82.0559,29.4712],[-82.1098,29.4354],[-82.2114,29.4841],[-82.4032,29.2156],[-82.5356,29.0449],[-82.712,29.0308],[-82.7594,29.0066],[-82.8237,29.0989],[-82.8271,29.1584],[-82.9961,29.1781],[-83.0532,29.1308],[-83.0747,29.248],[-83.1656,29.289]]]}},{"type":"Feature","properties":{"cbsa":"14620","name":"Bradford, PA","is_metro":false,"region":"Northeast","tax_per_capita":1379.02,"spend_per_capita":5833.77,"gap_per_capita":4454.76,"population":39819},"geometry":{"type":"Polygon","coordinates":[[[-78.9486,41.8305],[-78.9189,41.9991],[-78.3081,41.9991],[-78.2064,41.9991],[-78.4122,41.6173],[-78.4838,41.6315],[-78.9486,41.8305]]]}},{"type":"Feature","properties":{"cbsa":"16260","name":"Cedar City, UT","is_metro":false,"region":"West","tax_per_capita":1470.15,"spend_per_capita":3033.1,"gap_per_capita":1562.95,"population":62508},"geometry":{"type":"Polygon","coordinates":[[[-114.0517,37.746],[-114.0499,38.1486],[-112.817,38.1475],[-112.4683,37.8905],[-112.5786,37.8045],[-112.6838,37.5437],[-112.9009,37.5],[-113.037,37.4745],[-113.2533,37.529],[-113.4745,37.6183],[-114.0525,37.6048],[-114.0517,37.746]]]}},{"type":"Feature","properties":{"cbsa":"45000","name":"Susanville, CA","is_metro":false,"region":"West","tax_per_capita":1111.03,"spend_per_capita":5606.33,"gap_per_capita":4495.3,"population":30020},"geometry":{"type":"Polygon","coordinates":[[[-121.3318,41.1839],[-119.9999,41.184],[-119.9975,40.721],[-119.9971,40.1264],[-119.9999,39.7224],[-120.1471,39.7077],[-120.1088,39.9395],[-120.2096,40.086],[-120.4459,40.1769],[-120.6522,40.3077],[-120.9286,40.1919],[-121.0614,40.4465],[-121.32,40.9059],[-121.3318,41.1839]]]}},{"type":"Feature","properties":{"cbsa":"19430","name":"Dayton-Kettering-Beavercreek, OH","is_metro":true,"region":"Midwest","tax_per_capita":2562.1,"spend_per_capita":5707.73,"gap_per_capita":3145.63,"population":812714},"geometry":{"type":"Polygon","coordinates":[[[-84.4854,39.9185],[-84.4299,40.0944],[-84.2187,40.2],[-84.0361,40.0402],[-84.0537,39.8507],[-83.9413,39.8288],[-83.8295,39.7978],[-83.7201,39.7799],[-83.6533,39.7169],[-83.977,39.5694],[-84.2862,39.5896],[-84.4792,39.591],[-84.4854,39.9185]]]}},{"type":"Feature","properties":{"cbsa":"40220","name":"Roanoke, VA","is_metro":true,"region":"South","tax_per_capita":2050.72,"spend_per_capita":4778.75,"gap_per_capita":2728.03,"population":314150},"geometry":{"type":"Polygon","coordinates":[[[-80.4648,37.4261],[-80.2916,37.5365],[-80.2234,37.6232],[-80.1456,37.5964],[-79.9176,37.7018],[-79.6742,37.7631],[-79.4987,37.5328],[-79.6588,37.485],[-79.7887,37.3494],[-79.8584,37.2672],[-79.7183,37.1897],[-79.5941,37.0422],[-79.7618,36.7883],[-80.0415,36.7944],[-80.2355,36.8721],[-80.1287,37.1229],[-80.1778,37.1342],[-80.2586,37.3087],[-80.3248,37.3688],[-80.4468,37.3276],[-80.4648,37.4261]]]}},{"type":"Feature","properties":{"cbsa":"28180","name":"Kapaa, HI","is_metro":false,"region":"West","tax_per_capita":3137.62,"spend_per_capita":4318.62,"gap_per_capita":1181.0,"population":73783},"geometry":{"type":"MultiPolygon","coordinates":[[[[-159.7837,22.0649],[-159.7305,22.14],[-159.6116,22.2014],[-159.5439,22.2217],[-159.4879,22.2295],[-159.4025,22.2326],[-159.3123,22.1831],[-159.3183,22.0614],[-159.3326,21.9994],[-159.3853,21.9124],[-159.5269,21.8839],[-159.6033,21.8922],[-159.7078,21.9612],[-159.7867,22.0188],[-159.7837,22.0649]]],[[[-160.2496,21.8151],[-160.194,21.9224],[-160.1223,21.9629],[-160.0721,22.0033],[-160.0511,21.9811],[-160.0858,21.9273],[-160.1243,21.8768],[-160.1748,21.8469],[-160.2059,21.7795],[-160.2496,21.8151]]]]}},{"type":"Feature","properties":{"cbsa":"45460","name":"Terre Haute, IN","is_metro":true,"region":"Midwest","tax_per_capita":1272.48,"spend_per_capita":4272.7,"gap_per_capita":3000.22,"population":168596},"geometry":{"type":"Polygon","coordinates":[[[-87.6404,39.1667],[-87.5935,39.2475],[-87.6004,39.3129],[-87.5316,39.3479],[-87.5317,39.4771],[-87.5327,39.6649],[-87.5323,40.0116],[-87.531,40.148],[-87.4067,40.1275],[-87.4202,39.9525],[-87.396,39.6529],[-87.199,39.6071],[-87.0145,39.4736],[-86.9425,39.342],[-87.0546,39.1681],[-87.241,38.9079],[-87.5287,38.9059],[-87.5295,38.9719],[-87.5726,39.0573],[-87.6384,39.1578],[-87.6404,39.1667]]]}},{"type":"Feature","properties":{"cbsa":"41780","name":"Sandusky, OH","is_metro":true,"region":"Midwest","tax_per_capita":2677.73,"spend_per_capita":5295.63,"gap_per_capita":2617.9,"population":114482},"geometry":{"type":"MultiPolygon","coordinates":[[[[-82.8633,41.6937],[-82.8257,41.7228],[-82.7827,41.694],[-82.7889,41.643],[-82.8421,41.6283],[-82.8633,41.6937]]],[[[-83.4159,41.6191],[-83.0666,41.5953],[-82.9344,41.5144],[-82.8341,41.5876],[-82.6906,41.4967],[-82.617,41.4284],[-82.4606,41.3863],[-82.348,41.4273],[-82.8415,41.29],[-82.9522,41.4582],[-83.4146,41.5002],[-83.4159,41.6191]]]]}},{"type":"Feature","properties":{"cbsa":"39580","name":"Raleigh-Cary, NC","is_metro":true,"region":"South","tax_per_capita":2069.95,"spend_per_capita":4346.58,"gap_per_capita":2276.63,"population":1480080},"geometry":{"type":"Polygon","coordinates":[[[-78.947,35.7414],[-78.9061,35.8681],[-78.7591,35.9184],[-78.7513,36.0708],[-78.5464,36.0218],[-78.4966,36.1752],[-78.3781,36.2351],[-78.1334,36.2464],[-78.0066,36.2026],[-78.2325,35.7513],[-78.1255,35.6031],[-78.1549,35.4178],[-78.3066,35.2876],[-78.492,35.2634],[-78.5299,35.3349],[-78.7089,35.5195],[-78.995,35.6102],[-78.947,35.7414]]]}},{"type":"Feature","properties":{"cbsa":"33060","name":"Miami, OK","is_metro":false,"region":"South","tax_per_capita":974.64,"spend_per_capita":3643.21,"gap_per_capita":2668.57,"population":30329},"geometry":{"type":"Polygon","coordinates":[[[-95.0076,36.9995],[-94.7128,36.9988],[-94.6183,36.7666],[-94.9994,36.6706],[-95.0341,36.9942],[-95.0076,36.9995]]]}},{"type":"Feature","properties":{"cbsa":"27140","name":"Jackson, MS","is_metro":true,"region":"South","tax_per_capita":1358.8,"spend_per_capita":3931.33,"gap_per_capita":2572.53,"population":610703},"geometry":{"type":"Polygon","coordinates":[[[-90.7598,32.8358],[-90.4499,32.9233],[-90.364,33.0106],[-90.3303,33.1378],[-90.2796,33.3395],[-90.1746,33.3334],[-89.8964,32.9326],[-89.73,32.8851],[-89.7302,32.5772],[-89.3227,32.2235],[-89.7304,32.222],[-89.6621,32.0472],[-89.7551,31.7747],[-90.1226,31.7527],[-90.2452,31.7175],[-90.4142,31.7005],[-90.7363,31.7861],[-90.7183,32.0484],[-90.7052,32.3468],[-90.5538,32.5076],[-90.6546,32.546],[-90.7201,32.6189],[-90.7232,32.6621],[-90.7426,32.7292],[-90.7598,32.8358]]]}},{"type":"Feature","properties":{"cbsa":"24020","name":"Glens Falls, NY","is_metro":true,"region":"Northeast","tax_per_capita":3754.79,"spend_per_capita":6861.32,"gap_per_capita":3106.52,"population":126237},"geometry":{"type":"Polygon","coordinates":[[[-74.2146,43.7287],[-73.4381,43.8037],[-73.3507,43.7705],[-73.3937,43.6992],[-73.425,43.5988],[-73.3277,43.6259],[-73.242,43.5349],[-73.2554,43.3145],[-73.2738,42.9436],[-73.6355,42.9413],[-73.5733,43.1005],[-73.5793,43.2089],[-73.5889,43.2982],[-73.7398,43.2656],[-73.8358,43.2538],[-73.8841,43.398],[-74.2146,43.7287]]]}},{"type":"Feature","properties":{"cbsa":"37100","name":"Oxnard-Thousand Oaks-Ventura, CA","is_metro":true,"region":"West","tax_per_capita":2778.93,"spend_per_capita":7824.02,"gap_per_capita":5045.09,"population":832871},"geometry":{"type":"MultiPolygon","coordinates":[[[[-119.4779,34.3788],[-119.4404,34.4418],[-119.2764,34.8725],[-118.9779,34.8117],[-118.6368,34.2918],[-118.6325,34.2404],[-118.668,34.1992],[-118.7889,34.1682],[-118.941,34.0748],[-118.9547,34.0482],[-119.1098,34.0946],[-119.257,34.2133],[-119.2701,34.2529],[-119.3758,34.3211],[-119.4779,34.3788]]],[[[-119.4707,34.054],[-119.4427,34.0542],[-119.3642,34.0508],[-119.3631,34.0005],[-119.3916,33.9946],[-119.4877,33.9965],[-119.4707,34.054]]],[[[-119.5789,33.2786],[-119.5105,33.3073],[-119.4272,33.266],[-119.4296,33.2282],[-119.4647,33.2154],[-119.5459,33.2334],[-119.5789,33.2786]]]]}},{"type":"Feature","properties":{"cbsa":"27940","name":"Juneau, AK","is_metro":false,"region":"West","tax_per_capita":3847.7,"spend_per_capita":11690.8,"gap_per_capita":7843.1,"population":31740},"geometry":{"type":"MultiPolygon","coordinates":[[[[-134.7727,58.1665],[-134.7,58.1615],[-134.4618,58.1593],[-134.2562,58.1448],[-134.5384,58.0982],[-134.6978,58.032],[-134.7727,58.1665]]],[[[-135.2191,58.975],[-134.328,58.963],[-134.2505,58.858],[-133.6998,58.6073],[-133.4615,58.3855],[-133.1769,58.1505],[-133.703,57.792],[-133.8488,57.9354],[-134.0782,58.152],[-134.2346,58.1972],[-134.4646,58.2274],[-134.7506,58.3915],[-135.0618,58.4514],[-135.2191,58.975]]]]}},{"type":"Feature","properties":{"cbsa":"24860","name":"Greenville-Anderson-Greer, SC","is_metro":true,"region":"South","tax_per_capita":1526.97,"spend_per_capita":5784.6,"gap_per_capita":4257.63,"population":958918},"geometry":{"type":"Polygon","coordinates":[[[-82.9813,34.4897],[-82.8556,34.7253],[-82.9033,34.935],[-82.8976,35.056],[-82.7833,35.0856],[-82.7464,35.0791],[-82.5777,35.1465],[-82.4556,35.1774],[-82.3532,35.1987],[-82.216,35.1933],[-82.1652,34.7965],[-82.0046,34.6623],[-81.8519,34.5948],[-81.6436,34.5337],[-81.8953,34.3005],[-82.0837,34.2992],[-82.2463,34.4097],[-82.3139,34.4843],[-82.745,34.2449],[-82.7803,34.2967],[-82.842,34.3998],[-82.9258,34.4818],[-82.9813,34.4897]]]}},{"type":"Feature","properties":{"cbsa":"39780","name":"Red Bluff, CA","is_metro":false,"region":"West","tax_per_capita":1409.55,"spend_per_capita":5999.04,"gap_per_capita":4589.49,"population":65299},"geometry":{"type":"Polygon","coordinates":[[[-123.0654,40.287],[-122.9185,40.3068],[-122.7494,40.3655],[-122.524,40.3945],[-122.3104,40.3711],[-121.941,40.4153],[-121.6463,40.4347],[-121.4704,40.3502],[-121.3684,40.2122],[-121.5864,40.1005],[-121.7032,39.9842],[-122.0449,39.8838],[-122.9118,39.7995],[-122.9501,39.9077],[-122.934,39.9781],[-122.9775,40.2413],[-123.0654,40.287]]]}},{"type":"Feature","properties":{"cbsa":"47820","name":"Washington, NC","is_metro":false,"region":"South","tax_per_capita":1482.84,"spend_per_capita":4246.44,"gap_per_capita":2763.6,"population":44400},"geometry":{"type":"Polygon","coordinates":[[[-77.1738,35.4726],[-77.0848,35.5524],[-77.174,35.7328],[-76.8473,35.72],[-76.6375,35.7052],[-76.4678,35.5565],[-76.5991,35.52],[-76.5905,35.3619],[-76.8455,35.2161],[-76.9589,35.301],[-77.1738,35.4726]]]}},{"type":"Feature","properties":{"cbsa":"44980","name":"Sunbury, PA","is_metro":false,"region":"Northeast","tax_per_capita":1486.6,"spend_per_capita":4755.73,"gap_per_capita":3269.13,"population":108177},"geometry":{"type":"Polygon","coordinates":[[[-76.9399,40.6381],[-76.8498,40.8091],[-76.874,40.9468],[-76.8961,41.1391],[-76.7908,41.1757],[-76.6788,41.1542],[-76.619,41.0638],[-76.528,40.8826],[-76.4115,40.8335],[-76.6829,40.667],[-76.9193,40.6035],[-76.9399,40.6381]]]}},{"type":"Feature","properties":{"cbsa":"31080","name":"Los Angeles-Long Beach-Anaheim, CA","is_metro":true,"region":"West","tax_per_capita":3447.99,"spend_per_capita":8774.74,"gap_per_capita":5326.75,"population":12870137},"geometry":{"type":"MultiPolygon","coordinates":[[[[-118.594,33.4672],[-118.3703,33.4093],[-118.3252,33.2991],[-118.4654,33.3261],[-118.5634,33.4344],[-118.594,33.4672]]],[[[-118.594,33.036],[-118.4468,32.8954],[-118.4256,32.8006],[-118.5815,32.9317],[-118.594,33.036]]],[[[-118.941,34.0748],[-118.7889,34.1682],[-118.668,34.1992],[-118.6325,34.2404],[-118.6368,34.2918],[-118.8946,34.818],[-117.6675,34.8225],[-117.6552,34.397],[-117.6936,34.1216],[-117.7294,34.0255],[-117.7677,34.0235],[-117.7833,33.9463],[-117.6621,33.8575],[-117.413,33.659],[-117.4927,33.5577],[-117.5086,33.4696],[-117.5962,33.387],[-117.7153,33.4606],[-117.7391,33.4933],[-117.8403,33.5735],[-118.0006,33.6543],[-118.1151,33.7438],[-118.1837,33.7361],[-118.2587,33.7037],[-118.3333,33.7212],[-118.3966,33.7359],[-118.3943,33.8043],[-118.4606,33.9691],[-118.5195,34.0275],[-118.6794,34.0333],[-118.8051,34.0012],[-118.9445,34.0467],[-118.941,34.0748]]]]}},{"type":"Feature","properties":{"cbsa":"28580","name":"Key West-Key Largo, FL","is_metro":false,"region":"South","tax_per_capita":5173.53,"spend_per_capita":9084.75,"gap_per_capita":3911.22,"population":81618},"geometry":{"type":"MultiPolygon","coordinates":[[[[-81.1487,24.7105],[-80.8475,24.8518],[-80.5166,25.0955],[-80.4954,25.1998],[-80.4828,25.2248],[-80.4189,25.2363],[-80.3951,25.2729],[-80.2655,25.3543],[-80.2386,25.3268],[-80.4968,24.9993],[-80.9662,24.7079],[-81.1487,24.7105]]],[[[-81.4423,25.8033],[-80.8732,25.364],[-80.8755,25.1743],[-81.0096,25.1254],[-81.1423,25.183],[-81.1481,25.3328],[-81.2082,25.5049],[-81.2899,25.6736],[-81.3838,25.7768],[-81.4423,25.8033]]],[[[-81.8117,24.5687],[-81.6723,24.6995],[-81.5712,24.7564],[-81.3051,24.7552],[-81.3422,24.6378],[-81.4439,24.6427],[-81.5953,24.5931],[-81.8125,24.5455],[-81.8117,24.5687]]],[[[-82.0149,24.5431],[-81.9839,24.5807],[-81.8687,24.5841],[-81.9189,24.4981],[-82.0281,24.4987],[-82.0149,24.5431]]],[[[-82.188,24.5747],[-82.1441,24.6225],[-82.0866,24.5901],[-82.1008,24.5333],[-82.1795,24.5295],[-82.188,24.5747]]]]}},{"type":"Feature","properties":{"cbsa":"11660","name":"Arkadelphia, AR","is_metro":false,"region":"South","tax_per_capita":905.48,"spend_per_capita":3748.87,"gap_per_capita":2843.39,"population":21276},"geometry":{"type":"Polygon","coordinates":[[[-93.4785,34.3408],[-93.3569,34.2803],[-93.035,34.2366],[-92.8861,34.1557],[-92.9612,33.9736],[-92.8932,33.8101],[-93.0315,33.7698],[-93.2585,33.8289],[-93.4351,34.0705],[-93.5022,34.2141],[-93.4785,34.3408]]]}},{"type":"Feature","properties":{"cbsa":"25775","name":"Henderson, KY","is_metro":false,"region":"South","tax_per_capita":1383.33,"spend_per_capita":4027.07,"gap_per_capita":2643.74,"population":56771},"geometry":{"type":"Polygon","coordinates":[[[-87.933,37.4801],[-87.7622,37.7627],[-87.9254,37.8996],[-87.8725,37.921],[-87.7236,37.8921],[-87.6816,37.8559],[-87.6085,37.8988],[-87.4863,37.9202],[-87.4186,37.9448],[-87.3041,37.8934],[-87.2716,37.7801],[-87.4085,37.6836],[-87.4953,37.6475],[-87.3751,37.57],[-87.5936,37.462],[-87.801,37.3794],[-87.93,37.4092],[-87.933,37.4801]]]}},{"type":"Feature","properties":{"cbsa":"20020","name":"Dothan, AL","is_metro":true,"region":"South","tax_per_capita":1199.24,"spend_per_capita":6955.89,"gap_per_capita":5756.65,"population":152477},"geometry":{"type":"Polygon","coordinates":[[[-86.1935,31.1922],[-85.7914,31.1963],[-85.6661,31.2673],[-85.4174,31.315],[-85.416,31.7067],[-85.1254,31.763],[-85.1255,31.695],[-85.058,31.5708],[-85.0517,31.5195],[-85.066,31.4314],[-85.0879,31.3216],[-85.0898,31.295],[-85.1075,31.1865],[-85.0211,31.0755],[-85.0025,31.0007],[-85.146,31.0007],[-85.4883,30.998],[-85.7497,30.9953],[-86.035,30.9937],[-86.1872,30.9941],[-86.1935,31.1922]]]}},{"type":"Feature","properties":{"cbsa":"45900","name":"Traverse City, MI","is_metro":true,"region":"Midwest","tax_per_capita":2048.2,"spend_per_capita":6494.87,"gap_per_capita":4446.67,"population":155752},"geometry":{"type":"MultiPolygon","coordinates":[[[[-86.1381,45.043],[-86.0444,45.1596],[-85.9894,45.1511],[-85.954,45.1193],[-85.9769,45.0627],[-86.0815,44.9901],[-86.1548,45.0024],[-86.1381,45.043]]],[[[-86.2485,44.699],[-86.0892,44.7415],[-86.066,44.8215],[-85.9802,44.9061],[-85.8543,44.9381],[-85.7464,45.0512],[-85.6331,45.1709],[-85.5315,45.1772],[-85.5551,45.027],[-85.4752,44.9911],[-85.4738,44.8594],[-85.3328,44.8124],[-84.8473,44.858],[-85.334,44.5123],[-85.8178,44.513],[-86.2207,44.5667],[-86.2485,44.699]]]]}},{"type":"Feature","properties":{"cbsa":"30860","name":"Logan, UT-ID","is_metro":true,"region":"West","tax_per_capita":1613.62,"spend_per_capita":4111.77,"gap_per_capita":2498.16,"population":155315},"geometry":{"type":"Polygon","coordinates":[[[-112.1095,41.9976],[-112.1093,42.1699],[-112.1262,42.2852],[-111.8967,42.2563],[-111.7337,42.4306],[-111.5522,42.3514],[-111.5991,42.099],[-111.5078,41.9997],[-111.4715,41.9282],[-111.4431,41.5313],[-111.6669,41.4288],[-111.8855,41.4263],[-111.9839,41.5359],[-112.0088,41.7951],[-112.1095,41.9976]]]}},{"type":"Feature","properties":{"cbsa":"29820","name":"Las Vegas-Henderson-North Las Vegas, NV","is_metro":true,"region":"West","tax_per_capita":1908.67,"spend_per_capita":5298.46,"gap_per_capita":3389.79,"population":2322535},"geometry":{"type":"Polygon","coordinates":[[[-115.8969,36.8421],[-114.7623,36.8439],[-114.0495,36.6041],[-114.0482,36.2689],[-114.0999,36.1217],[-114.1517,36.0246],[-114.2706,36.0357],[-114.3373,36.108],[-114.4169,36.1458],[-114.487,36.1294],[-114.572,36.1516],[-114.6665,36.1173],[-114.7433,36.0705],[-114.7428,36.01],[-114.7003,35.9018],[-114.7037,35.8146],[-114.6894,35.6514],[-114.656,35.588],[-114.6645,35.4495],[-114.5871,35.2624],[-114.5991,35.121],[-114.6251,35.0685],[-114.8042,35.1397],[-115.0438,35.332],[-115.3037,35.5382],[-115.6477,35.8094],[-115.8461,35.9636],[-115.8958,36.1722],[-115.8969,36.8421]]]}},{"type":"Feature","properties":{"cbsa":"31300","name":"Lumberton, NC","is_metro":false,"region":"South","tax_per_capita":1091.14,"spend_per_capita":4390.65,"gap_per_capita":3299.51,"population":116466},"geometry":{"type":"Polygon","coordinates":[[[-79.4618,34.63],[-79.3479,34.8386],[-79.0387,34.9527],[-78.902,34.8353],[-78.869,34.4848],[-79.0712,34.2993],[-79.3583,34.5454],[-79.4618,34.63]]]}},{"type":"Feature","properties":{"cbsa":"18700","name":"Corvallis, OR","is_metro":true,"region":"West","tax_per_capita":1879.35,"spend_per_capita":4921.86,"gap_per_capita":3042.51,"population":97661},"geometry":{"type":"Polygon","coordinates":[[[-123.8165,44.3153],[-123.7201,44.4334],[-123.6026,44.7212],[-123.0731,44.6524],[-123.1856,44.5872],[-123.2534,44.5728],[-123.2418,44.5446],[-123.2381,44.528],[-123.2122,44.5039],[-123.2151,44.4942],[-123.2053,44.443],[-123.2279,44.4078],[-123.2457,44.3321],[-123.5933,44.2767],[-123.8165,44.3153]]]}},{"type":"Feature","properties":{"cbsa":"46140","name":"Tulsa, OK","is_metro":true,"region":"South","tax_per_capita":1839.79,"spend_per_capita":3713.17,"gap_per_capita":1873.38,"population":1034048},"geometry":{"type":"Polygon","coordinates":[[[-97.0641,36.6842],[-96.8895,36.7512],[-96.7498,36.999],[-96.5003,36.9986],[-96.0008,36.9992],[-95.8123,36.4236],[-95.8095,36.5975],[-95.3284,36.5976],[-95.4356,36.5102],[-95.2079,36.0748],[-95.2315,35.8512],[-95.3623,35.8226],[-95.5897,35.7652],[-95.7661,35.8563],[-95.7131,35.7258],[-95.8224,35.5517],[-95.8753,35.4636],[-95.9815,35.3768],[-96.0878,35.552],[-96.1926,35.6391],[-96.6197,35.9416],[-96.6221,36.1599],[-96.819,36.2465],[-96.9249,36.3333],[-97.0321,36.507],[-96.888,36.5749],[-97.0576,36.5939],[-97.0641,36.6842]]]}},{"type":"Feature","properties":{"cbsa":"39380","name":"Pueblo, CO","is_metro":true,"region":"West","tax_per_capita":2047.02,"spend_per_capita":5116.37,"gap_per_capita":3069.34,"population":169472},"geometry":{"type":"Polygon","coordinates":[[[-105.0492,38.258],[-104.9415,38.5196],[-104.0543,38.5224],[-104.0582,38.1465],[-104.3511,37.8175],[-105.0137,37.8813],[-105.0492,38.258]]]}},{"type":"Feature","properties":{"cbsa":"45820","name":"Topeka, KS","is_metro":true,"region":"Midwest","tax_per_capita":1788.78,"spend_per_capita":4996.24,"gap_per_capita":3207.46,"population":231897},"geometry":{"type":"Polygon","coordinates":[[[-96.5016,38.8697],[-96.3908,39.0433],[-96.3314,39.1589],[-96.0836,39.1935],[-96.0357,39.1441],[-96.036,39.5661],[-95.7889,39.653],[-95.5643,39.5659],[-95.5704,39.419],[-95.1801,39.1289],[-95.3451,39.0322],[-95.4307,39.0693],[-95.5007,38.8698],[-95.508,38.6953],[-95.9503,38.4341],[-95.9459,38.7391],[-96.3897,38.739],[-96.5014,38.8262],[-96.5016,38.8697]]]}},{"type":"Feature","properties":{"cbsa":"18140","name":"Columbus, OH","is_metro":true,"region":"Midwest","tax_per_capita":3249.07,"spend_per_capita":5889.76,"gap_per_capita":2640.69,"population":2162066},"geometry":{"type":"Polygon","coordinates":[[[-83.6472,39.773],[-83.5161,40.0108],[-83.4945,40.2255],[-83.5202,40.5041],[-83.2483,40.5071],[-83.0208,40.4338],[-82.9578,40.6451],[-82.8583,40.705],[-82.7272,40.7112],[-82.645,40.6664],[-82.6465,40.3451],[-82.7507,40.277],[-82.4773,40.2458],[-82.1835,40.2273],[-82.1988,39.9501],[-82.1624,39.9094],[-82.0729,39.8162],[-82.0802,39.7277],[-82.0383,39.5694],[-82.1592,39.5566],[-82.2804,39.4729],[-82.5145,39.3958],[-82.7486,39.3682],[-82.9982,39.4801],[-83.2667,39.5162],[-83.6533,39.7169],[-83.6472,39.773]]]}},{"type":"Feature","properties":{"cbsa":"29260","name":"La Grande, OR","is_metro":false,"region":"West","tax_per_capita":1309.88,"spend_per_capita":5136.98,"gap_per_capita":3827.1,"population":26165},"geometry":{"type":"Polygon","coordinates":[[[-118.6978,45.3456],[-118.4285,45.4291],[-118.198,45.4704],[-118.1172,45.6886],[-118.045,45.8171],[-117.973,45.8606],[-117.7476,45.7736],[-117.7876,45.6896],[-117.7272,45.5148],[-117.5823,45.3381],[-117.5209,45.2098],[-117.266,45.1665],[-117.5635,45.0794],[-117.7775,44.9922],[-117.9691,44.9958],[-118.2447,44.9584],[-118.4361,44.9624],[-118.5477,45.0808],[-118.656,45.1969],[-118.697,45.2576],[-118.6978,45.3456]]]}},{"type":"Feature","properties":{"cbsa":"36660","name":"Opelousas, LA","is_metro":false,"region":"South","tax_per_capita":1601.22,"spend_per_capita":5997.58,"gap_per_capita":4396.36,"population":81679},"geometry":{"type":"Polygon","coordinates":[[[-92.4208,30.5388],[-92.2115,30.5681],[-92.1723,30.7679],[-91.8153,30.8481],[-91.757,30.5626],[-91.7562,30.4981],[-91.8693,30.4172],[-92.0494,30.3813],[-92.1764,30.4369],[-92.4933,30.4805],[-92.4208,30.5388]]]}},{"type":"Feature","properties":{"cbsa":"14180","name":"Blytheville, AR","is_metro":false,"region":"South","tax_per_capita":1404.09,"spend_per_capita":4383.91,"gap_per_capita":2979.83,"population":38863},"geometry":{"type":"Polygon","coordinates":[[[-90.2891,35.9965],[-89.9594,35.999],[-89.7331,36.0006],[-89.6523,35.9215],[-89.6473,35.8949],[-89.7295,35.8476],[-89.7971,35.7826],[-89.9155,35.7549],[-89.8989,35.6509],[-89.9325,35.6079],[-89.9585,35.5417],[-90.0458,35.4965],[-90.0453,35.4154],[-90.1125,35.4102],[-90.2869,35.4384],[-90.2891,35.9965]]]}},{"type":"Feature","properties":{"cbsa":"22380","name":"Flagstaff, AZ","is_metro":true,"region":"West","tax_per_capita":2223.8,"spend_per_capita":4052.18,"gap_per_capita":1828.38,"population":144223},"geometry":{"type":"Polygon","coordinates":[[[-113.32,36.0968],[-113.1968,36.1529],[-113.009,36.239],[-112.865,36.2824],[-112.724,36.346],[-112.6295,36.3919],[-112.6601,36.5436],[-112.6387,36.6745],[-112.5293,36.9524],[-112.3577,37.001],[-111.4059,37.0015],[-111.2508,37.0007],[-110.7507,37.0032],[-110.7507,34.2633],[-110.8481,34.2672],[-111.0967,34.3964],[-111.2503,34.4533],[-111.4273,34.3861],[-111.5177,34.4304],[-111.5024,34.4981],[-111.5521,34.8025],[-111.809,34.9763],[-112.3358,35.1482],[-112.4424,35.2592],[-112.5774,35.2434],[-112.7351,35.305],[-112.9769,35.3928],[-113.1763,35.5072],[-113.334,35.803],[-113.3349,35.9139],[-113.3542,36.0404],[-113.32,36.0968]]]}},{"type":"Feature","properties":{"cbsa":"15940","name":"Canton-Massillon, OH","is_metro":true,"region":"Midwest","tax_per_capita":1870.96,"spend_per_capita":4087.37,"gap_per_capita":2216.4,"population":399471},"geometry":{"type":"Polygon","coordinates":[[[-81.65,40.6678],[-81.6477,40.914],[-81.3932,40.9885],[-81.2998,40.9885],[-81.0867,40.9016],[-80.9172,40.7269],[-80.862,40.5994],[-80.9209,40.5563],[-80.9419,40.4247],[-81.2377,40.4325],[-81.2647,40.565],[-81.3177,40.6516],[-81.5089,40.6504],[-81.65,40.6678]]]}},{"type":"Feature","properties":{"cbsa":"14500","name":"Boulder, CO","is_metro":true,"region":"West","tax_per_capita":4477.29,"spend_per_capita":6275.71,"gap_per_capita":1798.41,"population":327339},"geometry":{"type":"Polygon","coordinates":[[[-105.6935,39.944],[-105.6533,40.2605],[-105.1025,40.2614],[-105.0551,40.2328],[-105.0528,40.0003],[-105.0696,39.9699],[-105.088,39.9598],[-105.072,39.9577],[-105.1123,39.9334],[-105.1134,39.9319],[-105.1119,39.928],[-105.1094,39.9261],[-105.1094,39.9255],[-105.1138,39.9286],[-105.1219,39.9542],[-105.1471,39.9139],[-105.3978,39.9129],[-105.6758,39.9324],[-105.6935,39.944]]]}},{"type":"Feature","properties":{"cbsa":"45340","name":"Taos, NM","is_metro":false,"region":"West","tax_per_capita":1842.41,"spend_per_capita":4137.55,"gap_per_capita":2295.14,"population":34590},"geometry":{"type":"Polygon","coordinates":[[[-105.9598,36.3544],[-105.9725,36.6481],[-105.9719,36.8862],[-105.9975,36.9954],[-105.7165,36.9958],[-105.4193,36.9959],[-105.2205,36.9956],[-105.2294,36.8477],[-105.3118,36.7245],[-105.3514,36.6369],[-105.3187,36.4917],[-105.3273,36.4054],[-105.4097,36.2368],[-105.5304,36.013],[-105.8569,36.2304],[-105.9598,36.3544]]]}},{"type":"Feature","properties":{"cbsa":"30300","name":"Lewiston, ID-WA","is_metro":true,"region":"West","tax_per_capita":1407.47,"spend_per_capita":4214.67,"gap_per_capita":2807.2,"population":65445},"geometry":{"type":"Polygon","coordinates":[[[-117.48,46.122],[-117.4193,46.3831],[-117.2281,46.4622],[-117.0366,46.4261],[-117.0398,46.5417],[-116.6117,46.6312],[-116.4517,46.4907],[-116.3691,46.4669],[-116.4897,46.3256],[-116.7018,45.9964],[-116.7502,45.8693],[-116.8598,45.9073],[-116.916,45.9954],[-117.4799,45.9976],[-117.48,46.122]]]}},{"type":"Feature","properties":{"cbsa":"12940","name":"Baton Rouge, LA","is_metro":true,"region":"South","tax_per_capita":2577.17,"spend_per_capita":4519.54,"gap_per_capita":1942.37,"population":872347},"geometry":{"type":"Polygon","coordinates":[[[-91.8051,30.9757],[-91.7238,31.0443],[-91.6369,30.9994],[-91.1761,30.9992],[-90.8258,30.9995],[-90.5672,30.9999],[-90.5669,30.4871],[-90.4745,30.3486],[-90.5541,30.1956],[-90.6319,30.2212],[-90.9156,30.1133],[-90.9463,29.9779],[-90.8857,29.9053],[-90.925,29.8304],[-91.0069,29.7151],[-91.1052,29.643],[-91.0927,29.801],[-91.2552,29.9715],[-91.2318,30.0404],[-91.464,30.1029],[-91.5628,30.2419],[-91.6401,30.4427],[-91.7562,30.4981],[-91.757,30.5626],[-91.8153,30.8481],[-91.8051,30.9757]]]}},{"type":"Feature","properties":{"cbsa":"32900","name":"Merced, CA","is_metro":true,"region":"West","tax_per_capita":1473.87,"spend_per_capita":7115.82,"gap_per_capita":5641.95,"population":290210},"geometry":{"type":"Polygon","coordinates":[[[-121.2268,37.1348],[-120.9898,37.3959],[-120.3877,37.6334],[-120.0521,37.1831],[-120.2412,37.1582],[-120.5417,37.0445],[-120.656,36.9528],[-121.1415,36.8367],[-121.2154,36.9612],[-121.2268,37.1348]]]}},{"type":"Feature","properties":{"cbsa":"17650","name":"Cody, WY","is_metro":false,"region":"West","tax_per_capita":1590.56,"spend_per_capita":9421.54,"gap_per_capita":7830.98,"population":30505},"geometry":{"type":"Polygon","coordinates":[[[-111.0569,44.8667],[-111.0443,45.0013],[-110.7053,44.9923],[-109.9951,45.0032],[-109.5743,45.0026],[-109.0623,44.9996],[-108.5923,44.8714],[-108.5738,44.1714],[-108.5508,44.0794],[-108.7918,43.9911],[-108.9128,43.9048],[-109.0936,43.8176],[-109.4424,43.9304],[-109.6418,43.9228],[-109.7899,43.8033],[-109.8166,43.8805],[-109.9901,43.9491],[-110.0534,44.1326],[-110.1113,44.1994],[-110.2236,44.3355],[-110.2966,44.4313],[-110.2962,44.5479],[-110.6679,44.5828],[-111.0553,44.6663],[-111.0569,44.8667]]]}},{"type":"Feature","properties":{"cbsa":"30660","name":"Lincoln, IL","is_metro":false,"region":"Midwest","tax_per_capita":1642.41,"spend_per_capita":3566.0,"gap_per_capita":1923.59,"population":27666},"geometry":{"type":"Polygon","coordinates":[[[-89.603,40.3201],[-89.2626,40.2809],[-89.1448,40.0489],[-89.1435,39.9176],[-89.3671,39.9176],[-89.4838,39.9767],[-89.5791,40.0924],[-89.603,40.3201]]]}},{"type":"Feature","properties":{"cbsa":"25100","name":"Guymon, OK","is_metro":false,"region":"South","tax_per_capita":1823.51,"spend_per_capita":4801.76,"gap_per_capita":2978.25,"population":20505},"geometry":{"type":"Polygon","coordinates":[[[-102.0282,36.9931],[-101.5553,36.9953],[-101.2115,36.9971],[-100.9455,36.9982],[-101.0852,36.4992],[-101.8266,36.4997],[-102.0282,36.9931]]]}},{"type":"Feature","properties":{"cbsa":"35020","name":"Natchez, MS-LA","is_metro":false,"region":"South","tax_per_capita":1583.75,"spend_per_capita":5056.65,"gap_per_capita":3472.9,"population":53610},"geometry":{"type":"Polygon","coordinates":[[[-91.845,31.3759],[-91.8559,31.4238],[-91.8071,31.4388],[-91.738,31.4674],[-91.7797,31.531],[-91.7758,31.6486],[-91.7059,31.6429],[-91.6358,31.7291],[-91.5448,31.7517],[-91.3801,31.7326],[-91.3205,31.7478],[-91.3457,31.8429],[-91.244,31.8697],[-90.8419,31.8263],[-90.7363,31.7861],[-90.7373,31.6111],[-91.1582,31.3467],[-91.4684,31.3196],[-91.591,31.192],[-91.5947,31.0914],[-91.6283,31.0051],[-91.719,31.1346],[-91.8343,31.2663],[-91.845,31.3759]]]}},{"type":"Feature","properties":{"cbsa":"12100","name":"Atlantic City-Hammonton, NJ","is_metro":true,"region":"Northeast","tax_per_capita":4614.68,"spend_per_capita":7069.11,"gap_per_capita":2454.43,"population":370787},"geometry":{"type":"Polygon","coordinates":[[[-74.9119,39.5785],[-74.7362,39.7298],[-74.4757,39.5515],[-74.3808,39.4985],[-74.3043,39.4714],[-74.4127,39.3608],[-74.5408,39.3],[-74.6466,39.212],[-74.7143,39.1198],[-74.7788,39.0231],[-74.8645,38.9404],[-74.9673,38.9334],[-74.9037,39.0874],[-74.9052,39.1749],[-74.9263,39.209],[-74.856,39.424],[-74.9119,39.5785]]]}},{"type":"Feature","properties":{"cbsa":"44100","name":"Springfield, IL","is_metro":true,"region":"Midwest","tax_per_capita":2314.68,"spend_per_capita":6058.45,"gap_per_capita":3743.77,"population":206223},"geometry":{"type":"Polygon","coordinates":[[[-89.9951,40.1089],[-89.7492,40.1269],[-89.6017,40.1224],[-89.5783,39.9761],[-89.4835,39.9332],[-89.2178,39.917],[-89.4252,39.762],[-89.535,39.6411],[-89.7017,39.5233],[-89.926,39.5221],[-89.9944,39.8729],[-89.9951,40.1089]]]}},{"type":"Feature","properties":{"cbsa":"30820","name":"Lock Haven, PA","is_metro":false,"region":"Northeast","tax_per_capita":1513.0,"spend_per_capita":4757.17,"gap_per_capita":3244.18,"population":37776},"geometry":{"type":"Polygon","coordinates":[[[-78.0934,41.2169],[-77.9892,41.4748],[-77.5973,41.4411],[-77.3498,41.2199],[-77.1442,41.0443],[-77.5086,40.9629],[-77.7467,41.1063],[-77.8977,41.1769],[-77.9731,41.2042],[-78.0382,41.1536],[-78.0934,41.2169]]]}},{"type":"Feature","properties":{"cbsa":"46060","name":"Tucson, AZ","is_metro":true,"region":"West","tax_per_capita":1822.21,"spend_per_capita":3544.01,"gap_per_capita":1721.79,"population":1057476},"geometry":{"type":"Polygon","coordinates":[[[-113.3339,32.5052],[-112.2036,32.5067],[-111.4657,32.5013],[-111.1575,32.5113],[-110.451,32.4275],[-111.058,31.7262],[-111.1637,31.5217],[-111.3668,31.4248],[-113.3338,32.0402],[-113.3339,32.5052]]]}},{"type":"Feature","properties":{"cbsa":"12260","name":"Augusta-Richmond County, GA-SC","is_metro":true,"region":"South","tax_per_capita":1740.44,"spend_per_capita":3982.61,"gap_per_capita":2242.17,"population":623985},"geometry":{"type":"Polygon","coordinates":[[[-82.6497,33.6088],[-82.4795,33.6395],[-82.5723,33.8663],[-82.6455,33.9842],[-82.563,33.9566],[-82.513,33.937],[-82.3245,33.82],[-82.2159,33.6878],[-82.1619,33.6106],[-82.0955,33.6339],[-82.1137,33.8299],[-82.047,33.9532],[-81.8946,33.9754],[-81.6518,33.8145],[-81.4179,33.7344],[-81.3729,33.4904],[-81.7625,33.1973],[-81.6584,33.1032],[-81.6017,33.0847],[-81.7676,32.9094],[-82.0813,32.9168],[-82.2137,32.8039],[-82.2724,32.9378],[-82.2328,33.2315],[-82.3328,33.3087],[-82.3838,33.3121],[-82.6497,33.6088]]]}},{"type":"Feature","properties":{"cbsa":"15060","name":"Brookings, OR","is_metro":false,"region":"West","tax_per_capita":1241.43,"spend_per_capita":6670.22,"gap_per_capita":5428.79,"population":23613},"geometry":{"type":"Polygon","coordinates":[[[-124.5524,42.8406],[-124.4799,42.9543],[-124.2196,42.9338],[-124.16,42.7399],[-123.9963,42.6857],[-123.8116,42.7888],[-123.7165,42.7841],[-123.8907,42.5005],[-124.0091,42.4894],[-124.0069,42.4888],[-124.0042,42.4867],[-124.0022,42.4847],[-124.0016,42.4779],[-124.0029,42.4717],[-124.001,42.466],[-124.0024,42.463],[-124.0045,42.4623],[-124.0058,42.4612],[-124.0054,42.4586],[-124.0012,42.454],[-124.0045,42.4512],[-124.0019,42.446],[-124.0023,42.4442],[-124.0086,42.4419],[-124.0107,42.4399],[-124.0122,42.4371],[-124.0145,42.4343],[-124.0095,42.4265],[-124.0128,42.4233],[-124.0092,42.4214],[-124.0086,42.4196],[-124.0117,42.4162],[-124.0271,42.3592],[-123.7922,42.2376],[-123.822,41.9956],[-124.2116,41.9985],[-124.3143,42.0679],[-124.361,42.1808],[-124.411,42.2505],[-124.4256,42.3519],[-124.3991,42.5399],[-124.4131,42.6579],[-124.4484,42.6899],[-124.5524,42.8406]]]}},{"type":"Feature","properties":{"cbsa":"23680","name":"Gallipolis, OH","is_metro":false,"region":"Midwest","tax_per_capita":1692.83,"spend_per_capita":5083.84,"gap_per_capita":3391.01,"population":29030},"geometry":{"type":"Polygon","coordinates":[[[-82.5756,38.8445],[-82.4353,39.0351],[-82.0955,39.0028],[-82.1348,38.9056],[-82.2093,38.8027],[-82.1856,38.6596],[-82.219,38.5917],[-82.2821,38.5799],[-82.3545,38.6761],[-82.4836,38.7723],[-82.5756,38.8445]]]}},{"type":"Feature","properties":{"cbsa":"42020","name":"San Luis Obispo-Paso Robles, CA","is_metro":true,"region":"West","tax_per_capita":3399.67,"spend_per_capita":6743.57,"gap_per_capita":3343.9,"population":282046},"geometry":{"type":"Polygon","coordinates":[[[-121.3471,35.7952],[-120.214,35.7893],[-120.194,35.6144],[-120.0652,35.513],[-119.88,35.4391],[-119.8092,35.3454],[-119.6666,35.2626],[-119.5538,35.1801],[-119.4726,35.0767],[-119.5358,34.8976],[-119.7456,34.9737],[-119.9801,35.0576],[-120.1676,35.0753],[-120.3345,35.0063],[-120.4355,34.9868],[-120.6503,34.9752],[-120.6296,35.0784],[-120.6751,35.1531],[-120.7561,35.1605],[-120.8968,35.2479],[-120.8621,35.3608],[-120.9559,35.4537],[-121.0034,35.4607],[-121.1667,35.6354],[-121.3146,35.7133],[-121.3471,35.7952]]]}},{"type":"Feature","properties":{"cbsa":"49180","name":"Winston-Salem, NC","is_metro":true,"region":"South","tax_per_capita":1540.21,"spend_per_capita":3561.08,"gap_per_capita":2020.87,"population":688799},"geometry":{"type":"Polygon","coordinates":[[[-80.8732,36.2363],[-80.5479,36.2854],[-80.4519,36.2615],[-80.4316,36.5502],[-80.0535,36.5426],[-80.0351,36.2572],[-80.0432,36.0108],[-80.0668,35.5057],[-80.1833,35.5041],[-80.3333,35.6836],[-80.4589,35.7428],[-80.6918,35.8635],[-80.6932,36.0513],[-80.8732,36.2363]]]}},{"type":"Feature","properties":{"cbsa":"25840","name":"Hermiston-Pendleton, OR","is_metro":false,"region":"West","tax_per_capita":1877.46,"spend_per_capita":7234.86,"gap_per_capita":5357.4,"population":92553},"geometry":{"type":"Polygon","coordinates":[[[-119.9995,45.8117],[-119.8682,45.8382],[-119.6699,45.8569],[-119.5716,45.9255],[-119.4321,45.9132],[-119.2571,45.9399],[-119.0615,45.9585],[-118.9871,45.9999],[-118.3678,46.0006],[-117.9777,46.0002],[-117.973,45.8606],[-118.045,45.8171],[-118.1172,45.6886],[-118.198,45.4704],[-118.4285,45.4291],[-118.6978,45.3456],[-118.6561,45.2577],[-118.5466,45.1969],[-118.5187,44.9959],[-119.6437,44.9946],[-119.7912,44.9948],[-119.7598,45.1692],[-119.8823,45.2569],[-119.9995,45.8117]]]}},{"type":"Feature","properties":{"cbsa":"32660","name":"McMinnville, TN","is_metro":false,"region":"South","tax_per_capita":1016.57,"spend_per_capita":3299.4,"gap_per_capita":2282.83,"population":42001},"geometry":{"type":"Polygon","coordinates":[[[-85.9974,35.712],[-85.8682,35.8464],[-85.6203,35.8012],[-85.6151,35.7605],[-85.6051,35.7085],[-85.6073,35.5317],[-85.877,35.5241],[-85.9851,35.6601],[-85.9974,35.712]]]}},{"type":"Feature","properties":{"cbsa":"33460","name":"Minneapolis-St. Paul-Bloomington, MN-WI","is_metro":true,"region":"Midwest","tax_per_capita":1813.63,"spend_per_capita":6049.52,"gap_per_capita":4235.89,"population":3691666},"geometry":{"type":"Polygon","coordinates":[[[-94.2615,45.2977],[-94.0477,45.4228],[-94.1495,45.5591],[-93.7639,45.8221],[-93.8104,46.1566],[-93.7963,46.2432],[-93.4318,46.1539],[-93.5181,45.9817],[-93.1418,45.7307],[-92.8697,45.7151],[-92.8879,45.639],[-92.8015,45.5629],[-92.728,45.5257],[-92.6468,45.4379],[-92.699,45.3364],[-92.7619,45.2849],[-92.1565,45.2096],[-92.1363,44.8578],[-92.1353,44.5396],[-92.3615,44.5589],[-92.5493,44.5777],[-92.6965,44.6894],[-92.732,44.6295],[-92.7926,44.543],[-93.0395,44.4719],[-93.2815,44.544],[-93.5252,44.1961],[-93.768,44.2394],[-93.9328,44.344],[-93.8854,44.5189],[-93.9025,44.5876],[-93.7682,44.6735],[-93.8886,44.717],[-94.0122,44.9787],[-94.2568,45.2393],[-94.2615,45.2977]]]}},{"type":"Feature","properties":{"cbsa":"47900","name":"Washington-Arlington-Alexandria, DC-VA-MD-WV","is_metro":true,"region":"South","tax_per_capita":4865.47,"spend_per_capita":8703.44,"gap_per_capita":3837.98,"population":6265891},"geometry":{"type":"Polygon","coordinates":[[[-78.3004,38.9436],[-78.1639,39.0179],[-78.102,39.1063],[-78.0332,39.2646],[-77.9882,39.3201],[-77.9309,39.3812],[-77.8109,39.5007],[-77.74,39.4017],[-77.7195,39.3213],[-77.5702,39.62],[-77.4591,39.7202],[-77.217,39.7202],[-77.2001,39.5786],[-77.1342,39.4317],[-77.1681,39.354],[-77.1869,39.3393],[-77.0094,39.2067],[-76.9585,39.134],[-76.8404,39.1031],[-76.7513,39.0347],[-76.6701,38.9069],[-76.6864,38.7485],[-76.6755,38.5359],[-76.7683,38.5129],[-76.827,38.2583],[-76.9222,38.3113],[-77.0016,38.422],[-77.0755,38.4247],[-77.2112,38.3807],[-77.2466,38.5383],[-77.1291,38.6144],[-77.2241,38.6352],[-77.2953,38.5621],[-77.3226,38.4671],[-77.2843,38.3516],[-77.3267,38.2451],[-77.6425,37.9907],[-77.8385,38.1059],[-77.7152,38.3356],[-77.7701,38.393],[-77.909,38.3815],[-78.0945,38.3112],[-78.2318,38.5325],[-78.3188,38.7379],[-78.2904,38.7804],[-78.3004,38.9436]]]}},{"type":"Feature","properties":{"cbsa":"28940","name":"Knoxville, TN","is_metro":true,"region":"South","tax_per_capita":1213.36,"spend_per_capita":3562.46,"gap_per_capita":2349.1,"population":932921},"geometry":{"type":"Polygon","coordinates":[[[-84.8758,36.2851],[-84.7008,36.3708],[-84.5737,36.23],[-84.4036,36.1748],[-84.3299,36.2851],[-84.3222,36.3929],[-84.3304,36.5095],[-84.2613,36.5927],[-84.2272,36.5922],[-83.9876,36.5896],[-83.9056,36.42],[-83.733,36.345],[-83.658,36.332],[-83.3868,36.4132],[-83.2806,36.3947],[-83.2553,36.2891],[-83.4495,36.218],[-83.564,36.1919],[-83.6594,36.0855],[-83.7092,36.0932],[-83.651,35.9864],[-83.7053,35.7116],[-83.6629,35.5678],[-83.8485,35.5193],[-83.9532,35.46],[-83.9385,35.4878],[-84.0816,35.5412],[-84.2908,35.6549],[-84.5259,35.6242],[-84.5845,35.6444],[-84.619,35.7079],[-84.7545,35.7544],[-84.7296,35.8584],[-84.7207,35.9949],[-84.9078,36.1563],[-84.8758,36.2851]]]}},{"type":"Feature","properties":{"cbsa":"29100","name":"La Crosse-Onalaska, WI-MN","is_metro":true,"region":"Midwest","tax_per_capita":1870.87,"spend_per_capita":5494.19,"gap_per_capita":3623.32,"population":170042},"geometry":{"type":"Polygon","coordinates":[[[-91.7304,43.8469],[-91.291,43.8527],[-91.4236,43.9843],[-91.316,44.061],[-91.1361,44.071],[-90.9129,44.0715],[-90.3122,43.7315],[-90.3111,43.554],[-90.6686,43.423],[-91.2107,43.4194],[-91.2177,43.5005],[-91.6108,43.5007],[-91.7304,43.8469]]]}},{"type":"Feature","properties":{"cbsa":"14260","name":"Boise City, ID","is_metro":true,"region":"West","tax_per_capita":1187.18,"spend_per_capita":3502.97,"gap_per_capita":2315.79,"population":811355},"geometry":{"type":"Polygon","coordinates":[[[-117.0269,43.596],[-117.0236,43.8238],[-116.9545,43.8365],[-116.7127,43.8072],[-116.5722,43.9805],[-116.4526,44.0654],[-116.3585,44.1512],[-116.2999,44.4446],[-116.157,44.4989],[-116.2129,44.3244],[-116.1125,44.1478],[-115.5203,44.2354],[-115.3575,44.346],[-115.179,44.2965],[-115.0242,44.1555],[-114.9908,43.9497],[-115.1362,43.9839],[-115.2305,44.0988],[-115.2872,43.9355],[-115.5475,43.7927],[-115.6256,43.7283],[-115.7971,43.6386],[-115.9757,43.5914],[-115.9787,43.1134],[-116.1917,43.0825],[-116.1458,43.0134],[-115.9357,43.0017],[-115.7715,42.9387],[-115.4415,42.9311],[-115.0377,42.7684],[-115.3139,41.9961],[-115.8702,41.9968],[-116.6259,41.9974],[-117.0262,41.9999],[-117.0263,42.8074],[-117.0269,43.596]]]}},{"type":"Feature","properties":{"cbsa":"41740","name":"San Diego-Chula Vista-Carlsbad, CA","is_metro":true,"region":"West","tax_per_capita":2874.3,"spend_per_capita":7988.01,"gap_per_capita":5113.71,"population":3277176},"geometry":{"type":"Polygon","coordinates":[[[-117.5962,33.387],[-117.5086,33.4696],[-117.3643,33.505],[-116.623,33.4273],[-116.0852,33.4259],[-116.1062,32.6186],[-116.627,32.5763],[-116.8572,32.5575],[-117.132,32.5856],[-117.1689,32.672],[-117.2461,32.6694],[-117.255,32.7869],[-117.2822,32.8395],[-117.2629,32.8493],[-117.2545,32.9001],[-117.2808,33.0123],[-117.3626,33.1684],[-117.5477,33.3655],[-117.5962,33.387]]]}},{"type":"Feature","properties":{"cbsa":"16700","name":"Charleston-North Charleston, SC","is_metro":true,"region":"South","tax_per_capita":2771.92,"spend_per_capita":4573.32,"gap_per_capita":1801.4,"population":830352},"geometry":{"type":"Polygon","coordinates":[[[-80.7903,33.1808],[-80.4846,33.28],[-80.2538,33.2993],[-80.15,33.4485],[-79.9709,33.5007],[-79.4587,33.2352],[-79.3496,33.1533],[-79.2745,33.1201],[-79.3299,33.09],[-79.36,33.0067],[-79.4835,33.0013],[-79.5807,33.0064],[-79.5698,32.9267],[-79.6951,32.8504],[-79.8182,32.7664],[-79.885,32.6844],[-80.0008,32.6059],[-80.1484,32.5785],[-80.2464,32.5311],[-80.3506,32.4987],[-80.3893,32.653],[-80.4536,32.7405],[-80.3853,32.8861],[-80.388,33.0341],[-80.6221,33.0661],[-80.7903,33.1808]]]}},{"type":"Feature","properties":{"cbsa":"34100","name":"Morristown, TN","is_metro":true,"region":"South","tax_per_capita":975.17,"spend_per_capita":3772.58,"gap_per_capita":2797.41,"population":121827},"geometry":{"type":"Polygon","coordinates":[[[-83.7092,36.0932],[-83.6594,36.0855],[-83.564,36.1919],[-83.4495,36.218],[-83.2553,36.2891],[-83.0823,36.2423],[-83.1661,36.1809],[-83.1751,36.1274],[-83.2346,36.0851],[-83.3108,35.8958],[-83.6556,36.0431],[-83.7092,36.0932]]]}},{"type":"Feature","properties":{"cbsa":"29180","name":"Lafayette, LA","is_metro":true,"region":"South","tax_per_capita":1977.32,"spend_per_capita":3905.0,"gap_per_capita":1927.68,"population":412641},"geometry":{"type":"MultiPolygon","coordinates":[[[[-91.472,29.9563],[-91.1828,29.8462],[-91.1,29.6994],[-91.1777,29.7278],[-91.3736,29.8344],[-91.472,29.9563]]],[[[-92.6378,30.0722],[-92.5911,30.1824],[-92.5946,30.4203],[-92.4933,30.4805],[-92.1764,30.4369],[-92.0494,30.3813],[-91.8693,30.4172],[-91.7562,30.4981],[-91.6401,30.4427],[-91.5628,30.2419],[-91.464,30.1029],[-91.6002,30.033],[-91.7299,30.1225],[-91.9512,30.0728],[-91.9939,29.975],[-92.0001,29.6134],[-92.0645,29.5857],[-92.2519,29.5394],[-92.4099,29.5475],[-92.568,29.5774],[-92.616,30.0383],[-92.6378,30.0722]]]]}},{"type":"Feature","properties":{"cbsa":"14460","name":"Boston-Cambridge-Newton, MA-NH","is_metro":true,"region":"Northeast","tax_per_capita":3481.31,"spend_per_capita":6289.99,"gap_per_capita":2808.68,"population":4903026},"geometry":{"type":"Polygon","coordinates":[[[-71.8988,42.7115],[-71.6362,42.7049],[-71.2942,42.697],[-71.2551,42.7364],[-71.3644,42.7852],[-71.4271,42.8248],[-71.3754,42.9393],[-71.403,43.0411],[-71.2473,43.2752],[-71.1594,43.3551],[-71.1627,43.539],[-71.0242,43.4829],[-70.9548,43.5098],[-70.9843,43.3761],[-70.8726,43.2702],[-70.8248,43.1797],[-70.8195,43.1232],[-70.7038,43.0598],[-70.7652,42.9753],[-70.8015,42.9164],[-70.8173,42.8723],[-70.7723,42.7111],[-70.6816,42.6623],[-70.6025,42.6777],[-70.6547,42.5822],[-70.8041,42.5616],[-70.836,42.4905],[-70.9132,42.4277],[-70.983,42.424],[-70.9749,42.3558],[-70.9831,42.3435],[-70.9931,42.3129],[-70.9485,42.2824],[-70.8812,42.3007],[-70.8359,42.2648],[-70.7816,42.2486],[-70.6853,42.133],[-70.6443,42.0459],[-70.6625,41.9606],[-70.5836,41.95],[-70.5256,41.8587],[-70.5364,41.8116],[-70.716,41.614],[-70.804,41.6015],[-70.9072,41.7635],[-71.0263,41.7789],[-71.0366,41.8165],[-70.9873,41.9058],[-71.0542,41.9827],[-71.0805,42.0955],[-71.1687,42.0612],[-71.3814,41.9851],[-71.4982,42.0159],[-71.4785,42.1314],[-71.5026,42.1914],[-71.5868,42.2595],[-71.4868,42.3302],[-71.6247,42.3505],[-71.5388,42.543],[-71.6646,42.6116],[-71.8585,42.6338],[-71.8988,42.7115]]]}},{"type":"Feature","properties":{"cbsa":"10760","name":"Alexander City, AL","is_metro":false,"region":"South","tax_per_capita":1013.49,"spend_per_capita":4225.94,"gap_per_capita":3212.45,"population":40913},"geometry":{"type":"Polygon","coordinates":[[[-86.0092,33.0903],[-85.6537,33.1066],[-85.5932,32.7285],[-85.6968,32.6974],[-85.7127,32.5818],[-85.7972,32.4942],[-85.8799,32.7545],[-86.0135,32.8192],[-86.0092,33.0903]]]}},{"type":"Feature","properties":{"cbsa":"19140","name":"Dalton, GA","is_metro":true,"region":"South","tax_per_capita":2145.39,"spend_per_capita":5401.92,"gap_per_capita":3256.53,"population":143505},"geometry":{"type":"Polygon","coordinates":[[[-85.1448,34.7676],[-84.9799,34.9872],[-84.8613,34.9878],[-84.7758,34.9879],[-84.6215,34.9883],[-84.6186,34.8554],[-84.6571,34.7289],[-84.7157,34.6229],[-84.9135,34.6341],[-85.0504,34.6225],[-85.1689,34.7203],[-85.1448,34.7676]]]}},{"type":"Feature","properties":{"cbsa":"37980","name":"Philadelphia-Camden-Wilmington, PA-NJ-DE-MD","is_metro":true,"region":"Multi-region","tax_per_capita":3139.67,"spend_per_capita":6558.9,"gap_per_capita":3419.23,"population":6242746},"geometry":{"type":"Polygon","coordinates":[[[-76.1357,39.7218],[-75.9916,39.8687],[-75.9359,40.0375],[-75.8734,40.1371],[-75.5693,40.3979],[-75.4841,40.4185],[-75.3335,40.5371],[-75.1892,40.6091],[-75.1867,40.5694],[-75.0785,40.5483],[-75.0706,40.4552],[-75.0248,40.4035],[-74.946,40.3573],[-74.9033,40.3156],[-74.8239,40.2415],[-74.7485,40.1849],[-74.7234,40.1529],[-74.7063,40.1618],[-74.7108,40.168],[-74.5878,40.1383],[-74.4169,39.8227],[-74.3981,39.5766],[-74.4757,39.5515],[-74.7362,39.7298],[-74.9119,39.5785],[-75.0619,39.5687],[-75.2384,39.559],[-75.4171,39.3889],[-75.4652,39.4389],[-75.5281,39.4981],[-75.5718,39.4389],[-75.5056,39.3704],[-75.6196,39.3101],[-75.7149,39.2994],[-75.7669,39.3775],[-75.9811,39.3666],[-76.041,39.3942],[-76.0123,39.4531],[-76.0441,39.4994],[-76.1357,39.7218]]]}},{"type":"Feature","properties":{"cbsa":"46220","name":"Tuscaloosa, AL","is_metro":true,"region":"South","tax_per_capita":1120.79,"spend_per_capita":5662.79,"gap_per_capita":4542.0,"population":277490},"geometry":{"type":"Polygon","coordinates":[[[-88.3171,33.1841],[-88.2745,33.534],[-87.8407,33.5248],[-87.6317,33.6098],[-87.371,33.5871],[-87.3182,33.5142],[-87.2672,33.4972],[-87.2538,33.4178],[-87.0658,33.2759],[-87.1992,33.1966],[-87.2819,33.1331],[-87.4219,33.0034],[-87.4722,32.8306],[-87.5252,32.6557],[-87.7287,32.4809],[-87.8126,32.5246],[-87.8534,32.5321],[-87.8409,32.605],[-88.0537,32.5931],[-88.2073,32.9248],[-88.1719,32.9959],[-88.3171,33.1841]]]}},{"type":"Feature","properties":{"cbsa":"19780","name":"Des Moines-West Des Moines, IA","is_metro":true,"region":"Midwest","tax_per_capita":2635.04,"spend_per_capita":6191.16,"gap_per_capita":3556.12,"population":729303},"geometry":{"type":"Polygon","coordinates":[[[-94.7449,41.8624],[-94.2803,41.863],[-93.8157,41.8634],[-93.3479,41.8631],[-92.766,41.8624],[-92.7565,41.5088],[-93.3286,41.5078],[-93.3279,41.1607],[-93.7892,41.162],[-94.0142,41.1568],[-94.2416,41.5037],[-94.7007,41.6022],[-94.7449,41.8624]]]}},{"type":"Feature","properties":{"cbsa":"41860","name":"San Francisco-Oakland-Fremont, CA","is_metro":true,"region":"West","tax_per_capita":4671.01,"spend_per_capita":11743.02,"gap_per_capita":7072.01,"population":4578135},"geometry":{"type":"MultiPolygon","coordinates":[[[[-122.5181,37.5761],[-122.4968,37.6656],[-122.5007,37.7081],[-122.4654,37.8009],[-122.3853,37.7907],[-122.3568,37.7295],[-122.3898,37.7083],[-122.3602,37.5925],[-122.1684,37.5041],[-122.112,37.5289],[-122.1529,37.6408],[-122.163,37.6679],[-122.2498,37.7264],[-122.313,37.7772],[-122.3039,37.8301],[-122.3345,37.9088],[-122.4253,37.9557],[-122.3689,38.0079],[-122.2629,38.0515],[-122.124,38.0357],[-121.8782,38.0493],[-121.8157,38.021],[-121.6731,38.0935],[-121.5576,38.017],[-121.5576,37.9465],[-121.5728,37.9043],[-121.5342,37.8499],[-121.557,37.7036],[-121.4719,37.4818],[-121.8558,37.4845],[-121.925,37.4542],[-122.0815,37.4778],[-122.1459,37.4571],[-122.1487,37.4571],[-122.1527,37.4576],[-122.1559,37.4554],[-122.1577,37.4535],[-122.1607,37.4539],[-122.1643,37.4525],[-122.1658,37.4509],[-122.1676,37.4492],[-122.1694,37.4478],[-122.1745,37.4445],[-122.1778,37.4411],[-122.1801,37.4393],[-122.1835,37.4369],[-122.1851,37.4338],[-122.1884,37.4321],[-122.1922,37.3191],[-122.1528,37.2154],[-122.2943,37.1051],[-122.344,37.1441],[-122.4185,37.2485],[-122.4093,37.3748],[-122.446,37.4615],[-122.5167,37.5213],[-122.5181,37.5761]]],[[[-123.0115,38.0034],[-122.9536,38.1757],[-122.9863,38.2732],[-122.9113,38.3212],[-122.5454,38.1587],[-122.4913,38.1081],[-122.453,37.9962],[-122.4864,37.9219],[-122.4185,37.8527],[-122.5373,37.8303],[-122.6785,37.9066],[-122.7546,37.9355],[-122.8566,38.0167],[-122.9744,37.9924],[-123.0115,38.0034]]]]}},{"type":"Feature","properties":{"cbsa":"35620","name":"New York-Newark-Jersey City, NY-NJ","is_metro":true,"region":"Northeast","tax_per_capita":6186.25,"spend_per_capita":10653.47,"gap_per_capita":4467.22,"population":19563798},"geometry":{"type":"MultiPolygon","coordinates":[[[[-72.0189,41.2741],[-71.9268,41.2901],[-71.9173,41.2513],[-72.0348,41.2348],[-72.0189,41.2741]]],[[[-75.1882,40.5926],[-74.8898,40.7877],[-74.7694,40.9109],[-74.983,41.106],[-74.9053,41.1557],[-74.8674,41.2278],[-74.7603,41.3403],[-74.4576,41.2482],[-74.302,41.1726],[-73.9808,41.3254],[-73.9815,41.4389],[-73.8611,41.496],[-73.5297,41.5272],[-73.5431,41.3768],[-73.551,41.2954],[-73.7278,41.1007],[-73.6595,41.0179],[-73.6573,40.9852],[-73.7568,40.9126],[-73.7412,40.8759],[-73.6544,40.8782],[-73.4999,40.9182],[-73.4854,40.9464],[-73.3929,40.9553],[-73.2293,40.9051],[-73.1447,40.9558],[-73.0404,40.9645],[-72.7081,40.9779],[-72.5043,41.0433],[-72.3898,41.1083],[-72.2911,41.1559],[-72.182,41.1783],[-72.2831,41.0679],[-72.1629,41.0532],[-72.0842,41.1015],[-72.0519,41.0205],[-71.9194,41.0805],[-71.937,41.0061],[-72.2987,40.9032],[-72.7282,40.7726],[-72.9232,40.7133],[-73.2084,40.6309],[-73.3515,40.6305],[-73.4849,40.5988],[-73.6409,40.5828],[-73.7749,40.5908],[-73.9406,40.5429],[-73.9913,40.5703],[-74.038,40.5896],[-74.1126,40.5476],[-74.2606,40.5024],[-74.2247,40.4487],[-74.1571,40.4476],[-74.0479,40.4189],[-73.9979,40.4767],[-73.9714,40.348],[-74.0076,40.1956],[-74.035,40.1026],[-74.0769,39.9127],[-74.0909,39.8],[-74.1014,39.7562],[-74.2916,39.5077],[-74.3808,39.4985],[-74.3981,39.5766],[-74.4169,39.8227],[-74.5878,40.1383],[-74.485,40.2533],[-74.5734,40.3009],[-74.6202,40.3737],[-74.7481,40.4242],[-74.9281,40.3398],[-74.9696,40.3998],[-75.0561,40.4161],[-75.0622,40.4814],[-75.1367,40.5757],[-75.1882,40.5926]]]]}},{"type":"Feature","properties":{"cbsa":"35420","name":"New Philadelphia-Dover, OH","is_metro":false,"region":"Midwest","tax_per_capita":1845.77,"spend_per_capita":4733.6,"gap_per_capita":2887.83,"population":91971},"geometry":{"type":"Polygon","coordinates":[[[-81.7091,40.4448],[-81.6491,40.6345],[-81.459,40.6669],[-81.3217,40.5666],[-81.27,40.4335],[-81.3346,40.3043],[-81.6224,40.2213],[-81.7124,40.3708],[-81.7091,40.4448]]]}},{"type":"Feature","properties":{"cbsa":"42200","name":"Santa Maria-Santa Barbara, CA","is_metro":true,"region":"West","tax_per_capita":3254.73,"spend_per_capita":8730.16,"gap_per_capita":5475.43,"population":443915},"geometry":{"type":"MultiPolygon","coordinates":[[[[-119.9162,34.0584],[-119.7395,34.0493],[-119.4707,34.054],[-119.5545,33.9978],[-119.7212,33.9596],[-119.8734,33.9804],[-119.9162,34.0584]]],[[[-120.3683,34.0765],[-120.1359,34.0261],[-119.9843,33.9839],[-120.0497,33.9146],[-120.179,33.928],[-120.3648,33.9918],[-120.3683,34.0765]]],[[[-120.6503,34.9752],[-120.4355,34.9868],[-120.3345,35.0063],[-120.1676,35.0753],[-119.9801,35.0576],[-119.7456,34.9737],[-119.5358,34.8976],[-119.4437,34.9012],[-119.4514,34.3981],[-119.537,34.3955],[-119.6847,34.4083],[-119.7859,34.416],[-119.874,34.4088],[-120.0507,34.4617],[-120.2951,34.4706],[-120.5114,34.523],[-120.5813,34.557],[-120.6457,34.581],[-120.6149,34.7307],[-120.6103,34.8582],[-120.6503,34.9752]]]]}},{"type":"Feature","properties":{"cbsa":"40090","name":"Rifle, CO","is_metro":false,"region":"West","tax_per_capita":7502.96,"spend_per_capita":12042.06,"gap_per_capita":4539.09,"population":79103},"geometry":{"type":"Polygon","coordinates":[[[-109.0511,39.4977],[-108.8957,39.6503],[-108.5547,39.6936],[-107.9385,39.825],[-107.4317,39.9177],[-107.317,40.0908],[-107.032,40.0029],[-107.1137,39.9191],[-107.1134,39.3661],[-106.4265,39.3619],[-106.5086,39.1667],[-106.578,39.0579],[-106.695,39.0557],[-106.8019,38.9783],[-106.9064,38.9921],[-107.0663,39.1188],[-107.3756,39.1979],[-107.4652,39.3145],[-108.4096,39.366],[-109.0511,39.4977]]]}},{"type":"Feature","properties":{"cbsa":"35380","name":"New Orleans-Metairie, LA","is_metro":true,"region":"South","tax_per_capita":2820.22,"spend_per_capita":4930.64,"gap_per_capita":2110.42,"population":973385},"geometry":{"type":"Polygon","coordinates":[[[-90.9637,30.0668],[-90.6421,30.1664],[-90.592,30.2083],[-90.4858,30.277],[-90.1606,30.2343],[-90.1081,30.1649],[-89.9032,30.1987],[-89.7441,30.1775],[-89.6853,30.1753],[-89.6051,30.1428],[-89.6837,30.076],[-89.8451,30.0184],[-89.8526,29.9527],[-89.7443,29.9176],[-89.6471,29.8636],[-89.5744,29.9837],[-89.4446,30.061],[-89.303,30.0916],[-89.1833,30.1493],[-89.2157,29.9935],[-89.2363,29.8771],[-89.271,29.7564],[-89.404,29.6818],[-89.501,29.6335],[-89.5352,29.6486],[-89.5646,29.5438],[-89.5322,29.4346],[-89.38,29.3918],[-89.2579,29.3369],[-89.1343,29.2793],[-89.026,29.2152],[-89.0666,29.0907],[-89.1488,29.0297],[-89.2187,29.0225],[-89.322,29.0103],[-89.4035,29.017],[-89.3905,29.1236],[-89.4828,29.2151],[-89.6067,29.252],[-89.7262,29.304],[-89.8835,29.3071],[-89.9565,29.2537],[-90.0898,29.1645],[-90.0302,29.3321],[-90.1375,29.4772],[-90.1517,29.5879],[-90.2282,29.692],[-90.372,29.7592],[-90.4799,29.8474],[-90.6291,29.8952],[-90.7787,29.922],[-90.9118,29.9351],[-90.9637,30.0668]]]}},{"type":"Feature","properties":{"cbsa":"26500","name":"Huntingdon, PA","is_metro":false,"region":"Northeast","tax_per_capita":1156.99,"spend_per_capita":3630.07,"gap_per_capita":2473.08,"population":43297},"geometry":{"type":"Polygon","coordinates":[[[-78.2573,40.2979],[-78.1971,40.5584],[-78.222,40.6745],[-77.9442,40.6916],[-77.6813,40.7298],[-77.8418,40.55],[-77.9138,40.3987],[-77.7521,40.3785],[-77.7683,40.2041],[-77.9256,40.104],[-78.2363,40.2246],[-78.2573,40.2979]]]}},{"type":"Feature","properties":{"cbsa":"27180","name":"Jackson, TN","is_metro":true,"region":"South","tax_per_capita":1006.07,"spend_per_capita":9417.63,"gap_per_capita":8411.56,"population":181418},"geometry":{"type":"Polygon","coordinates":[[[-89.3396,35.8623],[-89.2802,35.8864],[-89.2063,36.0118],[-89.1545,36.2047],[-88.9598,36.2228],[-88.6927,36.0627],[-88.6069,35.7894],[-88.6136,35.5881],[-88.5054,35.512],[-88.3608,35.419],[-88.5667,35.3823],[-88.7198,35.2475],[-88.7927,35.329],[-89.0789,35.4314],[-89.3387,35.7893],[-89.3396,35.8623]]]}},{"type":"Feature","properties":{"cbsa":"47930","name":"Waterbury-Shelton, CT","is_metro":true,"region":"Northeast","tax_per_capita":2732.16,"spend_per_capita":5566.34,"gap_per_capita":2834.18,"population":453590},"geometry":{"type":"Polygon","coordinates":[[[-73.3189,41.5052],[-73.2614,41.6646],[-72.9985,41.7125],[-72.8983,41.7232],[-72.9385,41.6443],[-72.8531,41.5464],[-72.8864,41.4483],[-73.0258,41.4596],[-73.0868,41.2546],[-73.1556,41.2691],[-73.1833,41.3917],[-73.2978,41.4483],[-73.3189,41.5052]]]}},{"type":"Feature","properties":{"cbsa":"37420","name":"Pampa, TX","is_metro":false,"region":"South","tax_per_capita":2200.72,"spend_per_capita":4237.7,"gap_per_capita":2036.99,"population":21792},"geometry":{"type":"Polygon","coordinates":[[[-101.0859,35.6191],[-101.0857,36.0553],[-100.5467,36.0565],[-100.5402,35.6193],[-101.0863,35.1821],[-101.0859,35.6191]]]}},{"type":"Feature","properties":{"cbsa":"21340","name":"El Paso, TX","is_metro":true,"region":"South","tax_per_capita":2050.84,"spend_per_capita":6391.23,"gap_per_capita":4340.39,"population":870655},"geometry":{"type":"Polygon","coordinates":[[[-106.6234,31.914],[-106.6185,32.0005],[-106.3772,32.0012],[-105.998,32.002],[-105.154,32.0005],[-104.9129,31.6251],[-104.9172,30.6636],[-105.0012,30.6726],[-105.0983,30.7189],[-105.2187,30.8016],[-105.3942,30.853],[-105.488,30.9433],[-105.5795,31.0354],[-105.7095,31.1364],[-105.7944,31.2022],[-105.9385,31.3187],[-105.9964,31.3878],[-106.0803,31.3987],[-106.2368,31.5134],[-106.3035,31.6204],[-106.3701,31.7107],[-106.4676,31.7596],[-106.5282,31.7831],[-106.6359,31.8715],[-106.6234,31.914]]]}},{"type":"Feature","properties":{"cbsa":"23900","name":"Gettysburg, PA","is_metro":true,"region":"Northeast","tax_per_capita":2170.15,"spend_per_capita":4654.89,"gap_per_capita":2484.73,"population":105959},"geometry":{"type":"Polygon","coordinates":[[[-77.4711,39.9441],[-77.3537,40.0033],[-77.1374,40.0699],[-76.9662,39.9352],[-77.0003,39.8312],[-77.217,39.7202],[-77.4591,39.7202],[-77.4711,39.9441]]]}},{"type":"Feature","properties":{"cbsa":"40100","name":"Rio Grande City-Roma, TX","is_metro":false,"region":"South","tax_per_capita":1109.91,"spend_per_capita":5762.01,"gap_per_capita":4652.1,"population":65653},"geometry":{"type":"Polygon","coordinates":[[[-99.1768,26.5697],[-98.9542,26.7857],[-98.3207,26.7831],[-98.6135,26.252],[-98.6989,26.2656],[-98.8073,26.3694],[-98.9583,26.3941],[-99.082,26.3965],[-99.0916,26.477],[-99.1714,26.5498],[-99.1768,26.5697]]]}},{"type":"Feature","properties":{"cbsa":"19740","name":"Denver-Aurora-Centennial, CO","is_metro":true,"region":"West","tax_per_capita":3697.67,"spend_per_capita":7208.36,"gap_per_capita":3510.69,"population":2986190},"geometry":{"type":"Polygon","coordinates":[[[-106.2102,39.1039],[-106.184,39.3094],[-106.022,39.3617],[-105.8176,39.5383],[-105.776,39.6093],[-105.8876,39.7966],[-105.6903,39.852],[-105.6758,39.9324],[-105.3978,39.9129],[-105.1471,39.9139],[-105.1219,39.9542],[-105.1138,39.9286],[-105.1094,39.9255],[-105.1094,39.9261],[-105.1119,39.928],[-105.1134,39.9319],[-105.1123,39.9334],[-105.072,39.9577],[-105.088,39.9598],[-105.0696,39.9699],[-105.0528,40.0003],[-104.9785,40.0439],[-104.9614,40.0003],[-104.6406,40.0006],[-103.7057,40.0014],[-103.7071,39.5663],[-103.7197,38.8668],[-104.0516,39.1281],[-104.6625,39.1295],[-105.3294,39.1295],[-105.329,38.6976],[-105.9066,38.807],[-106.0281,38.9428],[-106.191,39.0561],[-106.2102,39.1039]],[[-104.9799,40.0295],[-104.9731,40.0295],[-104.9731,40.033],[-104.9776,40.0331],[-104.9799,40.0331],[-104.9799,40.0295]]]}},{"type":"Feature","properties":{"cbsa":"26420","name":"Houston-Pasadena-The Woodlands, TX","is_metro":true,"region":"South","tax_per_capita":2928.91,"spend_per_capita":5633.19,"gap_per_capita":2704.28,"population":7370464},"geometry":{"type":"Polygon","coordinates":[[[-96.622,30.0443],[-96.1594,30.0538],[-96.1918,30.1384],[-96.0932,30.2252],[-95.8043,30.2456],[-95.599,30.509],[-95.3386,30.7378],[-95.2524,30.9067],[-95.1312,30.7817],[-95.0546,30.6802],[-94.83,30.5411],[-94.7773,30.489],[-94.5963,30.1121],[-94.4422,29.8895],[-94.358,29.8875],[-94.3708,29.5556],[-94.5949,29.4679],[-94.731,29.3691],[-94.8037,29.2792],[-95.1151,29.0756],[-95.1914,29.0231],[-95.3824,28.8663],[-95.507,28.8247],[-95.6796,28.9657],[-95.7704,29.0662],[-95.874,29.2297],[-95.9468,29.3334],[-96.0596,29.4733],[-96.0889,29.6017],[-96.1754,29.6338],[-96.3432,29.8296],[-96.5357,29.9073],[-96.622,30.0443]]]}},{"type":"Feature","properties":{"cbsa":"13820","name":"Birmingham, AL","is_metro":true,"region":"South","tax_per_capita":2181.05,"spend_per_capita":4205.91,"gap_per_capita":2024.86,"population":1180786},"geometry":{"type":"Polygon","coordinates":[[[-87.6361,34.0022],[-87.1701,34.0052],[-87.0918,33.8901],[-86.9244,33.9092],[-86.6854,34.0591],[-86.6011,34.119],[-86.453,34.2593],[-86.3702,33.9398],[-86.2901,33.9837],[-86.1427,33.8994],[-86.044,33.7636],[-86.1919,33.6983],[-86.2353,33.4945],[-86.3787,33.391],[-86.3573,33.2969],[-86.5031,33.1791],[-86.5111,33.0884],[-86.516,32.9294],[-86.457,32.8139],[-86.4133,32.7506],[-86.5247,32.7071],[-86.7134,32.6617],[-87.0177,32.6633],[-87.0192,32.837],[-87.3195,32.8751],[-87.4219,33.0034],[-87.2819,33.1331],[-87.1992,33.1966],[-87.0658,33.2759],[-87.2538,33.4178],[-87.2672,33.4972],[-87.3182,33.5142],[-87.371,33.5871],[-87.4238,33.6891],[-87.5316,33.8676],[-87.6359,33.9153],[-87.6361,34.0022]]]}},{"type":"Feature","properties":{"cbsa":"13860","name":"Bishop, CA","is_metro":false,"region":"West","tax_per_capita":3914.95,"spend_per_capita":16217.21,"gap_per_capita":12302.26,"population":18742},"geometry":{"type":"Polygon","coordinates":[[[-118.775,37.4631],[-117.6806,37.3534],[-117.166,36.9712],[-116.4882,36.4591],[-116.0936,36.1558],[-115.8461,35.9636],[-115.7359,35.7936],[-117.251,35.795],[-117.9244,35.7984],[-118.0055,35.8627],[-118.0036,35.9837],[-118.1271,36.2797],[-118.2148,36.435],[-118.2905,36.5585],[-118.3663,36.6916],[-118.3898,36.8345],[-118.4371,37.0598],[-118.6546,37.1418],[-118.7867,37.3434],[-118.775,37.4631]]]}},{"type":"Feature","properties":{"cbsa":"20460","name":"Durant, OK","is_metro":false,"region":"South","tax_per_capita":1312.15,"spend_per_capita":3259.15,"gap_per_capita":1947.0,"population":48038},"geometry":{"type":"Polygon","coordinates":[[[-96.6248,34.0097],[-96.5854,34.1145],[-96.4075,34.1573],[-95.9381,34.1251],[-95.7896,33.8724],[-95.8449,33.8604],[-95.9353,33.8751],[-96.1516,33.8319],[-96.229,33.748],[-96.3074,33.735],[-96.3797,33.7155],[-96.4365,33.7801],[-96.5239,33.8181],[-96.5929,33.8309],[-96.5947,33.883],[-96.6248,34.0097]]]}},{"type":"Feature","properties":{"cbsa":"40740","name":"Roswell, NM","is_metro":false,"region":"West","tax_per_capita":1531.3,"spend_per_capita":4713.8,"gap_per_capita":3182.5,"population":63892},"geometry":{"type":"Polygon","coordinates":[[[-105.316,32.9621],[-105.317,33.1323],[-104.9038,33.3059],[-104.8852,33.3692],[-104.8934,34.0884],[-104.7861,34.0001],[-104.1556,34.0832],[-103.8417,34.0819],[-103.7169,33.8196],[-103.7183,33.6562],[-103.5101,33.5701],[-103.7214,33.3954],[-103.7664,32.9653],[-104.1076,32.9654],[-104.8416,32.9632],[-104.8515,32.5205],[-105.316,32.9621]]]}},{"type":"Feature","properties":{"cbsa":"19620","name":"Del Rio, TX","is_metro":false,"region":"South","tax_per_capita":1477.54,"spend_per_capita":4571.96,"gap_per_capita":3094.42,"population":47617},"geometry":{"type":"Polygon","coordinates":[[[-101.7584,30.288],[-100.7004,30.2883],[-100.6991,29.4197],[-100.8019,29.2328],[-100.8868,29.3078],[-101.0602,29.4587],[-101.1927,29.5203],[-101.3055,29.5779],[-101.3672,29.664],[-101.4535,29.7597],[-101.5616,29.7947],[-101.7142,29.7677],[-101.7584,30.288]]]}},{"type":"Feature","properties":{"cbsa":"31180","name":"Lubbock, TX","is_metro":true,"region":"South","tax_per_capita":2210.49,"spend_per_capita":6564.31,"gap_per_capita":4353.82,"population":356789},"geometry":{"type":"Polygon","coordinates":[[[-103.0526,33.5706],[-103.0473,33.8247],[-102.0857,33.8247],[-101.0412,33.8336],[-101.0387,32.9702],[-101.5574,32.961],[-102.0762,32.9597],[-102.5948,33.3885],[-103.0526,33.5706]]]}},{"type":"Feature","properties":{"cbsa":"46380","name":"Ukiah, CA","is_metro":false,"region":"West","tax_per_capita":1349.23,"spend_per_capita":21418.32,"gap_per_capita":20069.09,"population":90007},"geometry":{"type":"Polygon","coordinates":[[[-124.0252,40.0013],[-123.5446,39.977],[-122.9098,39.9364],[-122.9377,39.7982],[-122.8854,39.5801],[-123.0632,39.5035],[-123.0197,39.3218],[-123.0778,39.1738],[-123.028,38.9966],[-122.9489,38.9002],[-123.081,38.8524],[-123.3684,38.8066],[-123.572,38.7982],[-123.6598,38.8725],[-123.7329,38.955],[-123.7215,39.1253],[-123.799,39.2714],[-123.8147,39.4465],[-123.7823,39.6215],[-123.8295,39.7231],[-123.9077,39.863],[-124.0252,40.0013]]]}},{"type":"Feature","properties":{"cbsa":"36620","name":"Ontario, OR-ID","is_metro":false,"region":"West","tax_per_capita":989.44,"spend_per_capita":4527.94,"gap_per_capita":3538.5,"population":58787},"geometry":{"type":"Polygon","coordinates":[[[-118.2322,44.2561],[-117.9718,44.4438],[-117.4867,44.3872],[-117.212,44.2965],[-117.1703,44.2589],[-117.0594,44.2372],[-116.9655,44.1941],[-116.8959,44.1543],[-116.4521,44.1515],[-116.5321,44.066],[-116.7125,43.9813],[-116.8532,43.7927],[-116.9855,43.8812],[-117.0257,43.6803],[-117.0267,43.0251],[-117.0266,42.3786],[-117.1978,42.0004],[-117.6237,41.9985],[-118.1972,41.997],[-118.1953,42.2671],[-118.2168,42.9147],[-118.2276,44.0399],[-118.2322,44.2561]]]}},{"type":"Feature","properties":{"cbsa":"15580","name":"Butte-Silver Bow, MT","is_metro":false,"region":"West","tax_per_capita":1551.06,"spend_per_capita":4204.22,"gap_per_capita":2653.16,"population":35947},"geometry":{"type":"Polygon","coordinates":[[[-113.0855,45.8606],[-112.939,45.9933],[-112.7777,46.0483],[-112.681,46.1357],[-112.5054,46.1843],[-112.4043,45.888],[-112.1903,45.7485],[-112.4982,45.7598],[-112.6871,45.6249],[-112.9884,45.8085],[-113.0855,45.8606]]]}},{"type":"Feature","properties":{"cbsa":"24580","name":"Green Bay, WI","is_metro":true,"region":"Midwest","tax_per_capita":1809.91,"spend_per_capita":5626.84,"gap_per_capita":3816.93,"population":330417},"geometry":{"type":"Polygon","coordinates":[[[-88.678,45.3787],[-88.3058,45.3746],[-88.1864,45.198],[-88.1189,45.1102],[-87.9444,44.9931],[-87.813,44.954],[-87.8384,44.874],[-87.9045,44.8187],[-87.9835,44.7202],[-88.0021,44.664],[-88.0412,44.5726],[-87.9438,44.5297],[-87.8669,44.6084],[-87.7613,44.6537],[-87.7376,44.677],[-87.4016,44.6312],[-87.4987,44.4607],[-87.766,44.3272],[-87.8881,44.2405],[-88.1926,44.2419],[-88.2452,44.5847],[-88.2427,44.6796],[-88.4891,44.8554],[-88.6412,45.1173],[-88.678,45.3787]]]}},{"type":"Feature","properties":{"cbsa":"15260","name":"Brunswick-St. Simons, GA","is_metro":true,"region":"South","tax_per_capita":2304.67,"spend_per_capita":8568.66,"gap_per_capita":6263.99,"population":114538},"geometry":{"type":"Polygon","coordinates":[[[-82.2846,31.2244],[-82.1001,31.2767],[-82.0411,31.3737],[-81.8011,31.3637],[-81.692,31.4005],[-81.6121,31.4694],[-81.566,31.5765],[-81.4358,31.6421],[-81.2222,31.6304],[-81.1773,31.5171],[-81.2586,31.4044],[-81.261,31.3039],[-81.2828,31.2443],[-81.3682,31.1365],[-81.4013,31.0728],[-81.4125,30.9908],[-81.5626,31.1303],[-81.7662,31.1697],[-81.9367,31.0608],[-82.0609,31.0758],[-82.1317,31.0107],[-82.2087,31.1709],[-82.2846,31.2244]]]}},{"type":"Feature","properties":{"cbsa":"10500","name":"Albany, GA","is_metro":true,"region":"South","tax_per_capita":1810.68,"spend_per_capita":4421.57,"gap_per_capita":2610.89,"population":145796},"geometry":{"type":"Polygon","coordinates":[[[-84.5998,31.9202],[-84.4438,31.9675],[-84.3382,31.8736],[-83.9225,31.9097],[-83.8455,31.8316],[-83.7968,31.6229],[-83.6494,31.568],[-83.6658,31.4851],[-83.6541,31.3307],[-83.7591,31.3322],[-83.9978,31.4438],[-84.1411,31.4402],[-84.4299,31.4367],[-84.4549,31.5483],[-84.477,31.6212],[-84.5354,31.6765],[-84.5998,31.9202]]]}},{"type":"Feature","properties":{"cbsa":"25740","name":"Helena, MT","is_metro":true,"region":"West","tax_per_capita":1507.81,"spend_per_capita":3656.74,"gap_per_capita":2148.93,"population":94386},"geometry":{"type":"Polygon","coordinates":[[[-113.1658,47.7198],[-113.0866,47.9182],[-112.9133,47.8262],[-112.8569,47.6295],[-112.5497,47.652],[-112.4051,47.5523],[-112.278,47.5056],[-112.0448,47.1927],[-111.9421,47.1436],[-111.7902,46.9138],[-111.6395,46.8321],[-111.4981,46.7625],[-111.4112,46.64],[-111.3449,46.5459],[-111.2465,46.4381],[-111.0571,46.4031],[-111.0751,46.2508],[-111.3467,46.1878],[-111.4238,46.062],[-111.5877,45.9067],[-111.7055,45.7957],[-111.927,45.8557],[-112.1903,45.7485],[-112.4043,45.888],[-112.5054,46.1843],[-112.5979,46.2369],[-112.57,46.305],[-112.3106,46.4212],[-112.2985,46.626],[-112.4106,46.656],[-112.5356,46.6995],[-112.7956,46.8317],[-113.0591,47.1796],[-113.1231,47.5157],[-113.1658,47.7198]]]}},{"type":"Feature","properties":{"cbsa":"31260","name":"Lufkin, TX","is_metro":false,"region":"South","tax_per_capita":1559.31,"spend_per_capita":4688.33,"gap_per_capita":3129.02,"population":87124},"geometry":{"type":"Polygon","coordinates":[[[-95.0033,31.4257],[-94.8229,31.484],[-94.5314,31.3985],[-94.4494,31.3213],[-94.3266,31.2248],[-94.1296,31.0993],[-94.5266,31.0557],[-94.7516,31.1056],[-94.8605,31.235],[-94.9767,31.4091],[-95.0033,31.4257]]]}},{"type":"Feature","properties":{"cbsa":"16820","name":"Charlottesville, VA","is_metro":true,"region":"South","tax_per_capita":2539.23,"spend_per_capita":4731.88,"gap_per_capita":2192.65,"population":223996},"geometry":{"type":"Polygon","coordinates":[[[-79.1444,37.8561],[-79.0625,37.9176],[-78.9023,37.9514],[-78.7811,38.0808],[-78.7264,38.23],[-78.6631,38.2779],[-78.4857,38.4216],[-78.4296,38.3667],[-78.2888,38.2727],[-78.3417,38.1769],[-78.254,38.0628],[-78.2051,37.9573],[-78.1477,37.7739],[-78.181,37.745],[-78.4635,37.7598],[-78.4977,37.7631],[-78.7394,37.6315],[-78.8252,37.5525],[-78.986,37.6955],[-79.0714,37.7783],[-79.1721,37.8031],[-79.1444,37.8561]]]}},{"type":"Feature","properties":{"cbsa":"40140","name":"Riverside-San Bernardino-Ontario, CA","is_metro":true,"region":"West","tax_per_capita":2147.57,"spend_per_capita":9287.14,"gap_per_capita":7139.57,"population":4669149},"geometry":{"type":"Polygon","coordinates":[[[-117.8024,33.9683],[-117.746,34.0201],[-117.7112,34.0795],[-117.6464,34.2892],[-117.6552,34.3972],[-117.6322,34.8223],[-117.6313,35.4196],[-117.6343,35.6516],[-117.6343,35.7973],[-116.2773,35.7934],[-115.648,35.8096],[-115.4045,35.6176],[-115.1601,35.4241],[-114.9482,35.2552],[-114.6335,35.0019],[-114.6344,34.8729],[-114.491,34.7248],[-114.4224,34.5807],[-114.3789,34.4504],[-114.2643,34.4013],[-114.1409,34.3059],[-114.1391,34.2595],[-114.2297,34.1869],[-114.3481,34.1345],[-114.428,34.0928],[-114.4355,34.0426],[-114.5096,33.9573],[-114.5087,33.9006],[-114.5205,33.8278],[-114.4966,33.7192],[-114.5252,33.6616],[-114.5246,33.5522],[-114.6291,33.4335],[-115.4675,33.427],[-116.1976,33.4289],[-117.2249,33.432],[-117.5097,33.505],[-117.4579,33.6022],[-117.534,33.7104],[-117.673,33.871],[-117.8024,33.9683]]]}},{"type":"Feature","properties":{"cbsa":"33100","name":"Miami-Fort Lauderdale-West Palm Beach, FL","is_metro":true,"region":"South","tax_per_capita":3017.22,"spend_per_capita":7037.12,"gap_per_capita":4019.89,"population":6139812},"geometry":{"type":"Polygon","coordinates":[[[-80.8856,26.9589],[-80.142,26.9566],[-80.0463,26.8592],[-80.0321,26.7715],[-80.0358,26.676],[-80.0389,26.5693],[-80.0616,26.4264],[-80.0856,26.2493],[-80.1096,26.0872],[-80.1179,25.9158],[-80.1238,25.7628],[-80.155,25.6655],[-80.2291,25.7325],[-80.3015,25.6133],[-80.316,25.5326],[-80.3104,25.3897],[-80.176,25.5212],[-80.2294,25.3421],[-80.3721,25.3102],[-80.3949,25.2535],[-80.4507,25.2402],[-80.4928,25.2056],[-80.5424,25.2064],[-80.7106,25.1525],[-80.8121,25.186],[-80.8732,25.364],[-80.8729,25.9794],[-80.8813,26.3338],[-80.8856,26.9589]]]}},{"type":"Feature","properties":{"cbsa":"41620","name":"Salt Lake City-Murray, UT","is_metro":true,"region":"West","tax_per_capita":2568.43,"spend_per_capita":5635.89,"gap_per_capita":3067.47,"population":1266524},"geometry":{"type":"Polygon","coordinates":[[[-114.0464,40.0979],[-114.0462,40.3983],[-114.0435,40.7263],[-112.7994,40.9999],[-112.2602,40.7691],[-111.9587,40.9218],[-111.8912,40.8218],[-111.7389,40.8612],[-111.6411,40.7989],[-111.6062,40.7129],[-111.6044,40.6663],[-111.5939,40.5771],[-111.9133,40.4525],[-112.1729,40.4671],[-112.1755,40.3358],[-112.1469,40.1778],[-112.2703,39.939],[-112.342,39.9045],[-114.0473,39.9061],[-114.0464,40.0979]]]}},{"type":"Feature","properties":{"cbsa":"27980","name":"Kahului-Wailuku, HI","is_metro":true,"region":"West","tax_per_capita":3293.62,"spend_per_capita":3112.05,"gap_per_capita":-181.57,"population":164440},"geometry":{"type":"MultiPolygon","coordinates":[[[[-156.6999,20.9206],[-156.6196,21.0278],[-156.5187,20.9547],[-156.4033,20.9158],[-156.2426,20.9378],[-156.1327,20.8614],[-156.0035,20.7955],[-156.0019,20.6981],[-156.1299,20.6275],[-156.2844,20.5965],[-156.4319,20.5981],[-156.4584,20.7367],[-156.4736,20.7908],[-156.5378,20.7784],[-156.6318,20.8212],[-156.6999,20.9206]]],[[[-156.6705,20.5599],[-156.5671,20.6049],[-156.5396,20.5276],[-156.6688,20.5047],[-156.6705,20.5599]]],[[[-157.0591,20.9134],[-156.9375,20.9253],[-156.837,20.8636],[-156.8383,20.7646],[-156.9091,20.7395],[-156.9907,20.7759],[-157.0109,20.8545],[-157.0591,20.9134]]],[[[-157.2772,21.1584],[-157.2607,21.2257],[-157.1282,21.2015],[-157.0143,21.2007],[-156.9628,21.2121],[-156.9179,21.169],[-156.7422,21.1762],[-156.7393,21.1113],[-156.8771,21.0493],[-157.0262,21.089],[-157.1716,21.0907],[-157.3107,21.1016],[-157.2772,21.1584]]]]}},{"type":"Feature","properties":{"cbsa":"12060","name":"Atlanta-Sandy Springs-Roswell, GA","is_metro":true,"region":"South","tax_per_capita":2345.16,"spend_per_capita":4669.16,"gap_per_capita":2324.0,"population":6238676},"geometry":{"type":"Polygon","coordinates":[[[-85.3867,33.9017],[-85.0498,33.9526],[-84.9227,34.0825],[-85.0469,34.0964],[-85.0058,34.3924],[-84.6532,34.4126],[-84.6544,34.5489],[-84.3456,34.5627],[-84.2551,34.5683],[-84.1886,34.6027],[-84.0365,34.6419],[-83.8565,34.7222],[-83.8434,34.5055],[-83.9806,34.4184],[-83.9571,34.334],[-83.9891,34.1957],[-84.0207,34.1536],[-83.8177,34.1275],[-83.5632,34.0318],[-83.647,33.9062],[-83.5059,33.8178],[-83.4062,33.6983],[-83.2692,33.5332],[-83.5337,33.4345],[-83.816,33.1318],[-83.8426,33.1968],[-84.1238,33.2028],[-84.2482,33.189],[-84.2692,33.0314],[-84.4897,32.9937],[-84.527,32.9705],[-84.5069,32.8818],[-84.7005,32.8446],[-84.8618,32.8725],[-84.8621,33.2239],[-85.108,33.1951],[-85.2366,33.1295],[-85.3049,33.4828],[-85.3381,33.6531],[-85.3867,33.9017]]]}},{"type":"Feature","properties":{"cbsa":"41460","name":"Salina, KS","is_metro":false,"region":"Midwest","tax_per_capita":3475.67,"spend_per_capita":5562.99,"gap_per_capita":2087.32,"population":59195},"geometry":{"type":"Polygon","coordinates":[[[-97.9316,39.2771],[-97.3698,39.306],[-97.3716,38.9579],[-97.3719,38.6094],[-97.9286,38.8711],[-97.9297,39.2193],[-97.9316,39.2771]]]}},{"type":"Feature","properties":{"cbsa":"47220","name":"Vineland, NJ","is_metro":true,"region":"Northeast","tax_per_capita":2244.46,"spend_per_capita":7565.0,"gap_per_capita":5320.53,"population":151347},"geometry":{"type":"Polygon","coordinates":[[[-75.4171,39.3889],[-75.2384,39.559],[-75.0619,39.5687],[-74.856,39.424],[-74.9263,39.209],[-74.998,39.1913],[-75.0908,39.2108],[-75.1667,39.2226],[-75.2444,39.2857],[-75.3268,39.3325],[-75.3993,39.3795],[-75.4171,39.3889]]]}},{"type":"Feature","properties":{"cbsa":"39150","name":"Prescott Valley-Prescott, AZ","is_metro":true,"region":"West","tax_per_capita":1932.87,"spend_per_capita":3945.07,"gap_per_capita":2012.2,"population":246230},"geometry":{"type":"Polygon","coordinates":[[[-113.3341,35.5084],[-113.1763,35.5072],[-112.9769,35.3928],[-112.7351,35.305],[-112.5774,35.2434],[-112.4424,35.2592],[-112.3358,35.1482],[-111.809,34.9763],[-111.5521,34.8025],[-111.5542,34.4394],[-111.7205,34.1604],[-111.4638,34.0724],[-111.7263,34.0],[-112.1644,34.0482],[-112.4279,33.9207],[-113.3333,34.0],[-113.3344,34.5613],[-113.3341,35.5084]]]}},{"type":"Feature","properties":{"cbsa":"40900","name":"Sacramento-Roseville-Folsom, CA","is_metro":true,"region":"West","tax_per_capita":2403.44,"spend_per_capita":7547.04,"gap_per_capita":5143.6,"population":2417259},"geometry":{"type":"Polygon","coordinates":[[[-122.4219,38.9038],[-121.8355,38.9245],[-121.7231,38.8513],[-121.6029,38.7358],[-121.4694,38.926],[-121.4148,38.9965],[-121.2795,39.0346],[-121.1374,39.0379],[-120.9863,39.1022],[-120.6911,39.3041],[-120.0048,39.3165],[-120.0034,39.1656],[-120.002,39.0675],[-119.9043,38.9333],[-119.9649,38.776],[-120.0776,38.7089],[-120.2128,38.6294],[-120.5675,38.5073],[-120.813,38.5622],[-121.0271,38.3003],[-121.344,38.2283],[-121.58,38.0944],[-121.7517,38.0243],[-121.8625,38.066],[-121.7121,38.0855],[-121.6145,38.1965],[-121.5941,38.3131],[-121.712,38.538],[-122.0117,38.489],[-122.1344,38.6046],[-122.3953,38.864],[-122.4219,38.9038]]]}},{"type":"Feature","properties":{"cbsa":"24420","name":"Grants Pass, OR","is_metro":true,"region":"West","tax_per_capita":1176.64,"spend_per_capita":4219.7,"gap_per_capita":3043.06,"population":87800},"geometry":{"type":"Polygon","coordinates":[[[-124.0133,42.4127],[-124.0097,42.418],[-124.0087,42.4208],[-124.011,42.4218],[-124.0128,42.424],[-124.0092,42.4272],[-124.0136,42.4351],[-124.0109,42.4394],[-124.0093,42.4415],[-124.0029,42.4435],[-124.0017,42.445],[-124.0036,42.4478],[-124.0032,42.4518],[-124.0013,42.4551],[-124.0058,42.4595],[-124.0051,42.462],[-124.0028,42.4627],[-124.0012,42.4648],[-124.0011,42.4674],[-124.0028,42.4739],[-124.0014,42.4809],[-124.0031,42.4858],[-124.0055,42.4874],[-124.0082,42.489],[-124.0115,42.4896],[-123.8313,42.6323],[-123.7165,42.7397],[-123.4455,42.703],[-123.2296,42.7026],[-123.3476,41.9991],[-123.5191,41.9992],[-123.822,41.9956],[-123.7922,42.2376],[-124.0271,42.3592],[-124.0133,42.4127]]]}},{"type":"Feature","properties":{"cbsa":"49340","name":"Worcester, MA","is_metro":true,"region":"Northeast","tax_per_capita":2344.05,"spend_per_capita":5072.13,"gap_per_capita":2728.08,"population":862873},"geometry":{"type":"Polygon","coordinates":[[[-72.2913,42.4795],[-72.2249,42.6389],[-72.1245,42.7176],[-71.929,42.7123],[-71.8585,42.6338],[-71.6646,42.6116],[-71.5388,42.543],[-71.6247,42.3505],[-71.4868,42.3302],[-71.5868,42.2595],[-71.5026,42.1914],[-71.4785,42.1314],[-71.4982,42.0159],[-71.5911,42.0135],[-71.7992,42.0081],[-71.846,42.0244],[-72.1357,42.0291],[-72.2647,42.1963],[-72.214,42.2943],[-72.3143,42.3437],[-72.2913,42.4795]]]}},{"type":"Feature","properties":{"cbsa":"27260","name":"Jacksonville, FL","is_metro":true,"region":"South","tax_per_capita":1831.52,"spend_per_capita":4395.12,"gap_per_capita":2563.6,"population":1676329},"geometry":{"type":"Polygon","coordinates":[[[-82.4596,30.5843],[-82.2186,30.5644],[-82.201,30.4744],[-82.18,30.3686],[-82.0947,30.3608],[-82.0408,30.3701],[-82.0282,30.4474],[-82.0157,30.6017],[-82.0418,30.6924],[-81.995,30.7861],[-81.906,30.8214],[-81.8686,30.7928],[-81.7634,30.7738],[-81.6683,30.7446],[-81.5617,30.7156],[-81.5072,30.7229],[-81.4274,30.698],[-81.4341,30.5226],[-81.426,30.4967],[-81.4025,30.4001],[-81.3744,30.2529],[-81.2704,29.8831],[-81.2567,29.7847],[-81.3241,29.6256],[-81.5252,29.7595],[-81.8124,29.8365],[-81.9394,29.7475],[-82.0461,29.7471],[-82.1426,30.1431],[-82.4598,30.5843],[-82.4596,30.5843]]]}},{"type":"Feature","properties":{"cbsa":"37620","name":"Parkersburg-Vienna, WV","is_metro":true,"region":"South","tax_per_capita":1237.44,"spend_per_capita":3289.25,"gap_per_capita":2051.81,"population":88480},"geometry":{"type":"Polygon","coordinates":[[[-81.7528,39.1847],[-81.7116,39.2192],[-81.6139,39.2753],[-81.5596,39.3308],[-81.4561,39.4093],[-81.3938,39.3517],[-81.3636,39.3205],[-81.2593,39.2671],[-81.2503,39.0351],[-81.2727,38.9363],[-81.3439,38.8956],[-81.5026,38.9179],[-81.5814,39.0262],[-81.7503,39.104],[-81.7523,39.181],[-81.7528,39.1847]]]}},{"type":"Feature","properties":{"cbsa":"15420","name":"Burley, ID","is_metro":false,"region":"West","tax_per_capita":936.07,"spend_per_capita":4208.69,"gap_per_capita":3272.61,"population":47852},"geometry":{"type":"Polygon","coordinates":[[[-114.2854,42.4173],[-114.0671,42.5145],[-113.9318,42.5352],[-113.7639,42.7645],[-113.7146,43.1998],[-113.4131,42.8492],[-113.4722,42.6694],[-113.3044,42.6287],[-113.1757,42.5895],[-113.0,42.3274],[-113.0008,41.9982],[-113.4965,41.9933],[-114.0417,41.9937],[-114.2854,42.4173]]]}},{"type":"Feature","properties":{"cbsa":"12580","name":"Baltimore-Columbia-Towson, MD","is_metro":true,"region":"South","tax_per_capita":3229.32,"spend_per_capita":6163.73,"gap_per_capita":2934.41,"population":2834813},"geometry":{"type":"MultiPolygon","coordinates":[[[[-76.3617,38.9392],[-76.3018,39.0397],[-76.211,38.9926],[-76.0476,39.1627],[-75.8663,39.2609],[-75.7482,39.1431],[-75.9409,38.9763],[-76.0973,38.9441],[-76.1969,38.8557],[-76.2036,38.9284],[-76.3179,38.9113],[-76.3762,38.8505],[-76.3617,38.9392]]],[[[-77.217,39.7202],[-76.9911,39.7201],[-76.7158,39.7214],[-76.5694,39.7215],[-76.2397,39.7216],[-76.2333,39.7216],[-76.0376,39.4526],[-76.1464,39.4053],[-76.2966,39.3011],[-76.35,39.2488],[-76.3955,39.2317],[-76.4635,39.2059],[-76.504,39.1993],[-76.4287,39.1317],[-76.4204,39.0421],[-76.449,38.9828],[-76.4503,38.9411],[-76.474,38.9027],[-76.5169,38.8512],[-76.527,38.787],[-76.5267,38.7244],[-76.6159,38.7208],[-76.6864,38.7485],[-76.6701,38.9069],[-76.7513,39.0347],[-76.8404,39.1031],[-76.9585,39.134],[-77.0094,39.2067],[-77.1869,39.3393],[-77.1681,39.354],[-77.1342,39.4317],[-77.2001,39.5786],[-77.217,39.7202]]]]}},{"type":"Feature","properties":{"cbsa":"39340","name":"Provo-Orem-Lehi, UT","is_metro":true,"region":"West","tax_per_capita":1777.38,"spend_per_capita":4190.78,"gap_per_capita":2413.4,"population":715278},"geometry":{"type":"Polygon","coordinates":[[[-114.0473,39.9061],[-112.342,39.9045],[-112.2703,39.939],[-112.1469,40.1778],[-112.1755,40.3358],[-112.1729,40.4671],[-111.9133,40.4525],[-111.5939,40.5771],[-111.621,40.4498],[-111.4803,40.3622],[-111.3132,40.2872],[-111.2493,40.0552],[-111.0831,39.9001],[-110.8576,39.8997],[-111.2475,39.813],[-111.5848,39.7401],[-111.7131,39.4603],[-111.9224,39.3816],[-112.1889,39.3294],[-112.3545,39.5537],[-113.8398,39.5438],[-114.0478,39.7942],[-114.0473,39.9061]]]}},{"type":"Feature","properties":{"cbsa":"31930","name":"Marietta, OH","is_metro":false,"region":"Midwest","tax_per_capita":1840.1,"spend_per_capita":4574.42,"gap_per_capita":2734.32,"population":58868},"geometry":{"type":"Polygon","coordinates":[[[-81.8449,39.4502],[-81.7085,39.4808],[-81.5882,39.587],[-81.4732,39.646],[-81.2831,39.6058],[-81.0374,39.5381],[-81.1213,39.4577],[-81.1859,39.4307],[-81.3476,39.3458],[-81.3938,39.3517],[-81.4561,39.4093],[-81.5596,39.3308],[-81.6139,39.2753],[-81.7116,39.2192],[-81.7218,39.2696],[-81.8537,39.3182],[-81.8449,39.4502]]]}},{"type":"Feature","properties":{"cbsa":"23240","name":"Fredericksburg, TX","is_metro":false,"region":"South","tax_per_capita":2731.94,"spend_per_capita":3575.25,"gap_per_capita":843.31,"population":27501},"geometry":{"type":"Polygon","coordinates":[[[-99.304,30.4998],[-98.9642,30.4985],[-98.5917,30.4999],[-98.5879,30.139],[-98.9201,30.1383],[-99.301,30.1343],[-99.3017,30.2867],[-99.304,30.4998]]]}},{"type":"Feature","properties":{"cbsa":"44300","name":"State College, PA","is_metro":true,"region":"Northeast","tax_per_capita":1924.97,"spend_per_capita":3645.2,"gap_per_capita":1720.22,"population":157533},"geometry":{"type":"Polygon","coordinates":[[[-78.3734,40.7576],[-78.2492,40.8554],[-78.0781,40.9564],[-78.1115,41.1152],[-78.0036,41.1449],[-77.8983,41.2527],[-77.79,41.1771],[-77.6218,41.0912],[-77.3399,40.9872],[-77.2792,40.9097],[-77.6526,40.7449],[-77.8249,40.7435],[-78.1165,40.7391],[-78.3606,40.7332],[-78.3734,40.7576]]]}},{"type":"Feature","properties":{"cbsa":"25720","name":"Heber, UT","is_metro":false,"region":"West","tax_per_capita":6738.72,"spend_per_capita":8225.79,"gap_per_capita":1487.07,"population":79642},"geometry":{"type":"Polygon","coordinates":[[[-111.6411,40.7989],[-111.4796,40.8583],[-111.593,40.993],[-111.3805,41.0872],[-111.265,41.144],[-111.0466,41.2516],[-110.8721,40.9974],[-110.1216,40.9971],[-110.0007,40.9974],[-110.1378,40.8109],[-110.379,40.7872],[-110.6257,40.7695],[-110.7507,40.7477],[-110.892,40.7271],[-110.8917,39.8997],[-111.0831,39.9432],[-111.2259,40.1677],[-111.4573,40.3007],[-111.5552,40.3627],[-111.5748,40.4869],[-111.5533,40.6093],[-111.5927,40.6991],[-111.6491,40.7734],[-111.6411,40.7989]]]}},{"type":"Feature","properties":{"cbsa":"48300","name":"Wenatchee-East Wenatchee, WA","is_metro":true,"region":"West","tax_per_capita":2316.58,"spend_per_capita":6349.88,"gap_per_capita":4033.31,"population":124261},"geometry":{"type":"Polygon","coordinates":[[[-121.1182,47.9971],[-121.0159,48.0748],[-121.0017,48.296],[-121.0497,48.4854],[-120.7021,48.5316],[-120.6499,48.3981],[-120.5832,48.3191],[-120.3463,48.2],[-120.2131,48.079],[-120.0666,47.9664],[-119.8953,48.05],[-119.6697,48.0752],[-119.6525,48.0002],[-119.4363,48.0767],[-119.2986,48.1155],[-119.151,48.1461],[-119.0032,48.0433],[-118.9822,47.962],[-119.1259,47.9173],[-119.2124,47.8007],[-119.3203,47.6268],[-119.5329,47.5278],[-119.8758,47.4375],[-120.0047,47.32],[-120.076,47.2259],[-120.3892,47.2609],[-120.6644,47.3433],[-120.9179,47.4294],[-121.075,47.5509],[-121.1216,47.6852],[-121.1192,47.7799],[-121.1808,47.8988],[-121.1182,47.9971]]]}},{"type":"Feature","properties":{"cbsa":"43340","name":"Shreveport-Bossier City, LA","is_metro":true,"region":"South","tax_per_capita":2811.09,"spend_per_capita":4814.27,"gap_per_capita":2003.18,"population":384943},"geometry":{"type":"Polygon","coordinates":[[[-94.0431,32.693],[-94.043,32.8811],[-93.8146,33.0194],[-93.7233,33.0195],[-93.5305,32.9756],[-93.4479,32.8667],[-93.4449,32.7614],[-93.3727,32.4102],[-93.4029,32.3687],[-93.4694,32.2372],[-93.536,32.1931],[-93.4415,31.9892],[-93.4202,31.934],[-93.8783,31.8443],[-93.9775,31.9264],[-94.0418,31.9924],[-94.0427,32.1961],[-94.0428,32.3923],[-94.0431,32.693]]]}},{"type":"Feature","properties":{"cbsa":"43380","name":"Sidney, OH","is_metro":false,"region":"Midwest","tax_per_capita":2105.19,"spend_per_capita":4441.47,"gap_per_capita":2336.28,"population":47684},"geometry":{"type":"Polygon","coordinates":[[[-84.4346,40.3543],[-84.3386,40.3792],[-84.0024,40.4831],[-84.0101,40.3176],[-84.0229,40.1839],[-84.4326,40.197],[-84.4346,40.3543]]]}},{"type":"Feature","properties":{"cbsa":"47260","name":"Virginia Beach-Chesapeake-Norfolk, VA-NC","is_metro":true,"region":"South","tax_per_capita":2330.53,"spend_per_capita":5893.86,"gap_per_capita":3563.34,"population":1785390},"geometry":{"type":"Polygon","coordinates":[[[-77.0123,37.2329],[-76.9216,37.2253],[-76.8744,37.3654],[-76.8918,37.4326],[-76.7123,37.4313],[-76.6541,37.6032],[-76.4376,37.5144],[-76.2895,37.5361],[-76.2505,37.4219],[-76.2756,37.31],[-76.394,37.3959],[-76.4375,37.3798],[-76.3623,37.2702],[-76.3941,37.2251],[-76.3431,37.1866],[-76.2931,37.1142],[-76.3043,37.0014],[-76.268,36.9645],[-76.1769,36.9285],[-76.0431,36.9275],[-75.9616,36.8],[-75.8909,36.6308],[-75.8384,36.4349],[-75.7707,36.2321],[-75.7663,36.057],[-75.8748,36.0418],[-76.0224,36.0867],[-76.0294,36.1588],[-76.2162,36.2983],[-76.4373,36.4678],[-76.4914,36.4686],[-76.5596,36.3511],[-76.6966,36.2961],[-76.9464,36.4141],[-76.9157,36.5461],[-76.8976,36.6441],[-76.9177,36.6624],[-76.9252,36.6836],[-76.9261,36.6986],[-76.8177,36.8821],[-76.9535,36.9445],[-77.1554,37.112],[-77.0123,37.2329]]]}},{"type":"Feature","properties":{"cbsa":"49460","name":"Yankton, SD","is_metro":false,"region":"Midwest","tax_per_capita":2358.24,"spend_per_capita":3873.61,"gap_per_capita":1515.38,"population":23412},"geometry":{"type":"Polygon","coordinates":[[[-97.6375,43.1688],[-97.1605,43.17],[-97.1604,42.8118],[-97.214,42.8201],[-97.3021,42.8657],[-97.4171,42.8659],[-97.4849,42.85],[-97.5993,42.8562],[-97.6375,43.1688]]]}},{"type":"Feature","properties":{"cbsa":"24500","name":"Great Falls, MT","is_metro":true,"region":"West","tax_per_capita":1401.52,"spend_per_capita":3288.87,"gap_per_capita":1887.34,"population":85001},"geometry":{"type":"Polygon","coordinates":[[[-112.0478,47.516],[-111.9229,47.6112],[-111.6665,47.6978],[-110.9762,47.6987],[-110.8646,47.5247],[-110.7691,47.4461],[-110.6396,47.4165],[-110.7671,47.3591],[-110.7707,47.0965],[-110.6364,46.8372],[-110.7516,46.8445],[-110.856,46.9213],[-111.1048,47.029],[-111.1586,47.0883],[-111.2853,47.001],[-111.5392,46.9134],[-111.7902,46.9138],[-111.9421,47.1436],[-112.0448,47.1927],[-112.0478,47.516]]]}},{"type":"Feature","properties":{"cbsa":"25900","name":"Hilo-Kailua, HI","is_metro":false,"region":"West","tax_per_capita":2497.12,"spend_per_capita":2808.58,"gap_per_capita":311.46,"population":206348},"geometry":{"type":"Polygon","coordinates":[[[-156.0497,19.7805],[-155.9767,19.8505],[-155.9157,19.8871],[-155.8566,19.9689],[-155.8255,20.0259],[-155.8906,20.1236],[-155.8907,20.2552],[-155.7989,20.2541],[-155.7043,20.1917],[-155.598,20.1245],[-155.5026,20.1142],[-155.2703,20.0145],[-155.1246,19.8973],[-155.0912,19.7764],[-155.0454,19.7398],[-154.9811,19.6907],[-154.9471,19.6049],[-154.8144,19.5301],[-154.8766,19.4332],[-155.0205,19.3313],[-155.1596,19.2684],[-155.2646,19.2742],[-155.3606,19.2089],[-155.4535,19.152],[-155.5553,19.0694],[-155.614,18.9704],[-155.672,18.9175],[-155.8061,19.014],[-155.9142,19.0991],[-155.9026,19.2584],[-155.8887,19.348],[-155.9247,19.4539],[-155.9693,19.556],[-155.9977,19.6428],[-156.0333,19.6692],[-156.0497,19.7805]]]}},{"type":"Feature","properties":{"cbsa":"43220","name":"Shelton, WA","is_metro":false,"region":"West","tax_per_capita":1625.15,"spend_per_capita":6165.13,"gap_per_capita":4539.98,"population":68171},"geometry":{"type":"Polygon","coordinates":[[[-123.5059,47.6046],[-123.0384,47.5202],[-122.8012,47.4036],[-122.8206,47.1942],[-122.9382,47.1903],[-123.2019,47.0851],[-123.505,47.2585],[-123.5059,47.6046]]]}},{"type":"Feature","properties":{"cbsa":"36340","name":"Oil City, PA","is_metro":false,"region":"Northeast","tax_per_capita":1334.52,"spend_per_capita":5580.69,"gap_per_capita":4246.17,"population":49734},"geometry":{"type":"Polygon","coordinates":[[[-79.9998,41.49],[-79.8928,41.5622],[-79.8291,41.6221],[-79.5121,41.6246],[-79.4782,41.4401],[-79.4781,41.3357],[-79.695,41.1729],[-79.9998,41.1719],[-79.9998,41.49]]]}},{"type":"Feature","properties":{"cbsa":"29700","name":"Laredo, TX","is_metro":true,"region":"South","tax_per_capita":2343.92,"spend_per_capita":6072.15,"gap_per_capita":3728.23,"population":267619},"geometry":{"type":"Polygon","coordinates":[[[-100.1975,28.197],[-99.3942,28.2046],[-98.8033,28.0575],[-98.7981,27.268],[-99.3336,27.2732],[-99.4608,27.2622],[-99.4879,27.2949],[-99.4875,27.4124],[-99.4975,27.5005],[-99.5301,27.5802],[-99.6245,27.6345],[-99.7585,27.7171],[-99.8447,27.7788],[-99.9044,27.8753],[-99.9322,27.9677],[-100.0287,28.0731],[-100.1744,28.1794],[-100.1975,28.197]]]}},{"type":"Feature","properties":{"cbsa":"19180","name":"Danville, IL","is_metro":false,"region":"Midwest","tax_per_capita":1494.4,"spend_per_capita":5454.77,"gap_per_capita":3960.36,"population":72103},"geometry":{"type":"Polygon","coordinates":[[[-87.9421,40.2255],[-87.93,40.3134],[-87.9353,40.4859],[-87.5271,40.4769],[-87.531,40.148],[-87.5323,40.0116],[-87.5575,39.8688],[-87.9376,39.8798],[-87.9421,40.2255]]]}},{"type":"Feature","properties":{"cbsa":"43640","name":"Slidell-Mandeville-Covington, LA","is_metro":true,"region":"South","tax_per_capita":2409.42,"spend_per_capita":5849.7,"gap_per_capita":3440.28,"population":273237},"geometry":{"type":"Polygon","coordinates":[[[-90.2557,30.7124],[-89.8262,30.6688],[-89.7917,30.5515],[-89.6999,30.454],[-89.6342,30.3083],[-89.5245,30.1808],[-89.6251,30.1535],[-89.7157,30.1608],[-89.7974,30.1608],[-90.0403,30.1551],[-90.1563,30.1896],[-90.2436,30.3616],[-90.2434,30.6447],[-90.2557,30.7124]]]}},{"type":"Feature","properties":{"cbsa":"44700","name":"Stockton-Lodi, CA","is_metro":true,"region":"West","tax_per_capita":2279.31,"spend_per_capita":7583.91,"gap_per_capita":5304.6,"population":794293},"geometry":{"type":"Polygon","coordinates":[[[-121.58,38.0944],[-121.344,38.2283],[-121.0271,38.3003],[-120.9421,38.0963],[-120.9233,37.7936],[-120.9958,37.7602],[-121.151,37.7195],[-121.2412,37.664],[-121.5567,37.5427],[-121.557,37.8165],[-121.5795,37.8611],[-121.5564,37.9233],[-121.5799,37.9761],[-121.58,38.0944]]]}},{"type":"Feature","properties":{"cbsa":"17260","name":"Clarksdale, MS","is_metro":false,"region":"South","tax_per_capita":1610.67,"spend_per_capita":6739.36,"gap_per_capita":5128.69,"population":20235},"geometry":{"type":"Polygon","coordinates":[[[-90.9381,34.1488],[-90.8827,34.1844],[-90.84,34.2361],[-90.7527,34.2893],[-90.7291,34.3642],[-90.6414,34.3839],[-90.5837,34.4588],[-90.3995,34.4238],[-90.4506,34.2624],[-90.451,33.9857],[-90.6595,34.1189],[-90.9381,34.1488]]]}},{"type":"Feature","properties":{"cbsa":"21900","name":"Fairmont, WV","is_metro":false,"region":"South","tax_per_capita":1265.26,"spend_per_capita":3601.52,"gap_per_capita":2336.26,"population":55784},"geometry":{"type":"Polygon","coordinates":[[[-80.4982,39.5633],[-80.3958,39.6373],[-79.9389,39.4525],[-80.1973,39.3932],[-80.4941,39.4696],[-80.4982,39.5633]]]}},{"type":"Feature","properties":{"cbsa":"43660","name":"Snyder, TX","is_metro":false,"region":"South","tax_per_capita":3252.63,"spend_per_capita":9744.67,"gap_per_capita":6492.04,"population":16269},"geometry":{"type":"Polygon","coordinates":[[[-101.1734,32.9636],[-101.0387,32.9702],[-100.9902,32.965],[-100.6559,32.9635],[-100.6606,32.5253],[-101.1746,32.5277],[-101.1734,32.9636]]]}},{"type":"Feature","properties":{"cbsa":"10140","name":"Aberdeen, WA","is_metro":false,"region":"West","tax_per_capita":1937.76,"spend_per_capita":7413.1,"gap_per_capita":5475.34,"population":77041},"geometry":{"type":"Polygon","coordinates":[[[-124.3536,47.5335],[-124.0467,47.5185],[-123.505,47.2585],[-123.2019,47.0851],[-123.1605,46.8375],[-123.3709,46.7921],[-124.1012,46.8107],[-124.1801,46.9264],[-124.1885,47.1579],[-124.2363,47.2873],[-124.3536,47.5335]]]}},{"type":"Feature","properties":{"cbsa":"31500","name":"Madison, IN","is_metro":false,"region":"Midwest","tax_per_capita":1698.38,"spend_per_capita":3178.29,"gap_per_capita":1479.9,"population":32936},"geometry":{"type":"Polygon","coordinates":[[[-85.6838,38.8154],[-85.5374,38.8828],[-85.4449,38.913],[-85.2018,38.6974],[-85.2755,38.7412],[-85.341,38.7339],[-85.4489,38.7134],[-85.4362,38.5983],[-85.4967,38.6067],[-85.5709,38.6787],[-85.6838,38.8154]]]}},{"type":"Feature","properties":{"cbsa":"30020","name":"Lawton, OK","is_metro":true,"region":"South","tax_per_capita":1106.36,"spend_per_capita":6031.63,"gap_per_capita":4925.26,"population":127674},"geometry":{"type":"Polygon","coordinates":[[[-98.826,34.5944],[-98.6198,34.8553],[-98.089,34.8348],[-98.1418,34.6812],[-98.1393,34.4893],[-98.1385,34.1412],[-98.2253,34.1272],[-98.364,34.1571],[-98.4144,34.0851],[-98.4751,34.0643],[-98.5771,34.149],[-98.6097,34.3337],[-98.662,34.4059],[-98.8261,34.5074],[-98.826,34.5944]]]}},{"type":"Feature","properties":{"cbsa":"15700","name":"Cambridge, MD","is_metro":false,"region":"South","tax_per_capita":2138.94,"spend_per_capita":6009.85,"gap_per_capita":3870.91,"population":32583},"geometry":{"type":"Polygon","coordinates":[[[-76.3364,38.4922],[-76.29,38.5692],[-76.2312,38.614],[-76.1654,38.6102],[-76.0277,38.5724],[-75.8391,38.7041],[-75.7076,38.6353],[-75.8237,38.481],[-75.9286,38.2973],[-75.9445,38.2491],[-76.032,38.1874],[-76.0059,38.0772],[-76.0955,38.1251],[-76.1355,38.2322],[-76.2577,38.3249],[-76.2806,38.4031],[-76.3364,38.4922]]]}},{"type":"Feature","properties":{"cbsa":"42660","name":"Seattle-Tacoma-Bellevue, WA","is_metro":true,"region":"West","tax_per_capita":3573.13,"spend_per_capita":7401.45,"gap_per_capita":3828.32,"population":4032242},"geometry":{"type":"Polygon","coordinates":[[[-122.8529,47.2565],[-122.537,47.4034],[-122.4381,47.7778],[-122.3333,47.9332],[-122.4179,48.1706],[-122.4586,48.2977],[-121.5775,48.299],[-120.9074,48.1632],[-121.1533,48.0397],[-121.1808,47.8988],[-121.1192,47.7799],[-121.1216,47.6852],[-121.217,47.5698],[-121.4274,47.4207],[-121.4275,47.2891],[-121.3651,47.2246],[-121.2976,47.1486],[-121.3797,47.0875],[-121.4564,46.9236],[-121.4552,46.7838],[-121.8419,46.7285],[-122.2659,46.7655],[-122.4909,46.8675],[-122.5661,46.9442],[-122.7595,47.1413],[-122.8529,47.2565]]]}},{"type":"Feature","properties":{"cbsa":"22340","name":"Fitzgerald, GA","is_metro":false,"region":"South","tax_per_capita":1366.3,"spend_per_capita":7584.33,"gap_per_capita":6218.03,"population":17057},"geometry":{"type":"Polygon","coordinates":[[[-83.4802,31.8473],[-83.1775,31.8479],[-82.9957,31.781],[-83.1764,31.6784],[-83.3256,31.6806],[-83.4536,31.7579],[-83.4802,31.8473]]]}},{"type":"Feature","properties":{"cbsa":"40700","name":"Roseburg, OR","is_metro":false,"region":"West","tax_per_capita":1102.56,"spend_per_capita":4880.76,"gap_per_capita":3778.19,"population":112290},"geometry":{"type":"Polygon","coordinates":[[[-124.1935,43.7061],[-123.9463,43.8627],[-123.7038,43.9443],[-123.5292,43.8301],[-123.1373,43.7797],[-123.1077,43.54],[-122.7419,43.5176],[-122.132,43.4402],[-121.9742,43.2617],[-122.0938,43.0763],[-122.2827,42.9965],[-122.4602,42.9399],[-122.6772,42.8811],[-122.9512,42.7748],[-123.1522,42.7558],[-123.2743,42.732],[-123.5817,42.7399],[-123.7165,42.7841],[-123.8116,42.7888],[-123.8211,42.9653],[-123.7613,43.0832],[-123.7048,43.2577],[-123.7615,43.4223],[-123.8167,43.5164],[-123.8757,43.6084],[-124.1935,43.7061]]]}},{"type":"Feature","properties":{"cbsa":"14860","name":"Bridgeport-Stamford-Danbury, CT","is_metro":true,"region":"Northeast","tax_per_capita":4372.57,"spend_per_capita":6705.48,"gap_per_capita":2332.92,"population":949982},"geometry":{"type":"Polygon","coordinates":[[[-73.7278,41.1007],[-73.551,41.2954],[-73.5431,41.3768],[-73.5297,41.5272],[-73.52,41.6412],[-73.3821,41.6833],[-73.2978,41.4483],[-73.1833,41.3917],[-73.1556,41.2691],[-73.0868,41.2546],[-73.1012,41.1637],[-73.1303,41.1468],[-73.2027,41.1581],[-73.2698,41.1167],[-73.2972,41.1137],[-73.3723,41.104],[-73.3872,41.0582],[-73.4682,41.0513],[-73.562,41.0168],[-73.6573,40.9852],[-73.6595,41.0179],[-73.7278,41.1007]]]}},{"type":"Feature","properties":{"cbsa":"21220","name":"Elko, NV","is_metro":false,"region":"West","tax_per_capita":1732.64,"spend_per_capita":5618.62,"gap_per_capita":3885.98,"population":55842},"geometry":{"type":"Polygon","coordinates":[[[-117.0182,41.9998],[-116.3328,41.9973],[-115.6259,41.9974],[-115.0381,41.9986],[-114.5983,41.9945],[-114.2818,41.9942],[-114.0399,41.7538],[-114.0414,41.2078],[-114.0421,40.9999],[-114.0456,40.4958],[-114.0464,40.1169],[-115.2637,40.1225],[-115.8353,40.0174],[-115.8331,39.7294],[-115.8759,39.4657],[-116.6009,39.1615],[-116.6,40.0723],[-116.5968,40.9465],[-116.5868,41.0004],[-117.0182,41.9998]]]}},{"type":"Feature","properties":{"cbsa":"18180","name":"Concord, NH","is_metro":false,"region":"Northeast","tax_per_capita":3775.9,"spend_per_capita":4413.48,"gap_per_capita":637.57,"population":156459},"geometry":{"type":"Polygon","coordinates":[[[-72.0538,43.4411],[-71.9353,43.5289],[-71.8179,43.5442],[-71.7063,43.5376],[-71.55,43.4527],[-71.2473,43.2752],[-71.403,43.0411],[-71.5128,43.0496],[-71.6413,43.0542],[-71.8561,43.1151],[-72.0091,43.1879],[-72.0538,43.4411]]]}},{"type":"Feature","properties":{"cbsa":"24140","name":"Goldsboro, NC","is_metro":true,"region":"South","tax_per_capita":917.59,"spend_per_capita":3159.99,"gap_per_capita":2242.4,"population":117449},"geometry":{"type":"Polygon","coordinates":[[[-78.3066,35.2876],[-78.1549,35.4178],[-78.0486,35.5959],[-77.8579,35.5863],[-77.8267,35.4241],[-77.8187,35.3563],[-77.8922,35.1463],[-78.0846,35.1764],[-78.1735,35.2073],[-78.3066,35.2876]]]}},{"type":"Feature","properties":{"cbsa":"29660","name":"Laramie, WY","is_metro":false,"region":"West","tax_per_capita":1027.03,"spend_per_capita":4892.98,"gap_per_capita":3865.94,"population":38178},"geometry":{"type":"Polygon","coordinates":[[[-106.3229,41.3951],[-106.0749,42.0866],[-105.556,42.4306],[-105.6139,42.3045],[-105.3755,42.2901],[-105.2839,42.4314],[-105.2782,41.6567],[-105.2771,40.9982],[-106.2176,40.9977],[-106.3229,41.3951]]]}},{"type":"Feature","properties":{"cbsa":"29740","name":"Las Cruces, NM","is_metro":true,"region":"West","tax_per_capita":1522.68,"spend_per_capita":4249.73,"gap_per_capita":2727.06,"population":223530},"geometry":{"type":"Polygon","coordinates":[[[-107.2995,32.7802],[-106.8879,32.8228],[-106.3407,32.9584],[-106.3772,32.0012],[-106.6185,32.0005],[-106.6234,31.914],[-106.5813,31.8139],[-106.5317,31.7839],[-107.2968,31.7836],[-107.2995,32.7802]]]}},{"type":"Feature","properties":{"cbsa":"15780","name":"Camden, AR","is_metro":false,"region":"South","tax_per_capita":1093.66,"spend_per_capita":3807.92,"gap_per_capita":2714.25,"population":26681},"geometry":{"type":"Polygon","coordinates":[[[-93.1163,33.4529],[-93.0315,33.7698],[-92.8932,33.8101],[-92.3342,33.7951],[-92.3309,33.7077],[-92.3787,33.3148],[-92.3503,33.2988],[-92.5672,33.3672],[-92.9785,33.3771],[-93.1163,33.4529]]]}},{"type":"Feature","properties":{"cbsa":"16020","name":"Cape Girardeau, MO-IL","is_metro":true,"region":"Midwest","tax_per_capita":1693.22,"spend_per_capita":3301.42,"gap_per_capita":1608.19,"population":98303},"geometry":{"type":"Polygon","coordinates":[[[-90.2177,37.315],[-90.1468,37.5974],[-89.6728,37.5838],[-89.5018,37.5589],[-89.4712,37.4665],[-89.4282,37.3562],[-89.2486,37.3353],[-89.1666,37.0721],[-89.1329,36.9821],[-89.2576,37.0155],[-89.3595,37.0426],[-89.4561,37.1881],[-89.4829,37.261],[-89.7652,37.1261],[-89.9596,37.1274],[-90.1112,37.0412],[-90.2229,37.0865],[-90.2177,37.315]]]}},{"type":"Feature","properties":{"cbsa":"41940","name":"San Jose-Sunnyvale-Santa Clara, CA","is_metro":true,"region":"West","tax_per_capita":4569.29,"spend_per_capita":11222.02,"gap_per_capita":6652.72,"population":1945978},"geometry":{"type":"Polygon","coordinates":[[[-122.1904,37.4315],[-122.1877,37.4333],[-122.1833,37.4361],[-122.1823,37.4394],[-122.1797,37.4411],[-122.1757,37.4419],[-122.1717,37.4468],[-122.1689,37.4474],[-122.1672,37.451],[-122.1652,37.453],[-122.1628,37.4538],[-122.1595,37.4547],[-122.1557,37.4542],[-122.1544,37.4559],[-122.1518,37.4571],[-122.1475,37.4565],[-122.1449,37.4582],[-122.0597,37.4641],[-121.8701,37.4807],[-121.4726,37.4822],[-121.4591,37.2827],[-121.2823,37.1837],[-121.2459,36.983],[-121.2347,36.9269],[-120.9187,36.7404],[-120.5966,36.3285],[-120.7583,36.3086],[-120.7182,36.1968],[-120.8651,36.2926],[-121.0272,36.2599],[-121.1935,36.4458],[-121.3118,36.5027],[-121.3501,36.6484],[-121.4513,36.7248],[-121.644,36.894],[-121.5835,36.9193],[-121.7387,36.99],[-121.824,37.0876],[-122.0262,37.1669],[-122.1922,37.3191],[-122.1904,37.4315]]]}},{"type":"Feature","properties":{"cbsa":"16540","name":"Chambersburg, PA","is_metro":true,"region":"Northeast","tax_per_capita":1740.31,"spend_per_capita":3964.35,"gap_per_capita":2224.04,"population":156951},"geometry":{"type":"Polygon","coordinates":[[[-78.099,39.7225],[-77.921,40.0005],[-77.7683,40.2041],[-77.6718,40.2898],[-77.6147,40.1985],[-77.4541,39.9724],[-77.4591,39.7202],[-77.4693,39.7202],[-78.0759,39.7224],[-78.099,39.7225]]]}},{"type":"Feature","properties":{"cbsa":"23180","name":"Frankfort, KY","is_metro":false,"region":"South","tax_per_capita":1512.75,"spend_per_capita":3698.58,"gap_per_capita":2185.83,"population":75821},"geometry":{"type":"Polygon","coordinates":[[[-85.1692,37.9979],[-85.0478,38.0723],[-84.9989,38.275],[-84.9977,38.3356],[-84.8705,38.3568],[-84.7406,38.3524],[-84.7252,38.1954],[-84.8649,38.1169],[-84.8498,38.048],[-84.9331,37.9542],[-85.0582,37.8952],[-85.1528,37.8977],[-85.1692,37.9979]]]}},{"type":"Feature","properties":{"cbsa":"31020","name":"Longview-Kelso, WA","is_metro":true,"region":"West","tax_per_capita":1758.04,"spend_per_capita":6015.44,"gap_per_capita":4257.4,"population":112064},"geometry":{"type":"Polygon","coordinates":[[[-123.218,46.3856],[-122.2459,46.0539],[-122.4771,45.9881],[-122.7197,45.9333],[-122.7881,45.851],[-122.8115,45.9127],[-122.8562,46.0145],[-122.9627,46.1048],[-123.1159,46.1853],[-123.2125,46.1711],[-123.218,46.3856]]]}},{"type":"Feature","properties":{"cbsa":"15380","name":"Buffalo-Cheektowaga, NY","is_metro":true,"region":"Northeast","tax_per_capita":3196.09,"spend_per_capita":6789.03,"gap_per_capita":3592.94,"population":1158890},"geometry":{"type":"Polygon","coordinates":[[[-79.1114,42.6134],[-79.0489,42.6892],[-78.9048,42.7461],[-78.8657,42.8268],[-78.8826,42.8673],[-78.9092,42.9333],[-78.9618,42.9578],[-79.0054,43.0572],[-79.0196,43.0663],[-79.0602,43.1248],[-79.0529,43.2221],[-78.8341,43.3176],[-78.5474,43.3695],[-78.4664,43.3028],[-78.4655,43.1286],[-78.4644,42.8674],[-78.4633,42.7805],[-78.6959,42.4719],[-78.9917,42.5292],[-79.1078,42.57],[-79.1114,42.6134]]]}},{"type":"Feature","properties":{"cbsa":"37540","name":"Paris, TN","is_metro":false,"region":"South","tax_per_capita":870.7,"spend_per_capita":5846.4,"gap_per_capita":4975.7,"population":32382},"geometry":{"type":"Polygon","coordinates":[[[-88.5164,36.5015],[-88.4891,36.5013],[-88.0534,36.5],[-87.9909,36.3601],[-88.0832,36.2567],[-88.1022,36.2319],[-88.1369,36.2095],[-88.2126,36.1203],[-88.5303,36.152],[-88.5164,36.5015]]]}},{"type":"Feature","properties":{"cbsa":"20660","name":"Easton, MD","is_metro":false,"region":"South","tax_per_capita":3582.59,"spend_per_capita":5013.2,"gap_per_capita":1430.61,"population":37814},"geometry":{"type":"Polygon","coordinates":[[[-76.3797,38.7883],[-76.2716,38.8518],[-76.1911,38.8297],[-76.1035,38.8823],[-75.9493,38.9183],[-76.0144,38.7265],[-76.0277,38.5724],[-76.1752,38.6732],[-76.2387,38.7128],[-76.3224,38.6793],[-76.3405,38.7303],[-76.3797,38.7883]]]}},{"type":"Feature","properties":{"cbsa":"12540","name":"Bakersfield-Delano, CA","is_metro":true,"region":"West","tax_per_capita":1887.25,"spend_per_capita":10534.26,"gap_per_capita":8647.01,"population":916751},"geometry":{"type":"Polygon","coordinates":[[[-120.1944,35.7894],[-118.9185,35.7905],[-118.0081,35.7889],[-117.6343,35.7973],[-117.6343,35.6516],[-117.6313,35.4196],[-117.6322,34.8223],[-117.9167,34.8225],[-118.8804,34.7887],[-119.2425,34.8143],[-119.4437,34.9012],[-119.4726,35.0767],[-119.5538,35.1801],[-119.6666,35.2626],[-119.8092,35.3454],[-119.88,35.4391],[-120.0652,35.513],[-120.194,35.6144],[-120.1944,35.7894]]]}},{"type":"Feature","properties":{"cbsa":"34220","name":"Moultrie, GA","is_metro":false,"region":"South","tax_per_capita":1440.91,"spend_per_capita":8519.2,"gap_per_capita":7078.29,"population":45830},"geometry":{"type":"Polygon","coordinates":[[[-84.0139,31.1024],[-83.9994,31.335],[-83.7141,31.3184],[-83.5126,31.3274],[-83.5749,31.0781],[-83.7362,31.0377],[-84.0036,31.0773],[-84.0139,31.1024]]]}},{"type":"Feature","properties":{"cbsa":"21660","name":"Eugene-Springfield, OR","is_metro":true,"region":"West","tax_per_capita":1955.5,"spend_per_capita":5553.4,"gap_per_capita":3597.9,"population":382181},"geometry":{"type":"Polygon","coordinates":[[[-124.1503,43.9109],[-124.1111,44.2351],[-123.9616,44.2774],[-123.7756,44.2835],[-123.1804,44.2837],[-122.9058,44.2007],[-122.8655,44.2873],[-122.6468,44.2666],[-122.3846,44.2171],[-121.7994,44.2583],[-121.87,43.9117],[-121.9645,43.8082],[-121.9649,43.627],[-122.131,43.5573],[-122.7417,43.4374],[-122.7418,43.5447],[-123.1372,43.6059],[-123.3482,43.8092],[-123.619,43.9211],[-123.827,43.9448],[-124.1602,43.8637],[-124.1503,43.9109]]]}},{"type":"Feature","properties":{"cbsa":"28060","name":"Kalispell, MT","is_metro":false,"region":"West","tax_per_capita":1514.95,"spend_per_capita":3819.3,"gap_per_capita":2304.35,"population":111885},"geometry":{"type":"Polygon","coordinates":[[[-115.0201,48.226],[-114.8498,48.5735],[-114.8886,48.6588],[-114.6921,48.6846],[-114.7325,48.8098],[-114.7188,48.9387],[-114.7271,49.0006],[-114.376,49.0014],[-114.0682,48.9994],[-114.0581,48.889],[-113.8412,48.8559],[-113.7616,48.7733],[-113.7505,48.6143],[-113.5435,48.5869],[-113.4792,48.4531],[-113.333,48.3876],[-113.349,48.3103],[-113.2309,48.1704],[-112.8789,47.9757],[-113.0866,47.9182],[-113.1658,47.7198],[-113.3258,47.5955],[-113.6341,47.6],[-113.6406,47.72],[-113.6681,47.891],[-113.8423,47.9789],[-114.029,48.0517],[-114.0385,47.9626],[-114.4773,47.7899],[-114.6046,47.8756],[-115.0107,48.0176],[-115.0201,48.226]]]}},{"type":"Feature","properties":{"cbsa":"26340","name":"Houghton, MI","is_metro":false,"region":"Midwest","tax_per_capita":1112.58,"spend_per_capita":4929.44,"gap_per_capita":3816.86,"population":39315},"geometry":{"type":"MultiPolygon","coordinates":[[[[-88.9895,46.6801],[-88.8639,46.765],[-88.9334,47.0336],[-88.8891,47.1006],[-88.6997,47.2048],[-88.5129,47.2861],[-88.4187,47.3712],[-88.2178,47.4487],[-87.9293,47.4787],[-87.6801,47.4557],[-87.6047,47.3886],[-87.9416,47.3901],[-88.0165,47.3063],[-88.1942,47.2092],[-88.2399,47.1394],[-88.3856,47.0045],[-88.5522,46.9385],[-88.6789,46.8518],[-88.9912,46.4197],[-88.9895,46.6801]]],[[[-89.2213,47.9081],[-89.0183,47.9925],[-88.8937,48.0348],[-88.7282,48.1019],[-88.547,48.1749],[-88.4274,48.1668],[-88.5792,48.0408],[-88.8529,47.9653],[-89.0445,47.8558],[-89.2018,47.8502],[-89.2213,47.9081]]]]}},{"type":"Feature","properties":{"cbsa":"31140","name":"Louisville/Jefferson County, KY-IN","is_metro":true,"region":"Multi-region","tax_per_capita":1929.45,"spend_per_capita":5140.44,"gap_per_capita":3210.99,"population":1361300},"geometry":{"type":"Polygon","coordinates":[[[-86.4719,38.0462],[-86.4336,38.0871],[-86.3213,38.1474],[-86.255,38.4227],[-86.3087,38.6881],[-86.2753,38.7638],[-85.9011,38.7538],[-85.8856,38.5754],[-85.8479,38.5613],[-85.57,38.6062],[-85.4314,38.5863],[-85.433,38.5241],[-85.314,38.4926],[-85.1683,38.5854],[-84.9772,38.513],[-84.9122,38.4598],[-84.9063,38.3748],[-84.957,38.3323],[-85.0237,38.1291],[-85.1016,38.0373],[-85.1678,37.9718],[-85.2043,37.8465],[-85.4018,37.7307],[-85.4505,37.6859],[-85.6242,37.5406],[-85.6805,37.7323],[-85.7378,37.8118],[-85.8549,37.9454],[-85.9517,38.0149],[-85.9974,37.9912],[-86.0074,37.8184],[-86.2428,37.877],[-86.4719,38.0462]]]}},{"type":"Feature","properties":{"cbsa":"38860","name":"Portland-South Portland, ME","is_metro":true,"region":"Northeast","tax_per_capita":2887.78,"spend_per_capita":4434.98,"gap_per_capita":1547.2,"population":563159},"geometry":{"type":"Polygon","coordinates":[[[-70.9873,43.793],[-70.783,43.8141],[-70.7154,43.9618],[-70.8481,44.0495],[-70.8218,44.0771],[-70.5873,44.1225],[-70.5815,44.0182],[-70.3639,43.9864],[-70.1159,43.9067],[-70.0518,43.991],[-69.8978,44.1077],[-69.7636,44.1532],[-69.8135,44.026],[-69.7433,43.8939],[-69.7171,43.7924],[-69.8074,43.7281],[-69.8551,43.7047],[-69.8874,43.7666],[-69.9837,43.7444],[-70.0713,43.7138],[-70.1682,43.6751],[-70.2171,43.5967],[-70.2455,43.5396],[-70.3387,43.5281],[-70.3856,43.487],[-70.384,43.4129],[-70.466,43.3402],[-70.5539,43.3219],[-70.5758,43.2219],[-70.6225,43.1346],[-70.7038,43.0598],[-70.8195,43.1232],[-70.8248,43.1797],[-70.8726,43.2702],[-70.9843,43.3761],[-70.9548,43.5098],[-70.9727,43.5703],[-70.9873,43.793]]]}},{"type":"Feature","properties":{"cbsa":"27020","name":"Iron Mountain, MI-WI","is_metro":false,"region":"Midwest","tax_per_capita":1600.18,"spend_per_capita":9086.79,"gap_per_capita":7486.61,"population":30649},"geometry":{"type":"Polygon","coordinates":[[[-88.6791,46.0135],[-88.6131,45.9906],[-88.5267,46.0208],[-88.3802,45.9917],[-88.2463,45.963],[-88.1169,45.9228],[-87.6156,46.2467],[-87.6174,45.8988],[-87.6972,45.723],[-87.8798,45.7548],[-87.9959,45.7954],[-88.057,45.785],[-88.4253,45.7224],[-88.6832,46.0145],[-88.6791,46.0135]]]}},{"type":"Feature","properties":{"cbsa":"21640","name":"Eufaula, AL-GA","is_metro":false,"region":"South","tax_per_capita":1079.57,"spend_per_capita":5434.77,"gap_per_capita":4355.21,"population":26959},"geometry":{"type":"Polygon","coordinates":[[[-85.7357,31.6245],[-85.6577,31.8803],[-85.4285,32.015],[-85.2577,32.1483],[-85.0514,32.0623],[-85.042,31.9757],[-84.907,31.9245],[-84.9586,31.7779],[-85.1292,31.7803],[-85.2161,31.7024],[-85.4164,31.6195],[-85.7357,31.6245]]]}},{"type":"Feature","properties":{"cbsa":"28860","name":"Kirksville, MO","is_metro":false,"region":"Midwest","tax_per_capita":1652.98,"spend_per_capita":3678.12,"gap_per_capita":2025.14,"population":29151},"geometry":{"type":"Polygon","coordinates":[[[-92.8556,40.3427],[-92.7093,40.4459],[-92.7146,40.5896],[-92.6379,40.591],[-92.3508,40.5973],[-92.3478,40.3028],[-92.8475,40.0373],[-92.8556,40.3427]]]}},{"type":"Feature","properties":{"cbsa":"20260","name":"Duluth, MN-WI","is_metro":true,"region":"Midwest","tax_per_capita":1879.7,"spend_per_capita":7185.4,"gap_per_capita":5305.7,"population":280328},"geometry":{"type":"Polygon","coordinates":[[[-93.0885,48.6268],[-92.8947,48.5949],[-92.6349,48.5429],[-92.6571,48.4669],[-92.5149,48.4483],[-92.4699,48.3518],[-92.3692,48.2203],[-92.2957,48.2781],[-92.2623,48.3549],[-92.0552,48.3592],[-91.9808,48.2478],[-91.7973,48.2058],[-91.7944,46.9425],[-91.9065,46.8912],[-92.0621,46.804],[-91.9619,46.6825],[-91.82,46.6902],[-91.5743,46.7575],[-91.5519,46.7481],[-92.0496,46.1576],[-92.2936,46.244],[-93.0548,46.4193],[-93.0627,46.5933],[-93.0613,46.7666],[-93.0696,47.4002],[-93.0809,47.8919],[-93.0885,48.6268]]]}},{"type":"Feature","properties":{"cbsa":"24180","name":"Granbury, TX","is_metro":false,"region":"South","tax_per_capita":2134.53,"spend_per_capita":2950.07,"gap_per_capita":815.54,"population":66394},"geometry":{"type":"Polygon","coordinates":[[[-98.0668,32.5588],[-97.617,32.5555],[-97.6157,32.3186],[-97.7828,32.3165],[-97.9456,32.2335],[-98.0685,32.5116],[-98.0668,32.5588]]]}},{"type":"Feature","properties":{"cbsa":"15820","name":"Campbellsville, KY","is_metro":false,"region":"South","tax_per_capita":965.44,"spend_per_capita":5928.31,"gap_per_capita":4962.87,"population":37788},"geometry":{"type":"Polygon","coordinates":[[[-85.6973,37.3018],[-85.6342,37.4718],[-85.4988,37.483],[-85.3404,37.4695],[-85.1287,37.4532],[-85.1312,37.3843],[-85.1925,37.2721],[-85.3528,37.1924],[-85.5269,37.1095],[-85.6865,37.1824],[-85.6973,37.3018]]]}},{"type":"Feature","properties":{"cbsa":"17820","name":"Colorado Springs, CO","is_metro":true,"region":"West","tax_per_capita":2123.27,"spend_per_capita":4415.85,"gap_per_capita":2292.58,"population":765456},"geometry":{"type":"Polygon","coordinates":[[[-105.3294,39.1295],[-104.6625,39.1295],[-104.0516,39.1281],[-104.0543,38.5224],[-104.9415,38.5196],[-105.2399,38.6475],[-105.329,38.6976],[-105.3294,39.1295]]]}},{"type":"Feature","properties":{"cbsa":"24300","name":"Grand Junction, CO","is_metro":true,"region":"West","tax_per_capita":2017.78,"spend_per_capita":4588.53,"gap_per_capita":2570.76,"population":158531},"geometry":{"type":"Polygon","coordinates":[[[-109.06,38.5],[-109.0512,39.3667],[-107.4309,39.3662],[-107.3945,39.2563],[-107.5006,39.2179],[-107.7655,39.0433],[-107.9822,39.0599],[-108.1403,38.9088],[-108.3787,38.6681],[-109.06,38.5]]]}},{"type":"Feature","properties":{"cbsa":"42100","name":"Santa Cruz-Watsonville, CA","is_metro":true,"region":"West","tax_per_capita":3026.21,"spend_per_capita":9153.79,"gap_per_capita":6127.58,"population":264240},"geometry":{"type":"Polygon","coordinates":[[[-122.3177,37.1869],[-122.1523,37.2861],[-121.9662,37.1357],[-121.7261,37.0213],[-121.6962,36.9806],[-121.5814,36.8992],[-121.6558,36.9131],[-121.7575,36.9],[-121.8127,36.85],[-121.9065,36.9689],[-122.0272,36.9511],[-122.2062,37.0139],[-122.2849,37.1017],[-122.3177,37.1869]]]}},{"type":"Feature","properties":{"cbsa":"34680","name":"Murrells Inlet, SC","is_metro":false,"region":"South","tax_per_capita":2109.31,"spend_per_capita":4190.4,"gap_per_capita":2081.09,"population":64669},"geometry":{"type":"Polygon","coordinates":[[[-79.6774,33.3364],[-79.4357,33.5727],[-79.317,33.7799],[-79.1903,33.7058],[-79.1011,33.573],[-79.0285,33.5334],[-79.1354,33.4039],[-79.1806,33.238],[-79.2155,33.1556],[-79.2694,33.1369],[-79.4467,33.2135],[-79.677,33.3049],[-79.6774,33.3364]]]}}]}